id,title,type,release_year,runtime,genres,production_countries,imdb_score,imdb_votes,tmdb_popularity,tmdb_score
tm84618,Taxi Driver,MOVIE,1976,114,"drama, crime",US,8.2,808582.0,40.965,8.179
tm154986,Deliverance,MOVIE,1972,109,"drama, action, thriller, european",US,7.7,107673.0,10.01,7.3
tm127384,Monty Python and the Holy Grail,MOVIE,1975,91,"fantasy, action, comedy",GB,8.2,534486.0,15.461,7.811
tm120801,The Dirty Dozen,MOVIE,1967,150,"war, action","GB, US",7.7,72662.0,20.398,7.6
ts22164,Monty Python's Flying Circus,SHOW,1969,30,"comedy, european",GB,8.8,73424.0,17.617,8.306
tm70993,Life of Brian,MOVIE,1979,94,comedy,GB,8.0,395024.0,17.77,7.8
tm14873,Dirty Harry,MOVIE,1971,102,"thriller, action, crime",US,7.7,155051.0,12.817,7.5
tm119281,Bonnie and Clyde,MOVIE,1967,110,"crime, drama, action",US,7.7,112048.0,15.687,7.5
tm98978,The Blue Lagoon,MOVIE,1980,104,"romance, action, drama",US,5.8,69844.0,50.324,6.156
tm44204,The Guns of Navarone,MOVIE,1961,158,"action, drama, war","GB, US",7.5,50748.0,13.844,7.3
tm67378,The Professionals,MOVIE,1966,117,"western, action, european",US,7.3,16446.0,13.123,7.1
tm69997,Richard Pryor: Live in Concert,MOVIE,1979,78,"comedy, documentation",US,8.1,5141.0,4.718,7.5
tm16479,White Christmas,MOVIE,1954,115,"romance, comedy",US,7.5,42488.0,8.915,7.2
tm135083,Cairo Station,MOVIE,1958,77,"drama, crime, comedy",EG,7.5,4471.0,5.546,7.3
tm89386,Hitler: A Career,MOVIE,1977,150,"history, documentation, european",DE,7.5,2460.0,4.305,7.3
tm156453,FTA,MOVIE,1972,97,"war, documentation, music, comedy",US,6.2,418.0,1.268,6.1
tm14350,Alexandria… Why?,MOVIE,1979,133,drama,EG,7.2,1727.0,1.37,6.0
tm81728,The Land,MOVIE,1969,129,drama,EG,8.1,1958.0,1.265,8.5
tm94651,Dostana,MOVIE,1980,161,"drama, comedy, crime, romance, action",IN,2.1,25.0,3.98,4.9
tm27298,Saladin the Victorious,MOVIE,1963,186,"action, drama, war, history, romance",EG,7.6,2508.0,4.156,7.1
tm100027,Alibaba Aur 40 Chor,MOVIE,1979,146,"drama, romance, action, fantasy, family","SU, IN",6.2,565.0,2.582,6.8
tm19608,The Blazing Sun,MOVIE,1954,100,"crime, romance, drama",EG,7.4,1219.0,2.184,7.0
tm204541,Dark Waters,MOVIE,1956,120,"action, drama, romance, thriller",EG,6.7,610.0,0.849,5.9
tm259855,We Are All for the Fatherland,MOVIE,1979,74,documentation,"LB, CA, FR",6.1,47.0,0.6,5.2
tm356209,Singapore,MOVIE,1960,158,"drama, thriller, crime",IN,6.4,84.0,0.792,6.3
ts45948,Monty Python's Fliegender Zirkus,SHOW,1972,43,comedy,,8.1,2151.0,1.487,7.0
tm200475,"Beirut, Oh Beirut",MOVIE,1975,110,drama,LB,6.4,108.0,1.025,7.2
tm90896,The Return of the Prodigal Son,MOVIE,1976,124,"music, drama, crime","DZ, EG",7.2,780.0,1.858,5.3
tm336403,Khoon Khoon,MOVIE,1973,131,"crime, thriller",IN,5.1,41.0,1.948,3.8
tm107372,Manoranjan,MOVIE,1974,162,"romance, drama, comedy",IN,6.5,237.0,1.532,5.3
tm358653,Ujala,MOVIE,1959,142,"romance, crime, drama",IN,6.6,78.0,0.84,6.0
tm259684,Whispers,MOVIE,1980,93,documentation,"CA, FR, LB",7.8,78.0,0.6,5.0
tm403346,Chadi Jawani Budhe Nu,MOVIE,1976,135,romance,IN,4.6,14.0,0.62,6.0
tm16812,Bandie,MOVIE,1978,141,"drama, action, romance",IN,4.4,35.0,1.166,6.0
ts20681,Seinfeld,SHOW,1989,24,comedy,US,8.9,308824.0,130.213,8.301
tm155787,GoodFellas,MOVIE,1990,145,"drama, crime",US,8.7,1131681.0,50.387,8.463
tm22327,Full Metal Jacket,MOVIE,1987,117,"war, drama","US, GB",8.3,729274.0,32.937,8.1
tm180542,Once Upon a Time in America,MOVIE,1984,139,"crime, drama, european","US, IT",8.3,345714.0,28.937,8.453
tm138875,When Harry Met Sally...,MOVIE,1989,96,"comedy, romance, drama",US,7.7,216199.0,15.123,7.4
tm2386,A Nightmare on Elm Street,MOVIE,1984,91,horror,"GB, US",7.4,234068.0,48.358,7.3
tm133087,Steel Magnolias,MOVIE,1989,119,"comedy, drama, romance",US,7.3,54946.0,11.69,7.2
tm177480,Police Academy,MOVIE,1984,97,"crime, comedy",US,6.7,124881.0,25.533,6.6
tm54450,Christine,MOVIE,1983,110,"horror, thriller, european",US,6.7,81922.0,23.418,6.8
ts22082,Knight Rider,SHOW,1982,51,"scifi, action, crime, drama",US,6.9,34115.0,50.267,7.5
ts21715,Thomas & Friends,SHOW,1984,10,"animation, family, comedy, fantasy, drama, action, music",GB,6.5,5104.0,42.196,6.5
ts20678,Saved by the Bell,SHOW,1989,23,"family, comedy, romance",US,7.1,35034.0,19.855,8.0
tm145608,Awakenings,MOVIE,1990,120,"drama, european",US,7.8,139240.0,12.23,7.8
ts25028,Wheel of Fortune,SHOW,1983,26,family,US,6.7,3145.0,5.935,6.8
tm147710,National Lampoon's Christmas Vacation,MOVIE,1989,97,"comedy, european",US,7.5,185760.0,18.862,7.2
tm142895,Lean On Me,MOVIE,1989,105,drama,US,7.4,20680.0,19.449,7.3
tm20712,Eddie Murphy Raw,MOVIE,1987,90,"comedy, documentation",US,7.6,19757.0,7.992,7.3
tm117580,She's Gotta Have It,MOVIE,1986,84,"romance, comedy",US,6.7,14472.0,7.416,6.707
ts23753,Major Dad,SHOW,1989,24,"comedy, family",US,6.5,2922.0,9.849,6.5
tm130586,Endless Love,MOVIE,1981,116,"romance, drama",US,4.9,8524.0,19.116,5.7
ts987,Danger Mouse,SHOW,1981,14,"animation, comedy, family, scifi, european",GB,7.4,3545.0,8.55,7.5
tm40103,Mobile Suit Gundam: Char's Counterattack,MOVIE,1988,119,"scifi, animation, action, drama, war",JP,7.3,1693.0,8.092,6.7
tm125985,Mobile Suit Gundam II: Soldiers of Sorrow,MOVIE,1981,133,"animation, scifi, action, drama, war",JP,7.2,1274.0,13.125,7.2
ts2760,Fireman Sam,SHOW,1987,10,"animation, comedy, family, crime, european",GB,6.1,1785.0,37.647,7.2
tm21953,Sam Kinison: Breaking the Rules,MOVIE,1987,50,"comedy, documentation",US,7.2,660.0,1.843,7.2
tm126769,Waiting for the Hearse,MOVIE,1985,87,comedy,AR,8.0,6399.0,7.81,8.1
tm152839,Tim Allen: Men Are Pigs,MOVIE,1990,30,"comedy, documentation",US,6.1,360.0,2.482,6.3
tm49037,Mobile Suit Gundam III: Encounters in Space,MOVIE,1982,144,"action, drama, war, animation, scifi",JP,7.6,1236.0,12.741,7.5
tm62924,Monty Python Live at the Hollywood Bowl,MOVIE,1982,81,"comedy, documentation",GB,7.9,15230.0,6.833,7.4
tm52815,Disco Dancer,MOVIE,1982,106,"drama, romance",IN,6.4,1476.0,7.879,5.3
tm159912,Agneepath,MOVIE,1990,174,"drama, action, crime",IN,7.6,8947.0,4.062,6.5
tm133914,Parrot Sketch Not Included: Twenty Years of Monty Python,MOVIE,1989,72,comedy,GB,8.1,1522.0,1.801,6.9
tm38736,Too Young The Hero,MOVIE,1988,100,"drama, war",US,6.7,502.0,1.485,6.2
tm51083,A Stoning in Fulham County,MOVIE,1988,120,"thriller, crime, drama",US,5.9,387.0,1.01,5.8
tm137013,The Ryan White Story,MOVIE,1989,102,drama,US,7.2,863.0,1.981,5.9
tm157603,Dil,MOVIE,1990,172,"drama, comedy, romance",IN,6.6,5316.0,3.992,6.5
tm258072,Adam: His Song Continues,MOVIE,1986,100,"crime, drama",US,7.0,212.0,1.603,7.0
tm114356,The George McKenna Story,MOVIE,1988,100,drama,US,6.0,921.0,2.296,6.1
tm157853,In Defense of a Married Man,MOVIE,1990,94,"drama, crime",US,5.6,207.0,2.444,4.9
tm446654,Mujrim,MOVIE,1989,162,"drama, action, crime",IN,5.4,197.0,1.418,6.0
tm348735,Aakhri Adaalat,MOVIE,1988,148,"action, crime, thriller",IN,5.1,92.0,1.374,5.0
tm151332,"Alexandria, Again and Forever",MOVIE,1989,105,drama,"FR, EG",6.5,658.0,0.817,5.3
tm24110,Strange Voices,MOVIE,1987,100,drama,US,6.3,360.0,2.76,6.8
tm371359,Jaal,MOVIE,1986,159,"action, drama, thriller",IN,5.2,125.0,3.366,5.0
tm55091,Quiet Victory: The Charlie Wedemeyer Story,MOVIE,1988,100,drama,US,7.2,144.0,2.246,8.0
tm172482,Sohni Mahiwal,MOVIE,1984,160,"romance, drama, action",IN,6.1,297.0,6.052,5.8
tm419052,Ek Jaan Hain Hum,MOVIE,1983,151,"family, romance",IN,6.3,70.0,0.986,7.0
tm47673,An Egyptian Story,MOVIE,1982,129,"drama, fantasy",EG,7.3,1126.0,1.77,6.7
tm52274,The Little Wars,MOVIE,1982,108,"war, drama, european","FR, LB",6.3,152.0,1.956,5.5
tm147829,Unspeakable Acts,MOVIE,1990,100,drama,US,6.1,464.0,2.075,5.3
ts20981,Survivor,SHOW,2000,48,reality,US,7.4,24687.0,54.19,7.4
tm107744,Mission: Impossible,MOVIE,1996,110,"thriller, action",US,7.1,420673.0,41.115,6.9
ts22176,Stargate SG-1,SHOW,1997,44,"scifi, drama, action","CA, US",8.4,90196.0,88.851,8.3
tm15897,Se7en,MOVIE,1995,127,"crime, thriller, drama",US,8.6,1606270.0,51.633,8.352
ts21223,Pokémon,SHOW,1997,22,"action, scifi, animation, comedy, fantasy, family",JP,7.4,198.0,115.356,7.633
tm191013,Boogie Nights,MOVIE,1997,156,drama,US,7.9,261563.0,20.436,7.6
tm122434,Forrest Gump,MOVIE,1994,142,"drama, romance",US,8.8,2021343.0,63.449,8.478
tm25947,Snatch,MOVIE,2000,103,"crime, comedy","US, GB",8.3,841435.0,25.203,7.8
tm43808,The Talented Mr. Ripley,MOVIE,1999,139,"thriller, drama, crime",US,7.4,207524.0,13.78,7.2
ts20339,One Piece,SHOW,1999,23,"animation, action, comedy, drama, fantasy",JP,8.8,117129.0,143.457,8.764
ts5145,The Challenge,SHOW,1998,40,"reality, comedy, drama, scifi",US,7.8,3362.0,18.075,7.7
tm191110,Titanic,MOVIE,1997,194,"drama, romance",US,7.9,1146825.0,155.683,7.878
ts34435,Cowboy Bebop,SHOW,1998,25,"animation, action, scifi, western, comedy, drama, thriller",JP,8.9,115448.0,35.402,8.522
tm192037,Starship Troopers,MOVIE,1997,129,"scifi, action, thriller",US,7.3,291452.0,29.5,6.993
tm27395,Mission: Impossible II,MOVIE,2000,123,"thriller, action",US,6.1,337987.0,29.392,6.1
tm113513,Dumb and Dumber,MOVIE,1994,107,comedy,US,7.3,379999.0,31.852,6.6
ts20983,Neon Genesis Evangelion,SHOW,1995,24,"drama, scifi, animation, action, fantasy, thriller",JP,8.5,66629.0,49.27,8.637
tm192405,Gattaca,MOVIE,1997,106,"scifi, thriller, romance, drama",US,7.8,300701.0,17.789,7.553
tm116655,Léon: The Professional,MOVIE,1994,111,"crime, drama, action, thriller, european","US, FR",8.5,1137357.0,51.406,8.323
ts21567,Gilmore Girls,SHOW,2000,46,"comedy, drama",US,8.2,121462.0,58.578,7.827
tm116488,Natural Born Killers,MOVIE,1994,118,"thriller, drama, crime, action",US,7.3,11.0,21.933,7.1
tm11556,The Quick and the Dead,MOVIE,1995,107,"action, thriller, western, romance","JP, US",6.5,93767.0,13.056,6.5
tm56574,You've Got Mail,MOVIE,1998,119,"comedy, romance, drama",US,6.7,211635.0,21.724,6.643
ts20960,Power Rangers,SHOW,1993,22,"action, scifi, fantasy, family",US,6.5,22110.0,19.699,6.8
tm53991,Big Daddy,MOVIE,1999,93,"drama, comedy, european",US,6.4,215053.0,26.848,6.45
tm49178,Vampires,MOVIE,1998,104,"fantasy, action, horror, thriller",US,6.1,58670.0,10.108,6.3
ts25252,Yu-Gi-Oh!,SHOW,1998,22,"scifi, action, family, fantasy, animation, comedy, drama",JP,7.3,21113.0,33.504,7.358
tm191989,Donnie Brasco,MOVIE,1997,127,"drama, thriller, crime",US,7.7,303868.0,22.225,7.5
ts22193,The Magic School Bus,SHOW,1994,26,"animation, scifi, comedy, family, fantasy","CA, US",7.8,9829.0,16.83,7.8
ts22489,Goosebumps,SHOW,1995,22,"scifi, thriller, family, fantasy, horror, music","US, CA",7.6,13493.0,63.687,7.9
ts21034,InuYasha,SHOW,2000,25,"scifi, action, fantasy, romance, animation, comedy, drama",JP,7.9,15823.0,62.355,8.6
tm121879,A River Runs Through It,MOVIE,1992,123,drama,US,7.2,59854.0,19.58,7.1
tm44402,"Girl, Interrupted",MOVIE,1999,127,"drama, european","DE, US",7.3,183154.0,20.424,7.6
tm187187,Last Action Hero,MOVIE,1993,131,"action, fantasy, comedy, family",US,6.4,150498.0,22.196,6.379
ts16919,All That,SHOW,1994,22,"comedy, family, music",US,7.5,7718.0,6.688,8.4
tm6859,My Girl,MOVIE,1991,103,"drama, family, romance, comedy, european",US,6.9,80590.0,20.545,7.4
tm118238,Wyatt Earp,MOVIE,1994,191,"western, crime, action, drama",US,6.7,50774.0,14.677,6.751
tm111163,Eraser,MOVIE,1996,115,"thriller, action, drama, crime","US, CA",6.1,110921.0,19.437,6.0
tm190835,Neon Genesis Evangelion: The End of Evangelion,MOVIE,1997,87,"action, drama, animation, scifi, fantasy",JP,8.0,53152.0,32.569,8.4
tm192769,Vegas Vacation,MOVIE,1997,94,comedy,US,5.9,49377.0,12.537,6.1
tm187791,In the Line of Fire,MOVIE,1993,128,"drama, thriller, crime, action",US,7.2,102916.0,19.8,6.973
tm113576,Little Women,MOVIE,1994,115,"drama, romance, family",US,7.3,58178.0,13.683,7.314
tm65686,U.S. Marshals,MOVIE,1998,131,"thriller, crime, action",US,6.5,105286.0,24.205,6.5
ts8570,Barney & Friends,SHOW,1992,28,"comedy, family",US,3.8,9624.0,14.641,4.9
tm191387,Anaconda,MOVIE,1997,89,"horror, thriller, action","PE, US, BR",4.8,104213.0,34.405,5.1
ts27693,Kenan & Kel,SHOW,1996,25,"family, comedy",US,7.8,15620.0,33.544,8.3
tm19494,The Replacements,MOVIE,2000,118,"comedy, sport",US,6.6,64771.0,30.982,6.6
tm191772,Seven Years in Tibet,MOVIE,1997,136,"action, drama, history, war",US,7.1,142903.0,13.766,7.2
tm12499,The Net,MOVIE,1995,114,"thriller, action, crime, drama",US,5.9,66667.0,15.935,6.0
tm186589,Cliffhanger,MOVIE,1993,112,"action, thriller, comedy, animation","IT, US, FR",6.5,128972.0,27.78,6.5
tm189764,Menace II Society,MOVIE,1993,97,"drama, crime, thriller",US,7.5,58179.0,13.928,7.542
tm10739,Johnny Mnemonic,MOVIE,1995,97,"action, drama, scifi, thriller","CA, US",5.6,71563.0,10.75,5.7
tm1822,3 Ninjas Kick Back,MOVIE,1994,93,"comedy, family, action, sport","JP, US",4.5,9321.0,12.603,5.5
tm55369,Edge of Seventeen,MOVIE,1998,104,"romance, drama, comedy",US,6.8,6549.0,6.276,6.5
tm192431,The Devil's Own,MOVIE,1997,107,"crime, thriller, drama, action, european",US,6.2,65323.0,12.863,6.1
ts22286,Cardcaptor Sakura,SHOW,1998,25,"scifi, animation, action, comedy, drama, family, fantasy, romance",JP,8.0,5008.0,35.757,8.7
tm192199,Spawn,MOVIE,1997,96,"scifi, action, drama, horror",US,5.2,68184.0,16.989,5.343
ts11397,Adventures of Sonic the Hedgehog,SHOW,1993,22,"scifi, animation, action, comedy, family, fantasy, western",US,6.2,3902.0,13.313,6.3
tm56033,Croupier,MOVIE,1998,94,"drama, european, crime","IE, GB, DE, FR",7.0,21599.0,8.381,6.8
ts21581,Girlfriends,SHOW,2000,21,"drama, comedy",US,7.2,4528.0,12.163,7.7
tm117488,The Next Karate Kid,MOVIE,1994,107,"action, drama, family, sport, romance",US,4.5,30422.0,20.185,5.318
tm190811,Geronimo: An American Legend,MOVIE,1993,115,"western, history, drama",US,6.5,11709.0,8.136,6.3
tm191431,Double Team,MOVIE,1997,93,"action, scifi, comedy, thriller","HK, US",4.8,34396.0,14.599,5.1
tm10811,Heavy,MOVIE,1995,105,"drama, romance",US,6.8,5047.0,3.308,6.8
tm49839,The Players Club,MOVIE,1998,104,"comedy, drama",US,5.9,6676.0,9.25,6.3
ts20918,The Parkers,SHOW,1999,19,comedy,US,6.8,2377.0,5.745,8.1
ts21693,"Sister, Sister",SHOW,1994,22,"comedy, drama, family",US,6.2,12657.0,21.489,7.5
ts20939,Moesha,SHOW,1996,21,"drama, comedy, family",US,5.8,3747.0,10.901,7.0
ts21684,Heartbreak High,SHOW,1994,45,"drama, romance, comedy",AU,7.8,3139.0,7.222,7.3
ts22080,Oggy and the Cockroaches,SHOW,1999,9,"animation, comedy, family, action, european",FR,7.4,4281.0,40.189,7.5
tm67635,Kuch Kuch Hota Hai,MOVIE,1998,185,"romance, comedy, drama",IN,7.6,52036.0,12.35,7.7
tm320211,Children of God,MOVIE,1994,63,documentation,GB,6.3,612.0,0.685,6.4
tm7073,Knight Rider 2000,MOVIE,1991,91,"action, scifi",US,4.5,3207.0,7.945,5.1
ts28516,Okupas,SHOW,2000,40,"drama, crime",AR,9.0,2399.0,8.565,8.8
tm117873,Hum Aapke Hain Koun..!,MOVIE,1994,206,"drama, romance, comedy",IN,7.5,21123.0,6.314,6.5
tm55100,Dil Se..,MOVIE,1998,163,"drama, romance",IN,7.5,28586.0,7.811,6.8
tm64817,Jerry Seinfeld: I'm Telling You for the Last Time,MOVIE,1998,75,"comedy, documentation",US,7.9,5879.0,5.822,7.6
ts22039,H,SHOW,1998,25,comedy,FR,7.4,1727.0,7.905,7.6
tm188606,Sankofa,MOVIE,1993,124,"drama, european","DE, GH, GB, US, BF",7.0,692.0,1.858,6.5
tm41525,Herod's Law,MOVIE,1999,123,"comedy, crime, thriller",MX,7.8,6035.0,10.506,7.9
tm189171,Wild Tango,MOVIE,1993,124,"drama, music, romance","ES, AR",6.7,1584.0,5.092,6.1
tm63514,The Last Days,MOVIE,1998,87,"drama, history, war, documentation",US,7.9,4378.0,3.766,7.8
tm21911,Sam Kinison: Live in Vegas,MOVIE,1991,72,"comedy, music, documentation",US,6.6,276.0,0.656,6.0
tm188970,Bill Hicks: Revelations,MOVIE,1993,74,"comedy, documentation",GB,8.5,3098.0,3.784,8.1
tm12876,Bombay,MOVIE,1995,141,"drama, romance",IN,8.1,12629.0,4.99,7.2
tm62176,Mann,MOVIE,1999,174,"drama, romance",IN,6.1,5451.0,2.595,6.7
tm52871,Soldier,MOVIE,1998,156,"thriller, action, drama, romance",IN,6.2,3063.0,3.623,5.7
tm104933,Sinbad: Son of a Preacher Man,MOVIE,1996,56,"comedy, documentation",US,6.8,116.0,1.536,5.8
tm184326,Damini,MOVIE,1993,175,"drama, crime",IN,7.8,3523.0,3.328,7.3
tm62385,Hum Saath Saath Hain,MOVIE,1999,177,"romance, family, fantasy, drama",IN,6.2,8552.0,7.865,6.0
tm191614,Destiny,MOVIE,1997,136,"drama, history, comedy, romance","FR, EG",7.1,2857.0,3.287,6.7
tm110766,Chronicle of a Disappearance,MOVIE,1996,88,drama,"PS, US, FR, DE",6.9,733.0,2.099,6.7
tm9898,Muthu,MOVIE,1995,165,"comedy, drama, action, romance",IN,7.6,3056.0,3.576,6.9
tm47530,Jeans,MOVIE,1998,175,"comedy, drama, romance",IN,6.4,3604.0,3.393,6.5
tm57169,Monty Python: Live at Aspen,MOVIE,1998,58,"comedy, documentation","GB, US",7.8,1096.0,2.681,6.9
tm192301,Minsara Kanavu,MOVIE,1997,145,"comedy, romance, drama",IN,6.7,1226.0,2.316,6.6
tm58893,Duplicate,MOVIE,1998,165,"comedy, action, crime, thriller",IN,5.5,7618.0,4.112,6.0
tm110160,Avvai Shanmugi,MOVIE,1996,160,"drama, comedy",IN,7.9,2586.0,2.828,7.5
tm118438,Anjaam,MOVIE,1994,137,"romance, crime, thriller, drama",IN,6.6,6532.0,3.806,7.1
tm424630,A Triumph of the Heart: The Ricky Bell Story,MOVIE,1991,100,"drama, sport",US,7.2,250.0,1.533,5.1
tm27601,Phir Bhi Dil Hai Hindustani,MOVIE,2000,160,"comedy, romance, drama",IN,6.1,7610.0,7.778,6.6
tm203186,Children of Shatila,MOVIE,1999,50,"documentation, history",LB,8.1,78.0,1.635,6.7
tm7951,Tim Allen: Rewires America,MOVIE,1991,30,"comedy, documentation",US,6.0,198.0,2.297,7.0
tm52083,West Beirut,MOVIE,1998,105,"romance, drama, comedy, war, european","FR, NO, LB, BE",7.6,4221.0,3.308,7.3
tm340430,Govindha Govindha,MOVIE,1993,145,"drama, action, crime",IN,6.6,356.0,1.248,4.0
tm7032,Out of Life,MOVIE,1991,97,"drama, war, crime, european","BE, FR, IT, LB",6.9,376.0,2.481,6.2
tm256669,Gumrah,MOVIE,1993,149,"drama, action, crime, thriller",IN,6.1,795.0,1.763,6.7
tm64729,Sinbad: Nothin' but the Funk,MOVIE,1998,56,"comedy, documentation",US,6.3,65.0,1.83,5.2
tm184224,Sinbad: Afros and Bellbottoms,MOVIE,1993,60,"comedy, documentation",US,7.8,172.0,3.793,5.5
tm25389,Fiza,MOVIE,2000,170,"romance, action, crime, drama, thriller",IN,6.0,4213.0,2.835,6.3
tm34391,Before the Flying Circus,MOVIE,2000,55,"comedy, documentation",GB,7.3,168.0,1.444,8.5
tm44776,The Other,MOVIE,1999,106,"romance, european, drama","FR, EG",5.9,997.0,1.12,5.9
tm334788,Yodha,MOVIE,1991,142,"action, drama",IN,4.5,198.0,1.554,5.0
tm117840,The Emigrant,MOVIE,1994,129,drama,"FR, EG",6.5,1015.0,1.4,6.0
tm42397,Hello Brother,MOVIE,1999,131,"comedy, romance, fantasy, action",IN,4.6,4262.0,4.338,5.3
tm314602,Dushmani,MOVIE,1995,156,"romance, action, drama",IN,5.0,249.0,2.045,7.5
tm7810,Nightmare in Columbia County,MOVIE,1991,100,"drama, thriller, crime",US,5.5,345.0,2.713,6.0
tm449775,Shikari,MOVIE,1991,162,"drama, action","IN, SU",5.8,68.0,1.323,5.0
ts4,Breaking Bad,SHOW,2008,48,"drama, crime, thriller",US,9.5,1775990.0,353.848,8.79
ts20371,Top Gear,SHOW,2002,58,"comedy, reality, european, music",GB,8.7,117240.0,45.549,7.4
ts9,The Walking Dead,SHOW,2010,46,"action, drama, scifi, horror, thriller",US,8.2,956604.0,597.277,8.1
ts21465,Supernatural,SHOW,2005,45,"scifi, horror, thriller, drama, fantasy",US,8.4,434081.0,388.093,8.278
tm74402,The Mist,MOVIE,2007,126,"horror, scifi, thriller",US,7.1,305346.0,37.369,6.9
tm91952,Mean Girls,MOVIE,2004,97,comedy,"CA, US",7.1,375975.0,57.235,7.2
ts288536,The Great British Baking Show,SHOW,2010,57,"reality, european",GB,8.6,9856.0,5.581,7.7
ts12724,30 Rock,SHOW,2006,25,"comedy, sport",US,8.3,122698.0,48.88,7.4
ts6644,Borgen,SHOW,2010,58,"drama, european",DK,8.5,25485.0,51.118,8.1
ts8308,Community,SHOW,2009,23,comedy,US,8.5,257221.0,42.357,8.0
tm111828,Catch Me If You Can,MOVIE,2002,141,"drama, crime",US,8.1,952602.0,72.321,8.0
ts21469,Grey's Anatomy,SHOW,2005,49,"drama, romance",US,7.6,299165.0,803.786,8.252
ts17156,Arrested Development,SHOW,2003,28,comedy,US,8.7,300445.0,30.131,8.043
ts22011,Heartland,SHOW,2007,44,"drama, family",CA,8.4,16337.0,74.638,8.3
ts26091,The Staircase,SHOW,2004,49,"crime, documentation, drama",FR,7.8,21531.0,10.922,7.7
tm150112,Old School,MOVIE,2003,88,"comedy, european",US,7.0,229171.0,17.131,6.577
ts22337,NCIS,SHOW,2003,43,"crime, action, thriller, drama, comedy",US,7.8,143846.0,251.622,7.6
ts3371,Avatar: The Last Airbender,SHOW,2005,24,"scifi, animation, action, family, fantasy",US,9.3,303666.0,56.915,8.7
tm80906,Anchorman: The Legend of Ron Burgundy,MOVIE,2004,95,comedy,US,7.1,353118.0,20.606,6.7
ts20604,Friday Night Lights,SHOW,2006,43,"drama, sport",US,8.7,65199.0,19.681,8.1
ts20573,The IT Crowd,SHOW,2006,25,"comedy, european",GB,8.5,149586.0,31.031,8.108
tm92641,Inception,MOVIE,2010,148,"action, scifi, music, thriller","US, GB",8.8,2294231.0,108.284,8.4
ts22099,The Spectacular Spider-Man,SHOW,2008,22,"action, animation, family, scifi, comedy",US,8.3,14996.0,41.509,8.705
tm27911,The Departed,MOVIE,2006,151,"drama, thriller, crime, action",US,8.5,1296244.0,33.795,8.2
ts21464,Zoey 101,SHOW,2005,25,"drama, comedy, family, romance",US,6.1,15808.0,53.044,8.2
tm88465,Insidious,MOVIE,2010,103,"horror, thriller","CA, US",6.8,303820.0,99.129,6.929
tm172683,War of the Worlds,MOVIE,2005,117,"action, thriller, scifi",US,6.5,444229.0,36.989,6.474
ts11313,DEATH NOTE,SHOW,2006,24,"animation, thriller, scifi, drama, fantasy, crime",JP,9.0,309445.0,120.545,8.664
ts21247,The Vampire Diaries,SHOW,2009,42,"drama, scifi, horror, romance, thriller, fantasy",US,7.7,314422.0,479.354,8.348
ts20305,Naruto,SHOW,2002,23,"animation, action, scifi, comedy, fantasy, thriller",JP,8.4,96729.0,218.843,8.363
tm42877,Wanted,MOVIE,2008,110,"action, thriller, crime, fantasy","DE, US",6.7,384995.0,33.101,6.5
tm39030,Casino Royale,MOVIE,2006,144,"action, thriller, european","DE, GB, US, BS, CZ",8.0,649676.0,40.164,7.518
ts21511,My Little Pony: Friendship Is Magic,SHOW,2010,22,"comedy, scifi, animation, fantasy, family, drama, music","CA, US",7.6,20910.0,52.369,8.1
ts17942,Chappelle's Show,SHOW,2003,21,"comedy, music",US,8.8,63107.0,14.116,8.1
tm89677,The Terminal,MOVIE,2004,128,"drama, comedy, romance",US,7.4,441752.0,21.384,7.3
tm78592,Michael Clayton,MOVIE,2007,114,"thriller, drama, crime",US,7.2,165109.0,16.97,6.7
tm105329,Road to Perdition,MOVIE,2002,117,"thriller, documentation, drama, crime",US,7.7,265216.0,18.739,7.4
ts30311,Victorious,SHOW,2010,25,"comedy, family, drama, music, romance, sport",US,6.9,24838.0,71.494,8.221
tm139658,Big Fish,MOVIE,2003,125,"action, fantasy, drama, romance",US,8.0,437650.0,21.158,7.769
tm26327,The Hurt Locker,MOVIE,2008,131,"thriller, drama, war",US,7.5,446904.0,28.341,7.3
tm95477,Troy,MOVIE,2004,163,"action, history, war, drama, european","MT, GB, US",7.3,527447.0,48.407,7.1
tm154187,Sherlock Holmes,MOVIE,2009,129,"crime, thriller, action","AU, DE, GB, US",7.6,625708.0,43.297,7.2
ts22267,Trailer Park Boys,SHOW,2001,25,"comedy, crime",CA,8.6,42733.0,22.603,8.0
tm133767,Love Actually,MOVIE,2003,135,"drama, comedy, romance","GB, US",7.6,476101.0,36.484,7.1
ts2230,America's Next Top Model,SHOW,2003,44,reality,US,5.6,17905.0,14.501,5.3
tm45454,Get Smart,MOVIE,2008,110,"comedy, thriller, action",US,6.5,216695.0,22.421,6.2
tm26897,Quantum of Solace,MOVIE,2008,106,"thriller, action","GB, US",6.6,444241.0,31.298,6.304
tm133374,The Blind Side,MOVIE,2009,129,"drama, sport",US,7.6,327675.0,63.663,7.661
tm136808,Identity,MOVIE,2003,90,thriller,US,7.3,240433.0,19.558,7.181
tm70807,I Am Legend,MOVIE,2007,101,"scifi, thriller, action, drama",US,7.2,745093.0,69.139,7.192
ts19036,The Fairly OddParents,SHOW,2001,23,"comedy, scifi, animation, family, fantasy","CA, US",7.2,38046.0,67.192,7.7
tm93055,Grown Ups,MOVIE,2010,102,"comedy, drama, european",US,5.9,249934.0,98.37,6.333
tm85811,The Girl Next Door,MOVIE,2004,110,"comedy, romance, drama",US,6.7,223380.0,37.315,6.7
ts22456,Ned's Declassified School Survival Guide,SHOW,2004,25,"family, comedy",US,7.4,17864.0,33.115,8.6
tm131038,Public Enemies,MOVIE,2009,140,"action, crime, drama, history, european","US, JP",7.0,300773.0,85.039,6.7
tm58382,Not Another Teen Movie,MOVIE,2001,89,comedy,US,5.7,105352.0,36.438,5.8
tm35463,Blow,MOVIE,2001,124,"crime, drama",US,7.5,258431.0,24.348,7.4
tm30603,Hancock,MOVIE,2008,92,"fantasy, action, crime, drama",US,6.4,476593.0,121.985,6.33
ts22018,iCarly,SHOW,2007,26,"comedy, family, romance",US,6.7,38877.0,100.996,8.0
tm20959,The Pursuit of Happyness,MOVIE,2006,117,"drama, european",US,8.0,501457.0,47.893,7.9
tm136308,Monster,MOVIE,2003,110,"crime, drama, thriller, european",US,7.3,150339.0,16.309,7.2
tm29737,Rambo,MOVIE,2008,92,"action, thriller, war, european","DE, US",7.0,230333.0,72.224,6.6
tm148270,Something's Gotta Give,MOVIE,2003,128,"drama, comedy, romance",US,6.7,121364.0,14.619,6.6
tm89036,Harold & Kumar Go to White Castle,MOVIE,2004,83,comedy,US,7.0,194695.0,15.026,6.5
tm46436,Thir13en Ghosts,MOVIE,2001,91,"horror, thriller, fantasy","CA, US",5.6,87083.0,50.592,6.2
ts21197,Merlin,SHOW,2008,44,"action, drama, scifi, fantasy, european",GB,7.9,80927.0,74.931,7.9
ts21544,Transformers: Prime,SHOW,2010,22,"action, animation, comedy, drama, family, scifi",US,7.9,6636.0,28.925,8.0
tm150260,Cloudy with a Chance of Meatballs,MOVIE,2009,90,"animation, comedy, family, fantasy, scifi, romance, drama",US,6.9,229274.0,58.945,6.6
ts31263,The Mole,SHOW,2001,47,reality,"BE, US",7.6,1155.0,2.189,7.8
ts30313,Offspring,SHOW,2010,44,"drama, comedy",AU,8.3,4880.0,10.243,7.0
tm79895,Halloween,MOVIE,2007,109,horror,US,6.0,119606.0,38.491,6.2
ts12787,Code Geass: Lelouch of the Rebellion,SHOW,2006,24,"scifi, action, animation, drama, war, thriller",JP,8.7,62367.0,35.011,8.493
tm116324,Jackass: The Movie,MOVIE,2002,88,"comedy, documentation, action",US,6.6,94423.0,25.23,6.3
tm39828,Semi-Pro,MOVIE,2008,94,"comedy, sport, european",US,5.8,82159.0,12.789,5.6
tm23935,The Lake House,MOVIE,2006,99,"drama, thriller, fantasy, romance, documentation",US,6.8,149070.0,16.31,7.0
tm78067,The Girl Next Door,MOVIE,2007,91,"crime, drama, horror, thriller",US,6.5,26293.0,13.131,6.7
tm95252,The Book of Eli,MOVIE,2010,118,"scifi, action, thriller, drama, european",US,6.8,314920.0,30.476,6.8
tm32919,Blood Diamond,MOVIE,2006,143,"drama, thriller, action","DE, US",8.0,541547.0,47.39,7.5
tm169949,Just Like Heaven,MOVIE,2005,95,"romance, drama, comedy, fantasy",US,6.7,108029.0,17.486,6.9
tm30205,Ip Man,MOVIE,2008,106,"drama, fantasy, comedy, history, action",HK,8.0,222372.0,21.074,7.7
tm40009,21,MOVIE,2008,123,"crime, drama, history, thriller",US,6.8,249016.0,27.013,6.7
tm141390,Friday the 13th,MOVIE,2009,97,"horror, thriller",US,5.5,106970.0,45.551,5.8
ts35155,Gurren Lagann,SHOW,2007,24,"action, scifi, animation, comedy, drama",JP,8.3,17024.0,27.924,8.2
tm94606,Let Me In,MOVIE,2010,116,"drama, horror, thriller, fantasy, european","GB, US",7.1,121008.0,22.791,6.8
ts15986,Dead Set,SHOW,2008,141,"scifi, reality, thriller, comedy, drama, horror, european",GB,7.6,19812.0,9.68,7.3
tm102337,A Nightmare on Elm Street,MOVIE,2010,95,"horror, thriller, crime, drama",US,5.2,99894.0,39.672,5.5
ts22318,Winx Club,SHOW,2004,23,"animation, action, comedy, family, fantasy, thriller, european",IT,6.2,6700.0,25.633,8.222
tm159901,Miss Congeniality 2: Armed and Fabulous,MOVIE,2005,115,"action, comedy, crime",US,5.1,74637.0,21.495,5.7
tm74780,The Bucket List,MOVIE,2007,97,"drama, comedy, european",US,7.4,244028.0,22.0,7.2
ts30356,Octonauts,SHOW,2010,15,"action, animation, comedy, family",GB,7.6,1083.0,40.327,7.4
ts32186,Sonic X,SHOW,2003,21,"family, animation, action, comedy, drama, thriller, fantasy, scifi",JP,6.2,4709.0,37.945,7.5
tm24088,Scary Movie 4,MOVIE,2006,83,"comedy, horror",US,5.1,120997.0,83.018,5.5
tm111600,The Sweetest Thing,MOVIE,2002,84,"comedy, romance",US,5.1,58884.0,10.625,5.5
tm88045,How Do You Know,MOVIE,2010,121,"comedy, drama, romance",US,5.4,50383.0,9.889,5.251
tm78919,Mr. Bean's Holiday,MOVIE,2007,90,"family, comedy, european","US, FR, DE, GB",6.4,125160.0,32.512,6.3
tm173066,The Interpreter,MOVIE,2005,128,"thriller, crime, european","GB, US, FR, DE",6.4,106781.0,12.694,6.299
tm118637,John Q,MOVIE,2002,116,"drama, thriller, crime",US,7.0,133215.0,32.229,7.121
tm142564,3 Idiots,MOVIE,2009,170,"drama, comedy",IN,8.4,390739.0,44.999,8.0
tm57190,The One,MOVIE,2001,87,"thriller, action, scifi",US,5.9,92007.0,21.223,6.1
ts21706,H2O: Just Add Water,SHOW,2006,25,"scifi, drama, family, fantasy",AU,7.2,15179.0,30.832,7.8
tm137362,The Texas Chainsaw Massacre,MOVIE,2003,98,"horror, crime",US,6.2,141736.0,80.47,6.2
ts24028,Still Game,SHOW,2002,29,"comedy, european",GB,8.9,7689.0,5.128,8.3
tm148379,The Cat in the Hat,MOVIE,2003,82,"family, fantasy, comedy, action",US,4.0,82684.0,66.8,5.3
tm137342,Tears of the Sun,MOVIE,2003,121,"war, action, drama, thriller",US,6.6,121957.0,43.254,6.797
tm90864,Due Date,MOVIE,2010,95,"comedy, drama",US,6.5,341390.0,36.06,6.3
ts21740,Black Butler,SHOW,2008,25,"scifi, animation, drama, thriller, comedy, fantasy, action, horror, crime",JP,8.2,1877.0,36.122,7.5
tm32144,We Are Marshall,MOVIE,2006,131,"drama, sport",US,7.0,61345.0,13.173,6.9
tm141707,Blood and Bone,MOVIE,2009,93,"thriller, sport, action, crime, drama",US,6.7,33051.0,33.787,7.4
tm150214,Freddy vs. Jason,MOVIE,2003,97,"horror, action","IT, US",5.7,118925.0,65.747,6.0
tm81030,The Golden Compass,MOVIE,2007,113,"action, fantasy, family","GB, US",6.1,187485.0,20.255,6.0
ts687,The 4400,SHOW,2004,44,"drama, scifi, thriller",US,7.3,45249.0,37.169,7.2
tm147211,The Men Who Stare at Goats,MOVIE,2009,94,"comedy, war","US, GB",6.2,132177.0,19.022,6.0
ts31514,Strawberry Shortcake,SHOW,2003,23,"animation, family",US,7.0,13.0,31.584,6.9
ts33559,Shaun the Sheep,SHOW,2007,7,"animation, comedy, family, european",GB,8.1,28.0,31.375,7.9
tm78671,Cleaner,MOVIE,2007,88,"thriller, crime",US,6.1,42285.0,11.509,6.0
ts26322,Toradora!,SHOW,2008,30,"animation, comedy, drama, romance",JP,8.0,14828.0,24.352,8.5
ts12815,Big Time Rush,SHOW,2009,25,"family, comedy",US,6.3,12288.0,55.706,8.774
tm27268,Monster House,MOVIE,2006,91,"animation, comedy, family, fantasy",US,6.6,117008.0,51.891,6.6
tm86189,Good Luck Chuck,MOVIE,2007,101,"comedy, romance","US, CA",5.6,90212.0,30.423,5.9
tm700,"10,000 BC",MOVIE,2008,109,"action, drama, fantasy, history, thriller","US, ZA",5.1,130813.0,24.671,5.4
tm101249,Cop Out,MOVIE,2010,107,"crime, action, comedy, thriller",US,5.5,88026.0,13.63,5.6
tm161263,The Cave,MOVIE,2005,97,"horror, thriller, action, scifi, european","DE, US",5.1,38734.0,13.695,5.3
tm81270,Starsky & Hutch,MOVIE,2004,101,"comedy, crime",US,6.1,146880.0,13.938,5.8
tm89684,New York Minute,MOVIE,2004,87,"comedy, crime, family, romance",US,4.9,23476.0,11.818,6.2
tm165593,Rumor Has It...,MOVIE,2005,97,"romance, comedy, drama","DE, US",5.5,58247.0,13.521,5.6
tm112381,Comedian,MOVIE,2002,82,"comedy, documentation",US,6.9,6985.0,4.854,6.7
tm39487,Catch and Release,MOVIE,2006,111,"drama, romance, comedy",US,5.9,26528.0,9.435,5.9
ts23752,Midnight Diner,SHOW,2009,27,"drama, comedy",JP,8.6,2256.0,7.356,7.9
tm43399,Lagaan: Once Upon a Time in India,MOVIE,2001,224,"romance, drama, action, sport",IN,8.1,111053.0,10.097,7.3
ts21421,Pocoyo,SHOW,2005,11,"animation, family, comedy, european","GB, ES",3.9,93.0,27.339,7.1
ts22005,Total Drama Island,SHOW,2007,23,"war, reality, animation, action, comedy, drama, family",CA,7.3,10886.0,16.655,7.3
ts20398,Kath & Kim,SHOW,2002,24,comedy,AU,8.3,4261.0,3.926,6.6
tm29555,Friends with Money,MOVIE,2006,88,"comedy, drama, romance",US,5.8,30468.0,11.86,5.1
tm103095,Ip Man 2,MOVIE,2010,108,"drama, action, history, sport","HK, CN",7.5,104500.0,4.516,7.5
tm97070,Life As We Know It,MOVIE,2010,114,"comedy, romance, drama",US,6.5,131623.0,40.534,6.9
tm101334,Death at a Funeral,MOVIE,2010,92,"comedy, drama",US,5.7,49901.0,15.989,5.8
tm183963,Dreamer: Inspired By a True Story,MOVIE,2005,106,"family, drama, sport, fantasy",US,6.8,13205.0,10.235,6.9
tm77649,Premonition,MOVIE,2007,96,"thriller, drama, fantasy",US,5.9,78494.0,14.21,6.3
tm86924,Soul Plane,MOVIE,2004,86,"romance, comedy",US,4.5,23048.0,21.864,5.3
tm26638,The Texas Chainsaw Massacre: The Beginning,MOVIE,2006,91,"thriller, horror, documentation",US,5.8,72845.0,57.763,6.1
ts20544,Ouran High School Host Club,SHOW,2006,23,"comedy, drama, animation, romance",JP,8.2,9929.0,18.186,8.4
ts23835,Masha and the Bear,SHOW,2009,7,"family, action, animation, comedy",RU,7.5,3169.0,38.171,6.9
tm104880,Louis C.K.: Hilarious,MOVIE,2010,84,comedy,US,8.4,12089.0,5.717,7.9
ts30288,Mobile Suit Gundam Unicorn,SHOW,2010,36,"scifi, animation, action, drama, war",JP,7.8,1291.0,10.936,7.9
ts38159,Wakfu,SHOW,2008,22,"action, scifi, family, fantasy, animation, european",FR,8.1,1497.0,19.736,8.9
tm22294,Deck the Halls,MOVIE,2006,93,"family, comedy",US,5.0,27936.0,11.999,5.5
tm100015,Takers,MOVIE,2010,107,"action, crime, drama, thriller",US,6.2,62464.0,15.872,6.228
ts25765,Vampire Knight,SHOW,2008,25,"animation, drama, action, scifi, thriller, fantasy, horror, romance",JP,7.3,5245.0,17.547,8.4
ts21688,Boys Over Flowers,SHOW,2009,64,"comedy, drama, romance",KR,7.9,11902.0,80.384,8.28
tm83786,Like Stars on Earth,MOVIE,2007,165,"drama, family",IN,8.3,189685.0,17.66,8.012
tm130574,Did You Hear About the Morgans?,MOVIE,2009,103,"comedy, drama, romance",US,4.9,40551.0,12.459,5.4
tm114476,Stuart Little 2,MOVIE,2002,78,"animation, comedy, family, action, fantasy",US,5.5,54193.0,36.691,5.733
ts20535,The Garfield Show,SHOW,2009,17,"animation, comedy, family, european",US,5.4,2578.0,25.677,5.2
ts1893,Ben & Holly's Little Kingdom,SHOW,2009,14,"animation, comedy, family, fantasy, european",GB,7.4,1261.0,11.735,6.6
tm118462,Half Past Dead,MOVIE,2002,98,"thriller, action, crime, european","DE, US",4.6,15740.0,12.906,5.2
ts12701,Code Lyoko,SHOW,2003,24,"action, animation, comedy, thriller, scifi, family, romance, fantasy",FR,7.3,5165.0,9.597,7.7
ts121176,DreamWorks Shrek's Swamp Stories,SHOW,2010,24,"comedy, family, fantasy, horror, music, animation, scifi",US,6.5,346.0,5.014,8.8
tm86995,Christmas with the Kranks,MOVIE,2004,99,"comedy, family",US,5.4,49302.0,17.708,6.1
ts20526,The Game,SHOW,2006,22,"drama, comedy, romance, sport",US,6.6,4449.0,12.124,8.4
ts23808,Monty Python: Almost the Truth (The Lawyer's Cut),SHOW,2009,55,"comedy, documentation",US,8.1,1768.0,2.422,7.9
tm97544,Alpha and Omega,MOVIE,2010,88,"animation, family, comedy, action, romance","CA, US, IN",5.1,14362.0,13.523,5.9
ts31593,Pororo the Little Penguin,SHOW,2003,9,"scifi, family, animation, action",KR,6.3,91.0,4.404,5.0
ts27459,The Legend of Bruce Lee,SHOW,2008,45,"action, drama",CN,7.0,1422.0,21.479,6.0
ts3666,Den-noh Coil,SHOW,2007,25,"scifi, animation, comedy, drama",JP,7.8,881.0,13.045,7.9
tm164557,Initial D,MOVIE,2005,107,"crime, thriller, drama, action, animation, romance, comedy","JP, HK",6.3,8678.0,18.607,6.7
tm80059,Naruto Shippuden the Movie,MOVIE,2007,94,"animation, action, fantasy, family",JP,6.7,4090.0,316.471,7.2
tm135451,Gifted Hands: The Ben Carson Story,MOVIE,2009,86,drama,US,7.6,10881.0,43.409,7.8
tm71558,The Legend of the Nahuala,MOVIE,2007,80,"fantasy, animation, family",MX,6.1,511.0,47.66,7.6
tm134235,One Piece: Strong World,MOVIE,2009,114,"fantasy, action, animation",JP,7.5,5467.0,39.946,7.5
tm160800,Chaos,MOVIE,2005,106,"crime, drama, action, thriller, european","CA, GB, US",6.4,54900.0,17.029,6.3
tm22342,Waist Deep,MOVIE,2006,97,"thriller, action, drama, crime",US,5.8,9990.0,15.58,6.6
ts42914,Zig and Sharko,SHOW,2010,9,"comedy, romance, action, animation, family, fantasy, european",FR,6.8,671.0,19.476,5.8
tm22636,Trailer Park Boys: The Movie,MOVIE,2006,95,"comedy, crime",CA,7.1,12910.0,6.191,6.7
ts21967,Johnny Test,SHOW,2005,18,"animation, comedy, drama, family, scifi, action","CA, US",5.1,8322.0,22.516,5.6
tm85549,Tito,MOVIE,2004,120,"documentation, crime, drama, romance, action",EG,7.2,3214.0,1.814,7.8
tm100688,Even the Rain,MOVIE,2010,104,"drama, european, history","FR, MX, ES",7.4,13533.0,8.526,6.9
tm22493,Katt Williams: The Pimp Chronicles Pt. 1,MOVIE,2006,46,"comedy, documentation",US,7.6,1819.0,3.787,6.5
ts14102,Bo on the Go!,SHOW,2007,22,animation,CA,4.2,123.0,1.52,6.0
tm103732,Udaan,MOVIE,2010,138,drama,IN,8.1,44862.0,5.019,7.3
tm73058,Om Shanti Om,MOVIE,2007,162,"thriller, drama, action, comedy, fantasy, romance",IN,6.7,43052.0,11.847,7.021
tm138497,Trailer Park Boys: Countdown to Liquor Day,MOVIE,2009,102,"comedy, crime",CA,7.3,7488.0,4.683,6.8
ts20358,Half & Half,SHOW,2002,21,comedy,US,7.0,1860.0,8.06,8.1
tm36475,Kabhi Khushi Kabhie Gham,MOVIE,2001,210,"drama, romance",IN,7.4,49273.0,13.699,7.9
tm144345,Kal Ho Naa Ho,MOVIE,2003,186,"drama, romance, comedy",IN,7.9,68551.0,12.001,7.5
tm76835,Jab We Met,MOVIE,2007,144,"romance, comedy, drama",IN,7.9,52531.0,8.69,7.4
tm38896,From Within,MOVIE,2008,89,"horror, thriller, documentation, war, european",US,5.6,7650.0,7.282,5.6
tm86051,Black Friday,MOVIE,2004,161,"crime, history, action, drama",IN,8.4,20768.0,5.753,7.4
tm29269,Jodhaa Akbar,MOVIE,2008,214,"romance, history, war, action, drama",IN,7.5,32440.0,11.959,7.4
ts17028,Dinosaur King,SHOW,2007,20,"action, animation, scifi, comedy, family, western",JP,5.6,737.0,28.909,8.2
tm91046,"Cairo 6,7,8",MOVIE,2010,100,drama,EG,7.4,4421.0,4.431,7.7
tm75022,Zach Galifianakis: Live at the Purple Onion,MOVIE,2007,61,"comedy, documentation",US,7.2,3977.0,4.43,7.0
tm41508,First Sunday,MOVIE,2008,96,"comedy, action, crime, drama",US,4.5,10927.0,8.809,5.6
ts67595,El Escamoso,SHOW,2001,48,"drama, comedy",CO,7.5,325.0,32.626,7.8
tm49405,Inuyasha the Movie: Affections Touching Across Time,MOVIE,2001,99,"action, animation, fantasy",JP,7.2,2593.0,36.262,7.6
tm82765,Swades,MOVIE,2004,189,"drama, european","IN, US",8.1,89556.0,10.352,7.4
tm33981,Bon Cop Bad Cop,MOVIE,2006,116,"comedy, crime, action, scifi, drama, thriller",CA,6.5,61.0,7.956,6.4
ts52849,Horrid Henry,SHOW,2006,13,"animation, comedy, family, music, fantasy, european",GB,6.3,944.0,2.36,8.0
tm95238,The Boy Who Cried Werewolf,MOVIE,2010,97,"fantasy, horror, family, comedy","US, CA",5.9,3315.0,17.774,6.4
tm32885,Rang De Basanti,MOVIE,2006,157,"drama, history, comedy, crime",IN,8.1,118477.0,6.848,7.2
ts72322,The Mafia Dolls,SHOW,2009,43,"drama, action",CO,6.6,293.0,27.667,7.4
ts63295,Vientos de agua,SHOW,2006,73,drama,"AR, ES",8.8,1051.0,1.41,8.8
ts23319,Timmy Time,SHOW,2009,14,"animation, comedy, family, fantasy, european",GB,6.9,1111.0,14.959,6.2
ts21695,Iris,SHOW,2009,61,"action, drama, comedy, reality, romance, thriller",KR,7.8,1951.0,9.239,7.6
tm72587,Guru,MOVIE,2007,166,"romance, documentation, drama, european",IN,7.7,23708.0,8.071,6.7
tm99776,Whitney Cummings: Money Shot,MOVIE,2010,48,"comedy, documentation",US,6.2,917.0,2.718,5.9
tm83175,Welcome,MOVIE,2007,160,"drama, action, comedy, romance, crime",IN,7.0,22243.0,8.815,6.5
tm139349,Jim Gaffigan: King Baby,MOVIE,2009,72,"comedy, documentation",US,7.7,2564.0,4.283,7.0
tm59880,Mike Birbiglia: What I Should Have Said Was Nothing,MOVIE,2008,60,comedy,US,7.6,1794.0,3.826,7.5
ts56589,Tayo the Little Bus,SHOW,2010,11,"animation, comedy, family",KR,5.3,158.0,4.871,6.3
tm61056,Dil Chahta Hai,MOVIE,2001,184,"romance, comedy, drama",IN,8.1,71586.0,5.704,7.0
tm129763,Anbe Sivam,MOVIE,2003,160,"comedy, drama",IN,8.7,21167.0,4.634,7.5
ts21664,One on One,SHOW,2001,20,comedy,US,7.0,2323.0,6.204,7.9
tm44378,Tony Manero,MOVIE,2008,97,"drama, music",CL,6.8,4255.0,3.891,6.3
tm25842,A Lion in the House,MOVIE,2006,225,documentation,US,8.7,324.0,2.821,6.5
tm34846,Bleach the Movie: Fade to Black,MOVIE,2008,94,"fantasy, action, drama, animation",JP,7.1,2207.0,40.732,7.0
tm71119,Delta Farce,MOVIE,2007,90,"comedy, action",US,3.6,11177.0,10.367,5.0
tm170873,My Suicide,MOVIE,2009,110,"drama, comedy",US,7.0,1981.0,2.951,6.1
tm22540,Phir Hera Pheri,MOVIE,2006,155,"comedy, crime",IN,7.1,23119.0,8.428,6.4
tm96037,Naruto Shippuden the Movie: The Lost Tower,MOVIE,2010,85,"animation, action, fantasy",JP,6.8,3650.0,97.631,7.0
tm110923,Divine Intervention,MOVIE,2002,92,"romance, comedy, drama, war","FR, MA, DE, PS",6.6,3598.0,2.894,6.4
tm168869,Da Kath & Kim Code,MOVIE,2005,90,comedy,AU,7.3,928.0,1.366,6.4
ts37200,Trotro,SHOW,2004,3,"animation, family, european",FR,6.3,122.0,1.841,7.2
tm147686,Kevin Hart: I'm a Grown Little Man,MOVIE,2009,73,"comedy, documentation",US,7.5,4411.0,6.236,7.3
tm93612,Bleach the Movie: Hell Verse,MOVIE,2010,94,"fantasy, animation, action",JP,7.4,2416.0,53.143,7.4
tm36164,Naruto Shippuden the Movie: Bonds,MOVIE,2008,90,"fantasy, animation, action",JP,6.8,4551.0,109.752,7.2
tm30170,Don,MOVIE,2006,167,"thriller, crime, action, european",IN,7.1,37131.0,8.892,7.1
tm29731,Chup Chup Ke,MOVIE,2006,165,"comedy, drama, romance",IN,6.9,10810.0,3.942,6.1
tm147494,Naruto Shippuden the Movie: The Will of Fire,MOVIE,2009,95,"action, comedy, drama, fantasy, animation",JP,7.0,3702.0,101.203,7.3
tm44530,Fashion,MOVIE,2008,167,"drama, romance",IN,6.9,12533.0,7.048,6.3
tm89936,Arahan,MOVIE,2004,114,"fantasy, action, comedy, thriller",KR,6.6,3841.0,12.181,6.6
ts44663,Oscar's Oasis,SHOW,2010,9,"animation, comedy, european",FR,7.4,586.0,4.963,7.4
tm81461,Whisky,MOVIE,2004,99,"comedy, drama","AR, DE, UY, ES",7.1,6293.0,5.108,6.8
tm155761,Ajab Prem Ki Ghazab Kahani,MOVIE,2009,150,"comedy, action, romance",IN,6.3,14603.0,6.675,6.1
tm48083,Te quiero,MOVIE,2001,85,"drama, comedy, european",FR,5.0,75.0,0.967,2.0
tm175687,Sir! No Sir!,MOVIE,2005,85,"war, documentation",US,7.6,783.0,2.089,7.0
tm33067,Race,MOVIE,2008,161,"drama, action, thriller, crime, comedy",IN,7.0,63.0,5.732,6.1
tm70222,Sivaji: The Boss,MOVIE,2007,189,"action, drama, thriller, crime",IN,7.5,19777.0,7.686,7.1
tm105278,Inuyasha the Movie 2: The Castle Beyond the Looking Glass,MOVIE,2002,100,"fantasy, action, animation, romance, comedy",JP,7.3,2148.0,30.957,7.6
tm352243,Interview with a Serial Killer,MOVIE,2008,44,"documentation, crime",US,5.9,611.0,1.378,5.1
tm82718,G.O.R.A.,MOVIE,2004,127,"action, comedy, scifi",TR,8.0,62386.0,7.047,7.2
tm98975,Guzaarish,MOVIE,2010,126,"romance, drama",IN,7.4,18603.0,5.554,7.4
tm101609,Raajneeti,MOVIE,2010,167,"drama, thriller, crime",IN,7.1,17697.0,3.761,6.3
tm39557,Jaane Tu... Ya Jaane Na,MOVIE,2008,146,"drama, comedy, romance",IN,7.4,26894.0,7.196,6.8
tm150521,Accident,MOVIE,2009,89,"action, drama, thriller",HK,6.6,3327.0,5.165,6.6
tm30289,Jeff Dunham: Arguing with Myself,MOVIE,2006,76,"comedy, documentation",US,8.0,4000.0,5.406,6.6
tm141117,Chalte Chalte,MOVIE,2003,167,"drama, romance",IN,6.5,15468.0,6.121,6.2
tm80339,Naruto: Ninja Clash in the Land of Snow,MOVIE,2004,90,"comedy, fantasy, animation, action",JP,6.6,6866.0,50.604,7.2
tm33729,Taxi No. 9 2 11,MOVIE,2006,116,"drama, thriller, comedy",IN,7.2,9964.0,2.636,6.5
tm93004,Yuva,MOVIE,2004,161,"crime, action, drama, thriller",IN,7.3,8929.0,3.893,6.4
ts13411,Cocaine,SHOW,2005,49,"documentation, european",US,7.1,61.0,0.6,7.0
ts1464,The Cartel,SHOW,2008,44,"action, drama, crime, thriller, comedy",CO,8.0,774.0,189.665,7.5
tm145243,Wake Up Sid,MOVIE,2009,138,"comedy, drama, romance",IN,7.6,31167.0,5.035,7.1
tm34524,"One Piece: Episode of Chopper Plus: Bloom in the Winter, Miracle Cherry Blossom",MOVIE,2008,95,"action, comedy, animation, drama, fantasy",JP,7.0,1233.0,51.441,7.1
tm111226,Awara Paagal Deewana,MOVIE,2002,169,"comedy, action, crime, drama, thriller",IN,6.2,8393.0,5.941,5.5
tm23441,Kabhi Alvida Naa Kehna,MOVIE,2006,184,"drama, romance",IN,6.0,19947.0,9.421,6.4
tm166293,The Blue Umbrella,MOVIE,2005,90,"drama, family, fantasy, comedy",IN,7.3,2097.0,2.177,6.3
tm24576,Naruto: Guardians of the Crescent Moon Kingdom,MOVIE,2006,95,"action, animation",JP,6.4,4050.0,58.559,7.0
tm92977,Ishqiya,MOVIE,2010,115,"thriller, comedy, drama, romance",IN,7.3,10469.0,3.912,6.3
tm77348,Life in a Metro,MOVIE,2007,124,"drama, romance, comedy",IN,7.4,12036.0,3.965,6.4
ts34414,Nuevo Rico Nuevo Pobre,SHOW,2007,44,comedy,CO,7.1,211.0,13.94,7.8
ts29199,Monty Python's Personal Best,SHOW,2006,56,"comedy, animation","US, GB",7.9,441.0,0.6,8.0
tm91323,I Hate Luv Storys,MOVIE,2010,129,"comedy, drama, romance",IN,5.6,8042.0,6.801,5.9
tm88366,Main Hoon Na,MOVIE,2004,179,"drama, action, comedy, romance, thriller",IN,7.0,35484.0,12.629,6.9
tm156575,Billu,MOVIE,2009,137,"drama, comedy",IN,6.3,11884.0,7.028,6.5
tm164389,Paheli,MOVIE,2005,141,"romance, drama, fantasy, comedy",IN,6.3,13263.0,6.607,6.3
tm37945,Rock On!!,MOVIE,2008,144,"drama, music",IN,7.7,22092.0,4.956,6.9
tm106625,"LSD: Love, Sex aur Dhokha",MOVIE,2010,108,"drama, comedy, crime, romance",IN,7.2,5684.0,3.126,6.1
tm65142,One Piece: The Desert Princess and the Pirates: Adventure in Alabasta,MOVIE,2007,89,"comedy, drama, animation, action",JP,6.9,1660.0,38.807,6.7
tm99450,Break Ke Baad,MOVIE,2010,120,"comedy, drama, romance",IN,5.1,4275.0,3.068,5.8
tm149209,Kaminey,MOVIE,2009,135,"crime, drama, action, thriller",IN,7.4,17219.0,6.585,6.8
tm23977,Fuga,MOVIE,2006,110,"music, drama, thriller","CL, AR",6.2,1129.0,2.585,5.8
tm160596,Zozo,MOVIE,2005,105,"drama, european, family, war","CZ, GB, DK, NL, SE",6.5,3225.0,1.899,6.0
tm129971,Luck by Chance,MOVIE,2009,155,"romance, drama, comedy",IN,7.1,10272.0,4.932,6.5
tm56428,Trailer Park Boys: Say Goodnight to the Bad Guys,MOVIE,2008,60,comedy,CA,7.8,3555.0,4.344,7.4
ts18653,Chhota Bheem,SHOW,2008,22,"animation, action, comedy",IN,4.1,885.0,1.504,6.1
tm177687,Naruto: Legend of the Stone of Gelel,MOVIE,2005,96,"fantasy, action, comedy, drama, animation",JP,6.4,4380.0,41.579,6.6
tm77863,Honeymoon Travels Pvt. Ltd.,MOVIE,2007,118,"comedy, drama, romance",IN,6.1,2648.0,5.216,5.3
tm80455,Manorama Six Feet Under,MOVIE,2007,137,"drama, thriller, crime",IN,7.6,8110.0,4.553,6.5
tm184732,Dhobi Ghat,MOVIE,2010,102,drama,IN,7.0,13167.0,7.689,6.4
tm89764,Inuyasha the Movie 4: Fire on the Mystic Island,MOVIE,2004,88,"fantasy, animation, action, comedy",JP,7.2,1845.0,34.264,7.7
ts4866,Fated to Love You,SHOW,2008,67,"comedy, family, drama, romance",TW,7.4,476.0,4.692,7.2
tm134407,Dev.D,MOVIE,2009,141,"comedy, drama, romance",IN,7.9,30567.0,7.069,6.9
tm103133,Karthik Calling Karthik,MOVIE,2010,135,"thriller, romance, drama",IN,7.1,12114.0,7.725,6.3
tm54147,Dostana,MOVIE,2008,142,"drama, romance, comedy","IN, US",6.5,15063.0,8.613,6.2
tm101684,Romantik Komedi,MOVIE,2010,95,"comedy, romance",TR,5.3,5111.0,4.254,4.7
tm152724,Kurbaan,MOVIE,2009,161,"thriller, action, drama, crime, romance, sport",IN,5.7,5162.0,4.865,4.7
tm96168,Once Upon a Time in Mumbaai,MOVIE,2010,132,"thriller, crime, drama, romance, action",IN,7.4,17642.0,4.465,6.6
tm146887,Delhi-6,MOVIE,2009,141,"drama, comedy",IN,6.1,7761.0,2.951,5.8
tm138902,Inuyasha the Movie 3: Swords of an Honorable Ruler,MOVIE,2003,99,"animation, fantasy, action, thriller",JP,7.6,2226.0,43.092,7.8
tm165809,Bluffmaster!,MOVIE,2005,137,"drama, comedy, romance, thriller, crime",IN,6.6,6370.0,4.763,5.8
tm31335,Golmaal Returns,MOVIE,2008,135,"comedy, crime",IN,5.1,7983.0,6.084,5.0
tm43179,Oye Lucky! Lucky Oye!,MOVIE,2008,42,"comedy, action, crime, drama",IN,7.7,17538.0,4.31,6.9
tm170169,Kaal,MOVIE,2005,127,"action, thriller, horror, scifi",IN,4.7,5370.0,5.129,4.3
tm84316,Shootout at Lokhandwala,MOVIE,2007,145,"action, crime, drama, history",IN,7.1,10213.0,5.534,6.5
tm112235,Kannathil Muthamittal,MOVIE,2002,137,"drama, war, action",IN,8.4,8491.0,3.739,7.4
tm368679,Madness in the Desert,MOVIE,2004,141,documentation,IN,8.4,379.0,1.948,7.0
ts74928,Einsatzgruppen: The Nazi Death Squads,SHOW,2009,44,"documentation, history, war, european",FR,7.6,622.0,1.649,7.3
tm148041,What's Your Raashee?,MOVIE,2009,192,"comedy, drama, romance",IN,4.8,2732.0,1.912,4.9
tm176297,Kyaa Kool Hai Hum,MOVIE,2005,172,comedy,IN,6.1,3537.0,4.797,5.0
tm68191,My Führer,MOVIE,2007,89,"war, comedy, drama, european",DE,5.5,4442.0,6.795,5.6
tm25029,Eternal Summer,MOVIE,2006,96,"romance, drama",TW,7.0,2706.0,5.577,5.5
tm237621,The Figurine (Araromire),MOVIE,2009,122,"horror, thriller, drama",NG,4.4,251.0,1.525,4.2
tm22989,Jim Gaffigan: Beyond the Pale,MOVIE,2006,72,"comedy, documentation",US,7.8,3974.0,4.112,7.1
tm35652,Mumbai Meri Jaan,MOVIE,2008,119,drama,IN,7.7,6354.0,2.955,6.9
tm44634,Kevin James: Sweat the Small Stuff,MOVIE,2001,42,"comedy, documentation",US,7.4,1087.0,1.596,7.4
tm22558,Mukhsin,MOVIE,2006,95,"comedy, drama, family",MY,7.3,388.0,2.223,6.8
tm52352,This Is the Life,MOVIE,2008,97,"music, documentation",US,6.3,264.0,1.859,7.4
tm104349,The Unjust,MOVIE,2010,119,"thriller, crime, drama, action",KR,6.6,2217.0,5.963,6.4
tm85243,The Trailer Park Boys Xmas Special,MOVIE,2004,57,comedy,CA,8.0,3446.0,3.971,7.3
tm36636,C Kkompany,MOVIE,2008,130,"comedy, drama, thriller",IN,5.5,1136.0,1.831,5.7
tm226362,Bosta,MOVIE,2005,112,war,Lebanon,6.4,605.0,1.623,5.0
tm31564,Linewatch,MOVIE,2008,85,"thriller, crime, drama",US,5.4,2884.0,3.972,5.2
tm98475,We Are Family,MOVIE,2010,115,"drama, family, comedy",IN,5.6,3166.0,2.767,5.9
tm95434,Love in a Puff,MOVIE,2010,104,"romance, comedy, drama",HK,7.1,2625.0,3.347,7.1
tm96595,Lakshya,MOVIE,2004,186,"war, action, drama, romance",IN,7.8,23262.0,7.299,6.6
tm154802,Agyaat,MOVIE,2009,98,"horror, thriller, drama",IN,2.9,680.0,2.599,4.1
tm51493,Vizontele,MOVIE,2001,110,"comedy, drama",TR,8.0,36540.0,7.17,7.2
tm97982,Do Dooni Chaar,MOVIE,2010,146,"drama, crime, comedy",IN,7.5,5594.0,1.559,6.4
tm52176,Welcome to Sajjanpur,MOVIE,2008,134,"comedy, drama",IN,6.9,3259.0,1.823,5.6
tm102848,Peepli Live,MOVIE,2010,104,"drama, comedy",IN,7.4,12309.0,3.404,7.3
tm114504,The Legend of Bhagat Singh,MOVIE,2002,155,"crime, drama, history, action",IN,8.1,16340.0,3.79,6.9
tm154375,Main Aurr Mrs Khanna,MOVIE,2009,115,"drama, romance, comedy",IN,3.4,3173.0,2.81,3.9
tm134140,Ishq Vishk,MOVIE,2003,145,"drama, comedy, romance",IN,6.1,4255.0,3.717,5.8
tm27484,Kismat Konnection,MOVIE,2008,153,"romance, drama, comedy",IN,5.3,5637.0,4.743,4.9
tm81864,Twins Mission,MOVIE,2007,102,"action, comedy, crime, drama",HK,5.2,695.0,5.828,5.0
tm241875,Frank & Cindy,MOVIE,2007,73,"documentation, music, drama",US,6.9,348.0,0.943,7.0
tm29028,Salt of This Sea,MOVIE,2008,109,"drama, romance, european","BE, FR, ES, CH, PS",6.8,1235.0,1.738,6.3
tm164591,Apaharan,MOVIE,2005,173,"crime, drama, action",IN,7.4,4773.0,3.86,6.3
tm130301,Gangaajal,MOVIE,2003,157,"drama, crime, action",IN,7.8,17148.0,2.417,6.3
ts12444,The Fierce Wife,SHOW,2010,59,drama,TW,6.8,95.0,3.995,4.8
tm143510,Harishchandrachi Factory,MOVIE,2009,96,"comedy, drama, history",IN,8.4,2498.0,2.115,7.0
tm308960,Gina Yashere: Skinny B*tch,MOVIE,2008,57,"comedy, documentation",GB,6.5,86.0,0.955,6.5
tm144835,Sergio,MOVIE,2009,94,documentation,US,7.4,887.0,2.51,8.1
tm135795,The Kite,MOVIE,2003,80,drama,"LB, FR",6.4,743.0,1.383,5.0
tm34924,Beast Stalker,MOVIE,2008,110,"thriller, action",HK,6.8,2219.0,4.046,6.7
tm49865,Aamir,MOVIE,2008,96,"thriller, crime, drama, action",IN,7.6,11290.0,4.053,6.9
ts39604,The Hospital,SHOW,2006,48,drama,TW,7.4,46.0,5.066,2.2
tm598375,Chhota Bheem Aur Krishna,MOVIE,2008,69,"fantasy, animation, action",IN,6.4,327.0,1.113,6.8
tm96052,Palermo Hollywood,MOVIE,2004,113,drama,AR,5.3,203.0,2.239,5.3
tm62369,Connected,MOVIE,2008,110,"thriller, action, crime","CN, HK",6.6,2291.0,4.903,6.3
tm32915,EMI,MOVIE,2008,128,"comedy, crime, drama",IN,4.4,609.0,1.507,7.0
ts1413,Autumn's Concerto,SHOW,2009,58,"drama, family, romance",TW,7.8,495.0,7.776,7.6
tm254052,Kucch To Hai,MOVIE,2003,142,"thriller, horror, romance, drama",IN,4.3,920.0,1.84,4.2
tm91125,Fida,MOVIE,2004,122,"romance, thriller, action, crime, drama",IN,5.4,2638.0,2.932,5.2
tm100106,My Amnesia Girl,MOVIE,2010,110,"comedy, romance",PH,6.7,432.0,2.228,6.4
ts188031,Pink Zone,SHOW,2007,0,"drama, romance, comedy",MX,5.8,52.0,0.682,10.0
tm85689,Krishna Cottage,MOVIE,2004,124,"thriller, horror, romance, drama",IN,5.1,1178.0,1.357,5.5
tm38454,Jeff Dunham's Very Special Christmas Special,MOVIE,2008,85,"comedy, documentation",US,7.4,3042.0,2.581,6.9
tm57586,Mission Istaanbul,MOVIE,2008,125,"action, drama, thriller",IN,3.4,1169.0,1.009,3.2
ts23797,Black & White,SHOW,2009,37,"action, comedy, sport, crime",TW,7.6,312.0,3.208,8.9
tm76029,Under the Bombs,MOVIE,2007,98,"war, romance, drama, history, european","LB, GB, FR",7.0,1655.0,2.151,6.4
tm42831,Kyo Kii... Main Jhuth Nahin Bolta,MOVIE,2001,149,"comedy, action, drama, fantasy",IN,5.3,2232.0,2.593,5.4
ts70843,The Prince Who Turns into a Frog,SHOW,2005,44,"drama, comedy, romance",TW,6.7,136.0,1.613,5.8
tm216753,Old Thieves: The Legend of Artegio,MOVIE,2007,97,"documentation, crime",MX,8.0,317.0,1.743,7.4
tm168751,Stray Bullet,MOVIE,2010,76,drama,LB,6.3,368.0,0.958,5.3
tm101540,Well Done Abba,MOVIE,2010,144,comedy,IN,7.2,1902.0,1.798,5.3
tm142153,Kisaan,MOVIE,2009,100,"drama, thriller, action, crime",IN,5.5,305.0,1.844,6.3
tm92671,Once a Gangster,MOVIE,2010,95,"comedy, crime, action",HK,5.7,500.0,3.253,6.3
tm88343,Perazhagan,MOVIE,2004,148,"comedy, thriller, drama, romance",IN,6.4,1524.0,4.414,6.6
tm628693,"Do Paise Ki Dhoop, Chaar Aane Ki Baarish",MOVIE,2009,121,drama,IN,6.5,212.0,1.299,6.2
tm155774,Pomegranates and Myrrh,MOVIE,2009,95,drama,"FR, DE, KW, PS",6.2,253.0,2.784,6.7
tm46867,Kuselan,MOVIE,2008,160,"drama, family, comedy",IN,4.8,1034.0,1.006,6.3
tm95507,Chance Pe Dance,MOVIE,2010,121,"drama, music, romance, comedy",IN,4.8,2979.0,3.357,5.3
tm75544,Dhan Dhana Dhan Goal,MOVIE,2007,167,"drama, sport, thriller",IN,5.0,2635.0,5.282,5.3
tm144263,Aagey Se Right,MOVIE,2009,117,"comedy, crime, drama",IN,5.2,411.0,1.216,5.0
tm21155,Falafel,MOVIE,2006,80,"drama, european","LB, FR",6.7,217.0,1.152,5.5
tm85369,Hattrick,MOVIE,2007,110,"drama, comedy, romance, sport",IN,4.3,495.0,2.115,5.0
tm140653,Look for a Star,MOVIE,2009,117,"comedy, romance, drama",HK,5.6,719.0,2.345,5.1
tm311516,Koi Aap Sa,MOVIE,2005,142,"romance, drama, comedy",IN,5.5,262.0,1.445,7.2
tm152413,Talentime,MOVIE,2009,120,drama,MY,7.4,214.0,1.387,4.8
tm130999,Dhoondte Reh Jaaoge,MOVIE,2009,135,"comedy, drama",IN,5.6,819.0,2.528,4.5
tm28024,A Very Special Love,MOVIE,2008,105,"comedy, drama, romance",PH,6.5,391.0,2.281,7.3
tm85563,Ezra,MOVIE,2007,105,"drama, european","GB, US, AT, FR, DE, NG",6.4,274.0,2.368,5.7
tm76399,A Love Story,MOVIE,2007,117,"drama, romance",PH,6.4,142.0,2.011,5.2
tm252951,Brother's Shadow,MOVIE,2006,91,drama,US,6.1,152.0,0.999,7.0
tm87672,Rabun,MOVIE,2003,90,"drama, family",MY,7.6,85.0,1.201,7.0
ts20660,Shameless,SHOW,2011,54,"drama, comedy",US,8.6,234232.0,252.934,8.112
tm68272,Project X,MOVIE,2012,88,comedy,US,6.6,207830.0,148.44,6.8
tm61801,Zero Dark Thirty,MOVIE,2012,157,"thriller, drama, history, war",US,7.4,296416.0,24.241,7.0
tm44730,The Amazing Spider-Man,MOVIE,2012,136,"action, fantasy, scifi",US,6.9,646119.0,159.056,6.7
ts21095,Teenage Mutant Ninja Turtles,SHOW,2012,24,"animation, scifi, action, family, thriller, horror, fantasy, crime, comedy, drama",US,7.8,10809.0,48.881,8.3
tm39888,The Dark Knight Rises,MOVIE,2012,165,"thriller, action, drama, crime",US,8.4,1669067.0,91.76,7.768
tm166978,Mission: Impossible - Ghost Protocol,MOVIE,2011,132,"thriller, action",US,7.4,485301.0,76.839,7.0
ts20564,New Girl,SHOW,2011,21,"comedy, romance",US,7.7,219079.0,72.923,7.3
ts8175,Call the Midwife,SHOW,2012,55,"family, drama, history, european",GB,8.5,26146.0,25.211,7.4
ts278,Black Mirror,SHOW,2011,59,"drama, scifi, thriller, european",GB,8.8,526383.0,90.552,8.3
tm170442,Margin Call,MOVIE,2011,107,"thriller, drama",US,7.1,128874.0,14.851,6.8
tm41792,Django Unchained,MOVIE,2012,165,"western, drama",US,8.4,1472668.0,66.924,8.15
ts21580,Longmire,SHOW,2012,53,"drama, western, crime, action",US,8.3,35021.0,36.854,7.8
ts32835,Hunter x Hunter,SHOW,2011,23,"action, animation, comedy, fantasy",JP,9.0,92162.0,178.265,8.8
ts21599,Ink Master,SHOW,2012,42,reality,US,7.4,3998.0,13.078,7.9
tm32982,Les Misérables,MOVIE,2012,158,"drama, history, romance, war","US, GB",7.5,327017.0,21.858,7.3
tm60292,Argo,MOVIE,2012,120,"thriller, drama","GB, US",7.7,600392.0,18.069,7.3
ts27680,Last Tango in Halifax,SHOW,2012,58,"drama, comedy, romance, european",GB,8.3,7017.0,3.392,7.3
ts20433,JoJo's Bizarre Adventure,SHOW,2012,24,"scifi, animation, action, comedy, drama, fantasy, horror, thriller",JP,8.4,21354.0,64.047,8.8
tm171885,Kung Fu Panda 2,MOVIE,2011,90,"animation, family, comedy, fantasy, drama, action",US,7.2,280433.0,69.551,6.9
tm158304,Contagion,MOVIE,2011,106,"drama, thriller, scifi, action","AE, US",6.8,301531.0,33.992,6.6
ts17598,Arrow,SHOW,2012,42,"action, crime, drama, thriller, scifi",US,7.5,427871.0,122.099,6.7
ts20458,Ninjago: Masters of Spinjitzu,SHOW,2012,17,"animation, comedy, family, scifi, action, fantasy, european","DK, US",7.3,4798.0,67.932,7.8
ts20429,Sword Art Online,SHOW,2012,23,"scifi, action, animation, drama, western, fantasy, thriller, romance, comedy",JP,7.6,44606.0,58.325,8.284
ts20457,The Legend of Korra,SHOW,2012,23,"animation, drama, family, scifi, action, fantasy, comedy",US,8.4,119272.0,56.153,8.307
tm178201,Sherlock Holmes: A Game of Shadows,MOVIE,2011,129,"action, crime, thriller","GB, US",7.4,449965.0,51.119,7.1
tm36237,Contraband,MOVIE,2012,109,"action, drama, crime, thriller","FR, US, GB",6.4,122383.0,46.41,6.3
tm40319,Savages,MOVIE,2012,131,"drama, thriller, crime, action",US,6.4,129746.0,15.525,6.4
ts6506,The Borgias,SHOW,2011,51,"drama, crime, history, romance","HU, US, CA",7.9,51041.0,18.887,7.6
ts9794,Comedians in Cars Getting Coffee,SHOW,2012,19,"comedy, animation, family",US,8.0,12522.0,13.067,7.1
ts33338,Top Boy,SHOW,2011,48,"drama, crime, thriller, european",GB,8.4,24165.0,14.536,7.4
tm39896,Dark Shadows,MOVIE,2012,113,"comedy, fantasy, horror",US,6.2,265626.0,48.204,6.0
tm74848,Total Recall,MOVIE,2012,118,"scifi, thriller, action, crime","CA, US",6.2,253352.0,51.651,5.967
ts27468,Transformers: Rescue Bots,SHOW,2012,22,"scifi, action, animation, comedy, family",US,6.4,925.0,9.697,8.2
ts20500,Lilyhammer,SHOW,2012,45,"comedy, crime, drama",NO,7.9,29366.0,15.363,7.4
tm168921,The Smurfs,MOVIE,2011,103,"animation, family, action, comedy, fantasy",US,5.4,90097.0,56.324,5.8
tm160132,Soul Surfer,MOVIE,2011,106,"drama, family, sport",US,7.0,49599.0,42.736,7.1
tm49592,LOL,MOVIE,2012,92,"drama, comedy, romance",US,4.3,55976.0,14.465,6.1
tm167232,Unknown,MOVIE,2011,113,"thriller, action, european","GB, FR, DE",6.8,260783.0,63.884,6.7
tm38980,Rise of the Guardians,MOVIE,2012,97,"fantasy, action, family, animation, thriller, scifi, comedy, drama, european",US,7.2,173157.0,52.108,7.4
ts20556,Teen Mom 2,SHOW,2011,41,"reality, romance, documentation, comedy",US,4.5,28.0,11.811,6.6
tm69926,Here Comes the Boom,MOVIE,2012,105,"action, comedy, sport",US,6.4,90126.0,15.732,6.2
tm60844,Berserk: The Golden Age Arc I - The Egg of the King,MOVIE,2012,76,"action, fantasy, animation, horror, war, drama",JP,7.5,12548.0,20.928,7.4
ts9246,Blue Exorcist,SHOW,2011,25,"scifi, action, fantasy, horror, family, animation, drama",JP,7.5,12985.0,46.557,8.1
ts27835,MeatEater,SHOW,2012,22,documentation,US,7.5,1486.0,7.81,9.0
ts18551,Cuckoo,SHOW,2012,27,"comedy, drama, european",GB,5.9,20.0,13.25,6.9
tm62210,Rurouni Kenshin Part I: Origins,MOVIE,2012,134,"action, drama, history, war",JP,7.4,26098.0,26.93,7.591
tm106278,Everything Must Go,MOVIE,2011,97,"romance, comedy, drama",US,6.4,50792.0,9.825,6.1
tm182586,Silenced,MOVIE,2011,125,drama,KR,8.0,16423.0,32.829,8.1
ts36647,Rita,SHOW,2012,40,"comedy, drama, european",DK,8.1,8718.0,11.299,7.7
ts81858,Larva,SHOW,2011,2,"comedy, family, animation, drama, horror, thriller",KR,7.1,615.0,9.644,7.4
ts34740,My Babysitter's a Vampire,SHOW,2011,22,"scifi, action, comedy, fantasy, horror","CA, US",6.9,4454.0,25.428,8.3
ts21081,Pablo Escobar: The Drug Lord,SHOW,2012,44,"crime, drama, thriller, history",CO,8.4,5019.0,337.869,7.6
ts27586,Magi,SHOW,2012,24,"scifi, action, animation, comedy, fantasy",JP,7.8,4006.0,28.161,8.6
ts19779,Barbie: Life in the Dreamhouse,SHOW,2012,6,"family, animation, comedy",US,7.4,1887.0,30.905,7.4
ts22249,Kuroko's Basketball,SHOW,2012,24,"comedy, animation, sport",JP,8.3,8420.0,61.164,8.7
tm173195,The Rite,MOVIE,2011,114,"drama, thriller, horror","US, HU, IT",6.0,97585.0,22.593,6.1
tm69386,Quartet,MOVIE,2012,98,"drama, comedy, romance, music",GB,6.8,20297.0,9.316,6.5
tm174683,Arthur Christmas,MOVIE,2011,97,"drama, animation, family, comedy, fantasy","GB, US",7.1,58635.0,22.092,6.7
tm72845,John Mulaney: New in Town,MOVIE,2012,58,"comedy, documentation",US,8.2,6729.0,4.732,8.1
ts34921,Wolverine,SHOW,2011,24,"scifi, animation, action",JP,6.2,1519.0,8.022,6.5
tm170758,Hop,MOVIE,2011,101,"animation, comedy, family, fantasy",US,5.4,34363.0,19.141,5.7
tm174256,Red Riding Hood,MOVIE,2011,100,"fantasy, thriller, horror, drama, romance","CA, US",5.4,112015.0,24.404,6.0
tm56296,The History of Future Folk,MOVIE,2012,86,"music, comedy, scifi",US,7.1,3478.0,4.334,6.8
tm160371,A Very Harold & Kumar Christmas,MOVIE,2011,108,"comedy, fantasy, romance",US,6.2,69562.0,17.242,6.0
tm183547,Escape from Planet Earth,MOVIE,2012,89,"scifi, comedy, family, animation","CA, US",5.8,25734.0,18.259,5.7
ts34737,La Reina del Sur,SHOW,2011,41,"drama, crime, action, thriller",MX,8.0,2445.0,108.286,7.693
tm59590,One Piece Film: Z,MOVIE,2012,108,"action, animation, fantasy",JP,7.8,7243.0,52.89,7.5
ts34151,TIGER & BUNNY,SHOW,2011,25,"scifi, action, animation, comedy, crime",JP,7.3,1028.0,8.393,7.1
tm161904,Bully,MOVIE,2011,92,"drama, documentation",US,7.4,10266.0,6.651,7.2
tm44165,"Chaos, Disorder",MOVIE,2012,76,"drama, family, fantasy",EG,6.2,109.0,1.024,7.0
tm53034,Sebastian Maniscalco: What's Wrong with People?,MOVIE,2012,75,comedy,US,8.0,1217.0,1.98,7.8
ts32460,Inborn Pair,SHOW,2011,43,drama,TW,7.1,108.0,4.989,1.0
ts26776,Smile PreCure!,SHOW,2012,23,"action, comedy, scifi, family, fantasy, animation",JP,6.2,391.0,10.849,7.6
tm164353,Singham,MOVIE,2011,135,"drama, action, crime",IN,6.8,16827.0,7.066,6.7
ts39093,EastSiders,SHOW,2012,23,"comedy, drama",US,6.8,2783.0,5.685,6.9
ts33349,Robocar Poli,SHOW,2011,14,"animation, comedy, family, fantasy",KR,6.0,126.0,11.341,7.7
tm38064,Berserk: The Golden Age Arc II - The Battle for Doldrey,MOVIE,2012,98,"action, drama, fantasy, animation, horror",JP,7.7,10470.0,20.201,7.5
tm182125,Zindagi Na Milegi Dobara,MOVIE,2011,166,"romance, drama, comedy",IN,8.1,76565.0,11.997,7.6
ts55532,LEGO Friends,SHOW,2012,16,"animation, european",US,7.6,20.0,3.483,5.0
ts191698,Little Baby Bum,SHOW,2011,7,"family, music, animation",GB,6.4,94.0,0.971,10.0
ts45996,Outback Truckers,SHOW,2012,44,"reality, documentation",AU,7.4,264.0,6.693,8.1
tm160361,A Princess for Christmas,MOVIE,2011,89,"family, romance, comedy, drama",US,6.3,8268.0,22.33,7.1
tm34331,Middle of Nowhere,MOVIE,2012,101,drama,US,6.5,1838.0,2.677,6.7
tm183039,Donald Glover: Weirdo,MOVIE,2012,65,"comedy, documentation",US,7.4,3584.0,5.743,6.8
ts35426,LEGO City,SHOW,2011,4,"animation, european",GB,5.0,37.0,1.403,5.8
ts58528,Inside West Coast Customs,SHOW,2011,43,reality,US,7.3,44.0,4.71,9.1
tm177258,Delhi Belly,MOVIE,2011,102,"comedy, action, crime, thriller",IN,7.5,29927.0,6.638,7.0
tm174190,Undefeated,MOVIE,2011,113,"documentation, sport",US,7.7,7073.0,6.591,7.7
tm68436,Barfi!,MOVIE,2012,151,"drama, romance, comedy",IN,8.1,81198.0,7.897,7.5
tm65765,6 Bullets,MOVIE,2012,115,"thriller, action, crime, drama",US,6.0,14988.0,31.445,6.1
tm179451,7 Khoon Maaf,MOVIE,2011,148,"thriller, comedy, drama",IN,6.2,5969.0,5.469,6.3
tm177044,Naruto Shippuden the Movie: Blood Prison,MOVIE,2011,108,"action, comedy, horror, thriller, animation, fantasy",JP,7.1,5104.0,184.852,7.2
tm49451,Maria Bamford: The Special Special Special!,MOVIE,2012,50,comedy,US,7.0,567.0,1.407,7.0
tm1096916,The Trial of Adolf Eichmann,MOVIE,2011,90,documentation,FR,7.5,84.0,1.241,8.3
tm176128,Don't Go Breaking My Heart,MOVIE,2011,115,"romance, comedy",HK,6.5,1803.0,3.662,6.6
tm67444,Jim Gaffigan: Mr. Universe,MOVIE,2012,77,comedy,US,7.7,3524.0,3.991,6.9
tm183176,A Second Chance,MOVIE,2011,90,"drama, family, sport",AU,4.7,1030.0,6.388,6.2
tm40860,Big Time Movie,MOVIE,2012,68,"comedy, music, family",US,6.1,1962.0,14.213,7.6
tm35700,Paan Singh Tomar,MOVIE,2012,135,"drama, crime, sport, thriller, action",IN,8.2,36077.0,4.424,7.4
tm169053,Shor in the City,MOVIE,2011,107,"drama, crime",IN,7.2,3753.0,4.11,6.4
tm53395,FRED 3: Camp Fred,MOVIE,2012,81,"comedy, family",US,2.0,2654.0,5.926,5.6
tm183037,Don 2,MOVIE,2011,139,"action, thriller, crime, european","IN, DE",7.0,52750.0,9.333,7.0
tm177958,Pyaar Ka Punchnama,MOVIE,2011,149,"romance, drama, comedy, european",IN,7.6,21521.0,4.851,7.0
ts6879,El Reemplazante,SHOW,2012,45,drama,CL,8.5,777.0,4.391,8.0
tm178106,Chillar Party,MOVIE,2011,130,"comedy, drama, family",IN,7.5,7831.0,2.552,7.0
tm57610,Talaash,MOVIE,2012,139,"crime, thriller, drama, fantasy",IN,7.2,42188.0,8.367,6.8
tm169354,Coming Forth by Day,MOVIE,2012,96,drama,EG,6.5,234.0,0.6,5.4
tm176111,The Great Magician,MOVIE,2011,128,"thriller, drama, romance, comedy","CN, HK",5.9,1774.0,6.144,6.1
tm59372,Arjun: The Warrior Prince,MOVIE,2012,96,"action, animation, drama",IN,6.7,14.0,3.031,6.2
tm161804,Toll Booth,MOVIE,2011,97,drama,TR,6.4,4206.0,2.481,6.3
tm159593,No One Killed Jessica,MOVIE,2011,136,"drama, thriller, crime",IN,7.2,11783.0,4.471,6.7
ts39112,Justin Time,SHOW,2011,15,"action, animation, comedy, family",CA,6.0,16.0,3.657,8.0
tm44615,Ferrari Ki Sawaari,MOVIE,2012,140,"family, comedy, drama, sport",IN,6.4,5465.0,3.068,6.2
tm54780,Tiger & Bunny: The Beginning,MOVIE,2012,88,"scifi, animation, action",JP,6.6,264.0,2.996,6.5
tm175909,The Dirty Picture,MOVIE,2011,144,"drama, comedy",IN,6.6,9662.0,7.209,6.3
tm57382,Kath & Kimderella,MOVIE,2012,80,comedy,AU,5.3,1362.0,1.768,4.8
tm59289,Rowdy Rathore,MOVIE,2012,143,"action, comedy, crime",IN,5.7,22497.0,6.89,6.1
tm47171,OMG: Oh My God!,MOVIE,2012,125,"drama, fantasy, comedy",IN,8.1,58017.0,7.512,7.3
tm48239,Ek Main Aur Ekk Tu,MOVIE,2012,110,"drama, romance, comedy",IN,5.7,6820.0,4.062,5.6
tm160021,A Beautiful Life,MOVIE,2011,124,"drama, romance","HK, CN",6.7,927.0,8.025,6.6
tm54371,Mugamoodi,MOVIE,2012,156,"drama, action",IN,5.1,1215.0,3.958,5.0
tm172883,Game,MOVIE,2011,135,"thriller, action, crime, drama, european",IN,5.2,2353.0,4.612,5.2
tm174518,Bodyguard,MOVIE,2011,134,"drama, action, romance, comedy",IN,4.6,25778.0,7.661,5.3
tm70528,Material,MOVIE,2012,94,"comedy, drama",ZA,7.1,967.0,1.176,5.9
tm74031,Kyaa Super Kool Hain Hum,MOVIE,2012,137,"drama, comedy",IN,5.0,3926.0,3.166,5.1
tm181856,Jeff Dunham: Controlled Chaos,MOVIE,2011,90,"comedy, documentation",US,7.4,2296.0,2.89,6.3
tm38013,Players,MOVIE,2012,165,"thriller, action, crime",IN,4.2,4534.0,4.977,5.2
tm42306,Aiyyaa,MOVIE,2012,146,"romance, comedy",IN,4.3,1889.0,4.582,5.1
ts32561,Office Girls,SHOW,2011,46,"comedy, drama, romance",TW,6.8,153.0,9.047,7.3
tm39606,Tere Naal Love Ho Gaya,MOVIE,2012,126,"drama, comedy, romance",IN,5.8,4381.0,3.262,6.2
tm167241,Ragini MMS,MOVIE,2011,93,"drama, horror, thriller",IN,5.1,2654.0,2.033,3.8
ts37864,The Glamorous Imperial Concubine,SHOW,2011,47,"drama, history, romance",CN,6.8,156.0,3.417,7.0
tm71992,Grandmaster,MOVIE,2012,130,"thriller, action",IN,6.9,2211.0,3.101,6.5
tm31948,26 Years,MOVIE,2012,135,"drama, thriller, crime",KR,6.3,1217.0,8.673,7.0
tm166810,Michael,MOVIE,2011,97,"drama, thriller",IN,5.3,168.0,0.823,5.5
tm37573,"All's Well, Ends Well",MOVIE,2012,118,"romance, comedy",HK,5.1,338.0,4.674,4.9
tm69915,Heroine,MOVIE,2012,140,drama,IN,5.0,4353.0,4.154,5.0
tm164090,Lavell Crawford: Can a Brother Get Some Love?,MOVIE,2011,90,"comedy, documentation",US,6.9,234.0,2.301,6.5
tm37175,Jeff Dunham: Minding the Monsters,MOVIE,2012,80,comedy,US,7.0,1416.0,2.314,6.2
tm66725,Kalakalappu,MOVIE,2012,149,comedy,IN,6.9,1398.0,2.488,6.5
tm166740,Chhota Bheem & Krishna in Mayanagari,MOVIE,2011,66,"animation, action, fantasy",IN,8.7,13.0,1.028,5.1
tm200838,Chhota Bheem In Dholakpur to Kathmandu,MOVIE,2012,70,animation,XX,7.9,50.0,1.172,7.0
ts44064,Drunken to Love You,SHOW,2011,46,"comedy, drama, romance",TW,6.5,114.0,3.195,8.0
tm169128,An Elf's Story,MOVIE,2011,24,"scifi, animation, family, fantasy",US,5.1,510.0,2.874,2.7
tm172353,Bbuddah Hoga Terra Baap,MOVIE,2011,117,"thriller, action, comedy, crime",IN,5.6,2908.0,2.229,5.2
tm34746,Luv Shuv Tey Chicken Khurana,MOVIE,2012,140,comedy,IN,6.6,3925.0,2.564,6.3
tm29400,Bwakaw,MOVIE,2012,104,drama,PH,7.1,301.0,0.831,6.2
tm53360,Blood Money,MOVIE,2012,110,"thriller, drama, crime, action",IN,5.0,1480.0,31.391,6.1
tm180532,Shaitan,MOVIE,2011,121,"drama, thriller, action, crime",IN,7.2,8475.0,4.098,6.4
tm34142,Department,MOVIE,2012,141,"action, thriller, crime",IN,3.2,1058.0,2.125,6.0
ts27875,Masha's tales,SHOW,2012,5,"animation, family",RU,6.4,92.0,5.32,7.5
tm162592,Asmaa,MOVIE,2011,96,drama,EG,8.1,4483.0,2.327,8.3
tm70652,Thaandavam,MOVIE,2012,167,"action, thriller",IN,6.1,2034.0,2.596,5.6
tm172211,Question Mark,MOVIE,2011,102,drama,ID,7.0,259.0,1.21,6.0
tm57256,Husbands in Goa,MOVIE,2012,150,comedy,IN,3.8,286.0,1.4,4.4
ts128422,Takki,SHOW,2012,16,drama,SA,6.6,269.0,1.29,8.3
tm51412,Moshe Kasher: Live in Oakland,MOVIE,2012,60,comedy,US,6.7,332.0,1.654,7.1
tm38331,The Mistress,MOVIE,2012,125,"romance, drama",PH,6.3,361.0,2.635,5.9
tm481620,The Rise of Kirmada,MOVIE,2012,68,animation,IN,8.2,67.0,2.328,8.0
tm30278,Vettai,MOVIE,2012,150,"action, thriller",IN,6.0,2450.0,3.941,6.8
tm165932,Muran,MOVIE,2011,134,"drama, thriller, action",IN,6.3,294.0,1.181,6.3
tm63368,A World Not Ours,MOVIE,2012,93,"documentation, history",PS,7.8,388.0,1.106,8.0
tm161632,Tom Papa: Live in New York City,MOVIE,2011,57,comedy,US,7.2,501.0,2.414,6.1
tm182026,Zokkomon,MOVIE,2011,109,"fantasy, drama, family, action",IN,4.0,411.0,1.927,6.8
tm235979,My Friend Pinto,MOVIE,2011,115,"comedy, crime, drama",IN,5.3,392.0,1.489,5.0
tm60213,One More Try,MOVIE,2012,100,drama,PH,6.0,203.0,3.235,6.0
tm159623,No Other Woman,MOVIE,2011,104,"romance, drama, thriller",PH,5.9,311.0,1.583,4.0
tm34646,Sisterakas,MOVIE,2012,110,"comedy, drama",PH,5.0,285.0,3.424,5.1
ts39465,Yours Fatefully,SHOW,2012,44,"drama, comedy, romance",SG,6.7,15.0,1.796,6.0
ts69208,"Love, Now",SHOW,2012,45,drama,TW,7.5,124.0,1.774,6.5
tm224577,Phone Swap,MOVIE,2012,111,"comedy, romance",NG,6.2,174.0,1.968,5.0
tm172504,"Darling, Something's Wrong with Your Head",MOVIE,2011,78,"drama, romance, war, european","PS, NL, US, AE",6.7,133.0,1.666,5.8
ts20110,Peaky Blinders,SHOW,2013,58,"crime, drama, european",GB,8.8,511668.0,1038.077,8.558
ts20837,Outlander,SHOW,2014,60,"scifi, romance, drama, fantasy",US,8.4,156114.0,101.42,8.2
ts20682,Attack on Titan,SHOW,2013,24,"action, scifi, animation, horror, drama, fantasy",JP,9.0,325381.0,85.661,8.6
ts20824,The Originals,SHOW,2013,43,"scifi, drama, fantasy, horror",US,8.3,133406.0,114.436,8.6
ts1639,The Blacklist,SHOW,2013,43,"thriller, drama, crime",US,8.0,242640.0,227.557,7.6
ts20351,Married at First Sight,SHOW,2014,64,"reality, romance, european",US,6.1,2021.0,15.176,5.6
ts11188,The Flash,SHOW,2014,42,"drama, scifi, family, animation, action",US,7.6,341393.0,537.156,7.8
tm140389,Paddington,MOVIE,2014,95,"comedy, family, fantasy, animation, european","US, FR, GB",7.2,113735.0,34.868,7.1
ts20248,Reign,SHOW,2013,42,"drama, fantasy, history",US,7.5,47751.0,50.864,8.0
tm150928,It Follows,MOVIE,2014,101,"horror, thriller",US,6.8,236513.0,123.984,6.559
tm140877,The Imitation Game,MOVIE,2014,113,"thriller, drama, war","GB, US",8.0,756254.0,49.673,8.0
ts8146,The 100,SHOW,2014,42,"scifi, drama, action",US,7.6,245631.0,217.82,7.9
tm176864,Rush,MOVIE,2013,123,"drama, action, sport, european","US, DE, GB",8.1,471586.0,29.759,7.7
tm151663,Nightcrawler,MOVIE,2014,118,"thriller, crime, drama",US,7.8,531779.0,57.276,7.7
ts16045,Are You The One?,SHOW,2014,41,reality,US,6.4,2528.0,9.479,5.9
tm145655,St. Vincent,MOVIE,2014,102,"comedy, drama",US,7.2,102820.0,18.905,7.1
tm160621,The Conjuring,MOVIE,2013,112,"horror, thriller",US,7.5,496484.0,221.925,7.533
ts20292,Gotham,SHOW,2014,43,"drama, scifi, thriller, action, crime",US,7.8,227760.0,106.651,7.6
tm134967,How to Train Your Dragon 2,MOVIE,2014,102,"action, animation, comedy, family, fantasy",US,7.8,330975.0,134.7,7.67
tm183523,Oldboy,MOVIE,2013,104,"action, drama, thriller",US,5.7,75728.0,20.164,5.9
ts6,House of Cards,SHOW,2013,52,drama,US,8.7,497650.0,33.936,8.1
tm148147,Big Eyes,MOVIE,2014,106,"drama, documentation, romance, crime","CA, US",7.2,51.0,11.98,6.998
tm143227,Begin Again,MOVIE,2013,104,"drama, comedy, music, romance",US,7.4,155249.0,15.514,7.254
ts21374,How to Get Away with Murder,SHOW,2014,43,"crime, drama, thriller",US,8.1,148643.0,47.891,7.9
ts14583,BoJack Horseman,SHOW,2014,26,"comedy, drama, animation",US,8.8,148127.0,92.956,8.6
tm169719,42,MOVIE,2013,128,"drama, sport",US,7.5,94520.0,18.267,7.1
tm182429,Olympus Has Fallen,MOVIE,2013,120,"action, thriller, drama",US,6.5,274270.0,55.607,6.4
ts20261,Madam Secretary,SHOW,2014,43,"war, thriller, drama",US,7.6,22894.0,28.001,6.9
tm175843,Dark Skies,MOVIE,2013,97,"scifi, thriller, horror, documentation",US,6.3,75663.0,22.342,6.3
tm163686,Blue Jasmine,MOVIE,2013,99,"drama, comedy, european",US,7.3,201749.0,11.254,7.0
ts21367,Jane the Virgin,SHOW,2014,42,"drama, comedy",US,7.8,46286.0,62.316,7.952
ts20108,Henry Danger,SHOW,2014,24,"comedy, family, action, scifi, thriller, drama",US,5.6,5450.0,103.628,8.3
tm180572,Insidious: Chapter 2,MOVIE,2013,106,"horror, thriller",US,6.5,169039.0,68.55,6.7
tm151807,Creep,MOVIE,2014,82,"horror, thriller",US,6.3,53408.0,16.301,6.4
tm151764,Barefoot,MOVIE,2014,90,"romance, comedy, drama",US,6.6,24167.0,9.2,6.6
ts20823,Orange Is the New Black,SHOW,2013,59,"drama, comedy, crime",US,8.1,298009.0,87.316,7.7
tm153284,The Giver,MOVIE,2014,97,"drama, scifi, thriller, romance",US,6.4,118877.0,17.987,6.5
ts32218,The Thundermans,SHOW,2013,24,"action, scifi, family, comedy, drama",US,5.6,5525.0,44.482,8.1
ts35682,Wentworth,SHOW,2013,46,"drama, thriller, crime",AU,8.6,22056.0,32.398,8.1
tm165967,Mandela: Long Walk to Freedom,MOVIE,2013,141,"drama, history","GB, ZA",7.1,27866.0,7.715,6.9
ts20791,Z Nation,SHOW,2014,43,"action, comedy, drama, horror, romance, scifi",US,6.6,36415.0,66.412,7.2
tm161525,The Green Inferno,MOVIE,2013,100,"thriller, horror","US, CA, CL",5.3,44016.0,32.224,5.7
tm168400,Empire State,MOVIE,2013,94,"action, drama, crime, thriller, european",US,5.2,21538.0,39.273,5.4
tm161282,Penguins of Madagascar,MOVIE,2014,92,"family, animation, action, comedy, scifi",US,6.6,89930.0,92.315,6.505
ts20280,Marco Polo,SHOW,2014,55,"action, drama, history, documentation",US,8.0,71735.0,22.636,7.4
tm148671,A Walk Among the Tombstones,MOVIE,2014,113,"drama, thriller, action, crime",US,6.5,121232.0,67.95,6.309
tm171042,The Call,MOVIE,2013,94,"thriller, crime, drama, horror, action, european",US,6.7,121843.0,41.764,6.8
tm178712,Scary Movie 5,MOVIE,2013,89,"comedy, horror",US,3.5,71405.0,122.985,4.8
ts20288,From Dusk Till Dawn: The Series,SHOW,2014,45,"scifi, action, crime, fantasy, horror",US,6.9,20132.0,24.329,6.3
ts20281,Sofia the First,SHOW,2013,24,"animation, family, fantasy",US,6.8,2978.0,44.688,7.2
tm187279,Philomena,MOVIE,2013,97,"drama, comedy, european",GB,7.6,99647.0,9.752,7.4
tm141648,Seventh Son,MOVIE,2014,102,"action, fantasy","US, GB, CN, CA",5.5,76939.0,45.215,5.5
ts314002,The Seven Deadly Sins,SHOW,2014,25,"scifi, action, animation, comedy, fantasy",JP,7.9,31085.0,25.225,8.503
tm176630,The Butler,MOVIE,2013,132,"drama, european",US,7.2,114768.0,15.115,7.355
ts32060,Sam & Cat,SHOW,2013,24,"comedy, drama, family",US,5.6,9744.0,29.349,7.9
tm184608,Texas Chainsaw 3D,MOVIE,2013,87,"thriller, horror",US,4.8,49312.0,53.401,5.4
tm187979,Cloudy with a Chance of Meatballs 2,MOVIE,2013,95,"animation, scifi, drama, comedy, family, fantasy",US,6.3,102071.0,64.17,6.443
tm171228,Metallica: Through the Never,MOVIE,2013,93,music,US,7.1,17513.0,14.231,6.8
ts2727,Derek,SHOW,2013,27,"drama, comedy, european",GB,8.1,32622.0,9.295,7.4
ts20790,Young & Hungry,SHOW,2014,21,"comedy, drama, romance",US,7.3,15780.0,21.126,6.8
tm161029,Mr. Peabody & Sherman,MOVIE,2014,92,"action, family, animation, romance, comedy, fantasy, history, scifi",US,6.8,69669.0,37.533,6.7
ts20014,Sailor Moon Crystal,SHOW,2014,24,"animation, scifi, fantasy, romance, action, comedy, drama, family",JP,7.8,2148.0,47.398,8.2
tm181270,The Frozen Ground,MOVIE,2013,105,"thriller, crime, drama",US,6.4,62972.0,10.449,6.3
ts35570,Lovesick,SHOW,2014,25,"comedy, european",GB,8.0,19899.0,12.802,7.5
tm237143,Shrek the Musical,MOVIE,2013,130,"music, comedy, fantasy, family",US,6.9,3695.0,14.341,7.2
tm181081,The Railway Man,MOVIE,2013,116,"drama, history, european, romance, war","AU, CH, GB",7.1,40175.0,8.518,6.9
ts20336,Velvet,SHOW,2014,57,"drama, romance, thriller, action, crime, european",ES,8.1,6115.0,37.631,6.1
ts35244,Tiny House Nation,SHOW,2014,43,reality,US,7.1,1143.0,4.211,7.5
tm144121,Get on Up,MOVIE,2014,139,"drama, music",US,6.9,24613.0,9.945,6.7
ts2161,Angry Birds Toons,SHOW,2013,2,"comedy, family, fantasy, animation, action, european",FI,6.2,835.0,6.854,6.7
ts32271,Shtisel,SHOW,2013,49,drama,IL,8.6,7062.0,14.873,8.4
ts20097,Hemlock Grove,SHOW,2013,49,"thriller, scifi, drama, fantasy, horror",US,7.0,39998.0,22.596,7.3
ts22383,Rabbids Invasion,SHOW,2013,10,"animation, comedy, family, european","FR, US",5.4,1930.0,11.398,6.0
tm143642,Who Am I,MOVIE,2014,105,"thriller, european, scifi, crime, drama",DE,7.5,55044.0,26.737,7.7
ts36836,Zach Stone Is Gonna Be Famous,SHOW,2013,20,comedy,US,8.3,3744.0,3.795,8.5
ts22426,The Irregular at Magic High School,SHOW,2014,23,"action, scifi, animation, drama, fantasy, romance",JP,7.1,3386.0,46.794,7.9
ts42168,Resurrection: Ertugrul,SHOW,2014,57,"action, war, drama, history",TR,7.9,36177.0,30.409,7.7
tm148976,The Battered Bastards of Baseball,MOVIE,2014,80,"documentation, sport",US,8.0,4043.0,6.367,7.6
ts35282,The Next Step,SHOW,2013,24,"drama, family, romance",CA,6.0,1950.0,9.889,7.2
tm136601,Walk of Shame,MOVIE,2014,95,comedy,US,6.0,54465.0,23.897,5.9
tm151716,Cowspiracy: The Sustainability Secret,MOVIE,2014,90,documentation,US,8.2,25133.0,6.207,7.8
tm166628,The Smurfs 2,MOVIE,2013,105,"comedy, animation, fantasy, family",US,5.3,42011.0,32.819,5.8
tm140342,"I, Frankenstein",MOVIE,2014,92,"thriller, scifi, horror, action, fantasy","AU, US",5.1,80985.0,22.094,5.3
ts20883,"Nicky, Ricky, Dicky & Dawn",SHOW,2014,23,"family, comedy",US,5.1,2642.0,27.683,7.3
tm151447,The November Man,MOVIE,2014,108,"thriller, action, crime","GB, US",6.2,67737.0,19.151,6.1
tm147913,PK,MOVIE,2014,153,"drama, comedy, scifi, romance, fantasy",IN,8.1,181406.0,10.001,7.7
ts11794,The Cat in the Hat Knows a Lot About That!,SHOW,2013,19,"animation, family, fantasy, scifi, comedy","CA, US, GB",6.4,634.0,5.109,7.8
ts22445,The Heirs,SHOW,2013,59,"comedy, drama, romance",KR,7.5,10653.0,44.966,7.8
tm149038,Bill Burr: I'm Sorry You Feel That Way,MOVIE,2014,80,"comedy, documentation",US,8.3,8084.0,6.745,7.6
tm161562,Copenhagen,MOVIE,2014,98,"drama, romance","DK, US",7.0,13233.0,5.982,6.7
ts34066,Mako: Island of Secrets,SHOW,2013,25,"scifi, action, family, fantasy, romance, comedy, drama",AU,6.7,4015.0,41.013,7.6
ts521,Black Ink Crew New York,SHOW,2013,43,reality,US,4.6,468.0,7.659,8.5
tm71148,Thanks for Sharing,MOVIE,2013,112,"comedy, drama, romance",US,6.4,28396.0,9.986,5.9
tm156811,Queen,MOVIE,2014,146,"comedy, drama",IN,8.1,65418.0,8.434,7.4
ts82979,Talking Tom and Friends,SHOW,2014,14,"animation, comedy, drama, family, action, fantasy, european",US,6.1,411.0,22.213,8.2
ts33590,The Haunted Hathaways,SHOW,2013,24,"comedy, family, fantasy",US,5.0,2538.0,17.079,7.1
tm138431,Virunga,MOVIE,2014,90,"documentation, war","CD, GB",8.2,11476.0,5.962,8.0
ts33840,Nagi-Asu: A Lull in the Sea,SHOW,2013,23,"scifi, animation, drama, fantasy, romance",JP,7.3,1165.0,12.324,7.5
tm171965,Mike Birbiglia: My Girlfriend's Boyfriend,MOVIE,2013,75,"comedy, documentation, romance",US,8.0,3331.0,3.358,7.5
tm157085,Effie Gray,MOVIE,2014,104,"drama, romance",GB,6.0,5596.0,6.142,5.9
tm185208,Elena,MOVIE,2013,82,"documentation, european, drama, family","US, BR",7.6,1823.0,4.427,7.4
tm180599,The Haunting in Connecticut 2: Ghosts of Georgia,MOVIE,2013,101,"thriller, horror, drama",US,5.2,17264.0,27.261,5.8
ts58137,Pac-Man and the Ghostly Adventures,SHOW,2013,22,"action, scifi, drama, animation, comedy, family, fantasy","CA, JP, US",4.6,678.0,13.763,7.4
tm154797,The Nut Job,MOVIE,2014,85,"comedy, crime, family, animation","CA, KR",5.7,28484.0,20.859,5.7
ts20709,Yowamushi Pedal,SHOW,2013,25,"comedy, animation, drama, sport",JP,7.7,824.0,23.065,7.3
ts10206,Ever After High,SHOW,2013,29,"action, animation, comedy, drama, family, fantasy, music, romance",CA,7.7,1184.0,28.659,7.8
ts154625,Dérapages,SHOW,2014,53,"drama, thriller",FR,7.9,14.0,8.389,6.9
ts37187,Senora Acero,SHOW,2014,43,"crime, drama, romance",US,6.8,387.0,139.363,7.8
ts53641,Lalaloopsy,SHOW,2013,23,animation,US,6.5,104.0,0.939,4.0
tm148910,Haider,MOVIE,2014,150,"action, drama, thriller, crime",IN,8.1,54709.0,7.372,7.1
tm182275,Omar,MOVIE,2013,96,"romance, thriller, drama, crime, war",PS,7.5,14318.0,0.6,7.2
tm152904,Tom Segura: Completely Normal,MOVIE,2014,74,"comedy, documentation",US,7.7,2663.0,3.08,7.2
tm172710,We Steal Secrets: The Story of WikiLeaks,MOVIE,2013,127,documentation,US,6.9,7934.0,6.159,6.6
tm143757,Search Party,MOVIE,2014,93,comedy,US,5.6,7840.0,7.116,5.4
ts35628,Some Assembly Required,SHOW,2014,24,"comedy, documentation, reality",CA,8.5,22.0,12.121,6.8
ts58010,VeggieTales in the House,SHOW,2014,18,"comedy, family, music, animation",US,4.2,311.0,5.953,5.5
tm143372,Stand by Me Doraemon,MOVIE,2014,90,"scifi, fantasy, drama, family, animation, comedy",JP,7.3,7989.0,65.668,7.339
ts21368,Black Money Love,SHOW,2014,76,"action, drama, romance, crime",TR,7.4,6167.0,24.363,8.2
tm167944,Berserk: The Golden Age Arc III - The Advent,MOVIE,2013,110,"drama, fantasy, animation, action, romance, horror",JP,7.8,10173.0,41.099,7.6
tm187390,The Square,MOVIE,2013,88,"documentation, drama, history","US, EG, GB",8.1,8949.0,5.434,7.8
tm143363,2 States,MOVIE,2014,149,"drama, comedy, romance",IN,6.9,25656.0,9.483,6.6
ts88394,Moving Art,SHOW,2014,28,"documentation, family",US,8.6,454.0,1.4,6.3
ts36127,Turbo FAST,SHOW,2013,19,"comedy, family, sport, scifi, animation, action",US,6.3,613.0,7.35,8.7
ts3799,All Hail King Julien,SHOW,2014,23,"comedy, family, fantasy, animation, action",US,7.0,2042.0,26.409,6.9
tm171929,The Short Game,MOVIE,2013,100,"documentation, sport",US,7.3,1570.0,3.553,7.3
tm155291,Highway,MOVIE,2014,133,"crime, romance, drama",IN,7.6,28688.0,6.553,7.3
tm180643,Jinxed,MOVIE,2013,70,"comedy, family","CA, US",6.3,1488.0,6.357,6.7
ts16117,20 Minutes,SHOW,2013,46,"action, drama, romance",TR,7.1,1730.0,2.294,8.0
tm182969,Dabbe: The Possession,MOVIE,2013,120,horror,TR,6.8,5831.0,5.475,6.0
tm215339,Ralphie May: Imperfectly Yours,MOVIE,2013,69,"comedy, documentation",US,5.4,154.0,2.254,5.0
tm151927,Mary Kom,MOVIE,2014,122,"history, action, drama, sport",IN,6.8,10769.0,4.917,7.1
tm139922,"The Other One: The Long, Strange Trip of Bob Weir",MOVIE,2014,85,"music, documentation",US,7.3,1677.0,1.52,7.3
tm185797,Fukrey,MOVIE,2013,137,"drama, comedy, romance",IN,6.9,11780.0,4.383,6.8
tm174289,Free Birds,MOVIE,2013,91,"animation, comedy, family, scifi",US,5.8,24140.0,17.211,5.9
tm181092,Race 2,MOVIE,2013,150,"thriller, action, crime",IN,5.3,16455.0,4.49,5.6
ts20781,Incomplete Life,SHOW,2014,73,"comedy, drama",KR,8.5,1987.0,6.909,9.1
tm183706,Birth Reborn,MOVIE,2013,91,"documentation, family, history",BR,7.8,252.0,1.248,6.8
tm168685,The Berlin File,MOVIE,2013,120,"action, thriller",KR,6.6,7198.0,7.911,6.7
tm199408,Monty Python: The Meaning of Live,MOVIE,2014,96,"documentation, comedy",GB,7.6,598.0,1.714,7.4
tm140911,Imperial Dreams,MOVIE,2014,87,drama,US,6.7,4509.0,5.371,6.5
tm148597,Monty Python: Live (Mostly),MOVIE,2014,138,"documentation, comedy, music",GB,7.6,2623.0,3.875,7.1
ts76743,Dokidoki! PreCure,SHOW,2013,23,"animation, action, comedy, drama, fantasy, family",JP,6.2,195.0,9.028,8.0
ts83239,Booba,SHOW,2014,4,"comedy, animation, family",RU,6.9,392.0,10.547,7.0
tm144021,LEGO DC Comics Super Heroes: Batman Be-Leaguered,MOVIE,2014,22,"action, animation, family, comedy, scifi",US,6.5,1340.0,12.506,6.9
tm148457,Hasee Toh Phasee,MOVIE,2014,141,"comedy, romance",IN,6.8,15152.0,6.166,6.7
ts75104,Zbrodnia,SHOW,2014,45,"crime, action",PL,6.2,692.0,2.675,6.3
tm148662,The Boss: Anatomy of a Crime,MOVIE,2014,98,"drama, crime","VE, AR",7.3,2156.0,25.309,7.8
ts34074,"That Winter, the Wind Blows",SHOW,2013,63,drama,KR,7.6,1836.0,5.05,7.5
tm181550,Once Upon a Time in Mumbai Dobaara!,MOVIE,2013,160,"action, crime, drama, romance",IN,4.4,7204.0,3.627,5.5
tm149914,Jim Jefferies: Bare,MOVIE,2014,76,comedy,US,8.0,5461.0,6.947,7.5
tm145627,Pizza,MOVIE,2014,107,"horror, thriller",IN,6.2,1313.0,2.54,4.6
tm186161,Boss,MOVIE,2013,143,"comedy, drama, crime, action",IN,5.1,11159.0,3.181,5.7
tm183002,Madras Cafe,MOVIE,2013,130,"action, thriller, drama",IN,7.6,24506.0,7.356,6.6
ts122290,Dharmakshetra,SHOW,2014,44,drama,IN,8.3,273.0,1.243,10.0
ts75833,Masha's Spooky Stories,SHOW,2014,5,"animation, family",RU,6.2,67.0,6.738,5.5
tm158302,Ankhon Dekhi,MOVIE,2014,104,"drama, comedy",IN,8.0,11330.0,4.013,6.9
tm182322,Kai Po Che!,MOVIE,2013,126,"drama, sport",IN,7.7,36784.0,6.691,7.0
tm157062,Anjaan,MOVIE,2014,170,"crime, action, thriller",IN,5.3,5018.0,4.673,5.8
tm186054,ABCD,MOVIE,2013,136,"music, drama",IN,6.3,6960.0,3.347,6.1
tm165504,Blind Detective,MOVIE,2013,130,"crime, action, comedy, drama, thriller",HK,6.4,3300.0,7.454,6.0
tm167342,Satyagraha,MOVIE,2013,152,"drama, documentation",IN,5.9,5171.0,2.663,6.2
tm35895,Buddies,MOVIE,2013,94,"drama, comedy, action, documentation, european",BR,6.5,1082.0,3.198,6.9
tm158980,Khoobsurat,MOVIE,2014,130,"comedy, romance",IN,6.4,8464.0,6.343,6.765
ts67797,Sammy & Co,SHOW,2014,15,"animation, european",US,5.7,31.0,1.96,7.3
tm149747,The Perfect Dictatorship,MOVIE,2014,143,"drama, comedy",MX,7.2,5432.0,15.244,7.2
tm159819,Bride for Rent,MOVIE,2014,115,"romance, comedy",PH,6.4,601.0,2.354,7.5
tm2269,Selfie,MOVIE,2014,123,"comedy, documentation, drama, european",RO,6.0,1671.0,2.164,6.3
tm175753,Chashme Baddoor,MOVIE,2013,120,"comedy, drama",IN,5.4,5148.0,2.874,4.5
tm178513,Bombay Talkies,MOVIE,2013,127,"drama, romance",IN,6.6,5402.0,4.389,6.5
tm160034,Humpty Sharma Ki Dulhania,MOVIE,2014,133,"drama, comedy, romance",IN,6.0,12969.0,6.707,6.4
tm142630,Ragini MMS 2,MOVIE,2014,120,horror,IN,3.9,2903.0,3.17,4.3
tm149578,Mission Blue,MOVIE,2014,94,"documentation, drama",US,7.9,1991.0,4.029,7.5
tm176481,Chennai Express,MOVIE,2013,141,"romance, drama, action, comedy",IN,6.0,53939.0,8.622,6.6
tm167107,Saheb Biwi Aur Gangster Returns,MOVIE,2013,142,"action, crime, thriller, drama",IN,6.7,3997.0,3.099,6.8
tm158546,Raja Natwarlal,MOVIE,2014,141,"thriller, crime",IN,6.1,4311.0,2.473,6.6
tm236725,My Beautiful Broken Brain,MOVIE,2014,84,documentation,GB,7.0,2286.0,3.201,7.1
tm151210,Jim Gaffigan: Obsessed,MOVIE,2014,70,"comedy, documentation",US,7.6,2244.0,3.499,7.2
tm146657,Jeff Dunham: All Over the Map,MOVIE,2014,41,comedy,"IL, NO, ZA, AE, GB, IS, IE",7.1,854.0,1.512,5.5
tm157681,Eyes of a Thief,MOVIE,2014,98,drama,PS,6.6,450.0,1.103,5.0
tm145791,Miss Granny,MOVIE,2014,124,"drama, comedy, music, family, fantasy",KR,7.2,3508.0,6.475,7.4
tm175954,Aziz Ansari: Buried Alive,MOVIE,2013,79,"comedy, documentation",US,7.2,3998.0,5.417,7.0
tm158436,Print the Legend,MOVIE,2014,100,"documentation, drama, history",US,7.0,1967.0,4.769,6.7
tm172027,The Butterfly's Dream,MOVIE,2013,138,"drama, history, romance",TR,7.7,22191.0,5.576,7.3
tm209037,Tea Time,MOVIE,2014,70,documentation,CL,7.6,507.0,1.704,7.7
tm153055,Mitt,MOVIE,2014,93,"documentation, family",US,6.9,2579.0,3.843,6.3
tm155051,Trailer Park Boys - Live in F**kin' Dublin,MOVIE,2014,81,comedy,CA,6.2,1569.0,1.567,6.0
tm143299,Ungli,MOVIE,2014,114,"thriller, crime, drama",IN,5.8,3914.0,2.757,5.8
tm348393,When Love Happens,MOVIE,2014,109,romance,NG,4.8,129.0,1.287,5.0
tm182227,Marc Maron: Thinky Pain,MOVIE,2013,90,comedy,US,7.3,1892.0,2.675,7.2
ts121189,"Raja, Rasoi Aur Anya Kahaniyaan",SHOW,2014,29,"history, documentation",IN,8.9,333.0,0.992,10.0
tm157461,Coming Soon,MOVIE,2014,134,"romance, drama, comedy",TR,7.3,34137.0,6.194,6.745
ts20238,Boss & Me,SHOW,2014,45,"comedy, romance",CN,7.3,456.0,5.829,9.0
tm157609,Born in Gaza,MOVIE,2014,69,"documentation, european",ES,7.4,511.0,1.4,8.8
tm152273,Tiger & Bunny: The Rising,MOVIE,2014,108,"scifi, action, animation",JP,6.7,334.0,3.39,5.8
tm202914,My Own Man,MOVIE,2014,82,"documentation, drama, comedy, family",US,6.4,447.0,1.895,6.8
tm183654,SDU: Sex Duties Unit,MOVIE,2013,94,"comedy, action",HK,5.9,492.0,3.625,5.8
tm147518,City of God: 10 Years Later,MOVIE,2013,69,documentation,BR,6.4,1322.0,11.673,6.9
tm197423,October 1,MOVIE,2014,149,"thriller, crime, drama",NG,6.4,446.0,1.347,6.2
tm145658,The Amazing Praybeyt Benjamin,MOVIE,2014,105,"drama, comedy, action, fantasy, romance",PH,4.0,195.0,1.584,3.5
ts82860,Against the Tide,SHOW,2014,44,drama,SG,7.6,11.0,0.6,6.0
tm151860,Free to Play,MOVIE,2014,75,"documentation, action","US, CN, DE, SG, UA",7.6,13341.0,5.11,7.0
tm184511,Inkaar,MOVIE,2013,133,"drama, romance, thriller",IN,6.1,2586.0,2.882,5.6
tm145216,Dabbe 5: Curse of the Jinn,MOVIE,2014,132,horror,TR,5.9,3788.0,4.004,5.3
tm169054,Bhaji in Problem,MOVIE,2013,117,"drama, comedy",IN,7.1,1021.0,1.84,8.0
tm154729,Dedh Ishqiya,MOVIE,2014,148,"romance, thriller, comedy, drama",IN,7.0,7236.0,2.411,6.5
tm187505,She's The One,MOVIE,2013,110,"romance, drama, comedy",PH,6.3,210.0,1.282,6.2
tm177645,Wedding Association,MOVIE,2013,106,comedy,XX,7.0,22458.0,4.209,6.3
tm155507,Chelsea Handler: Uganda Be Kidding Me Live,MOVIE,2014,71,comedy,US,5.8,1179.0,2.714,6.4
tm182580,Ghadi,MOVIE,2013,100,"drama, family, comedy",LB,7.3,1128.0,2.793,6.5
tm152843,Swearnet: The Movie,MOVIE,2014,112,comedy,CA,6.0,2769.0,4.778,5.4
tm147405,E-Team,MOVIE,2014,88,"documentation, war",US,7.1,873.0,2.421,6.0
tm185736,SampleThis,MOVIE,2013,85,"documentation, music",US,6.4,471.0,1.8,6.6
tm183805,Ghanchakkar,MOVIE,2013,137,"thriller, comedy, crime",IN,5.8,5052.0,4.012,5.5
tm181051,Giraffada,MOVIE,2014,85,"drama, european","DE, IT, PS, FR",6.3,243.0,3.451,5.8
tm169294,Pagpag: Siyam na Buhay,MOVIE,2013,105,horror,PH,5.4,326.0,2.658,7.0
tm147908,Anaamika,MOVIE,2014,124,thriller,IN,5.5,271.0,0.973,6.0
tm178992,The Midas Touch,MOVIE,2013,99,comedy,HK,5.0,190.0,1.883,4.0
tm166723,It Takes a Man and a Woman,MOVIE,2013,120,"romance, comedy, drama",PH,6.7,363.0,1.892,7.8
tm177224,Gori Tere Pyaar Mein,MOVIE,2013,150,"comedy, drama, romance",IN,4.9,3861.0,4.555,6.1
tm187118,What the Fish,MOVIE,2013,98,"drama, comedy",IN,5.2,211.0,1.349,5.5
tm200926,Heritages,MOVIE,2014,96,"drama, documentation, european","AE, LB",7.3,131.0,0.955,4.0
tm155014,Trailer Park Boys: Live at the North Pole,MOVIE,2014,88,comedy,CA,6.7,1114.0,2.061,7.0
tm159296,One by Two,MOVIE,2014,139,"comedy, drama, romance",IN,3.9,748.0,2.275,4.4
tm179328,Romantik Komedi 2: Bekarlığa Veda,MOVIE,2013,105,"comedy, romance",XX,5.1,3383.0,4.536,5.1
ts32752,Two Fathers,SHOW,2013,44,"comedy, drama",TW,8.0,59.0,1.762,7.0
tm186408,The Land of Cards,MOVIE,2013,110,fantasy,IN,5.5,412.0,3.983,6.5
tm157783,Gollu Aur Pappu,MOVIE,2014,112,comedy,IN,3.8,119.0,1.556,4.7
tm146144,Bobby Jasoos,MOVIE,2014,121,"action, comedy, drama, thriller",IN,5.5,2331.0,1.886,5.9
tm144541,Refugiado,MOVIE,2014,95,"thriller, drama, european",AR,6.4,373.0,1.835,6.2
tm175364,Chhota Bheem Aur Hanuman,MOVIE,2013,67,"animation, fantasy",IN,7.3,36.0,1.509,6.2
tm136036,That Thing Called Tadhana,MOVIE,2014,110,"romance, comedy, drama",PH,7.4,1050.0,2.887,6.4
tm188290,Must Be... Love,MOVIE,2013,105,"comedy, romance",PH,6.4,531.0,2.345,6.0
tm142852,She's Dating the Gangster,MOVIE,2014,105,"drama, romance, comedy",PH,7.0,1100.0,3.134,7.2
tm228574,Swearnet Live,MOVIE,2014,75,comedy,CA,5.3,540.0,1.507,5.4
tm171891,Himmatwala,MOVIE,2013,150,"comedy, drama, action",IN,1.7,8648.0,0.6,3.3
tm176900,Theeya Velai Seiyyanum Kumaru,MOVIE,2013,125,"comedy, drama, romance",IN,5.3,30.0,2.895,5.6
tm158671,A Fairly Odd Summer,MOVIE,2014,66,"fantasy, comedy, family, animation",US,3.8,564.0,8.572,5.9
tm144557,Deliha,MOVIE,2014,107,"family, comedy, romance",TR,4.5,4315.0,5.163,5.7
tm169669,Four Sisters and a Wedding,MOVIE,2013,126,"drama, comedy",PH,7.2,816.0,4.565,7.1
tm149541,D.L. Hughley: Clear,MOVIE,2014,59,comedy,US,6.8,253.0,2.854,6.6
tm144451,Cold Harbour,MOVIE,2014,76,"thriller, crime, action",ZA,5.2,215.0,1.955,4.2
tm205684,Confusion Na Wa,MOVIE,2013,105,"crime, drama, comedy",NG,7.0,38.0,1.513,7.0
tm175577,Flower Girl,MOVIE,2013,94,"comedy, romance",NG,6.0,108.0,0.628,6.0
tm178234,Blind Intersections,MOVIE,2013,87,drama,"LB, AE",6.6,176.0,1.262,4.5
tm176553,Doctor Bello,MOVIE,2013,95,"drama, action","NG, US",4.8,54.0,1.802,6.0
tm138280,Sigaram Thodu,MOVIE,2014,147,"action, thriller",IN,6.1,462.0,1.509,5.4
tm156397,Starting Over Again,MOVIE,2014,130,"comedy, drama, documentation, european",PH,8.3,15.0,2.044,7.2
tm159094,Naan Sigappu Manithan,MOVIE,2014,161,"drama, action, thriller",IN,6.5,1092.0,2.416,6.4
tm460055,The War Against Women,MOVIE,2013,62,"documentation, war","US, ES",7.3,74.0,1.305,6.3
tm157286,The Royal Bengal Tiger,MOVIE,2014,107,thriller,IN,6.8,909.0,1.576,6.7
tm179248,Settai,MOVIE,2013,136,"comedy, crime, action",IN,4.5,525.0,2.696,5.1
tm242276,Na Bangaaru Talli,MOVIE,2014,116,"thriller, crime, drama, family",IN,7.2,160.0,0.921,7.0
tm159701,Wyatt Cenac: Brooklyn,MOVIE,2014,67,comedy,US,6.3,231.0,1.806,6.2
tm150962,Mumbai Delhi Mumbai,MOVIE,2014,120,"comedy, romance",IN,5.7,357.0,1.4,6.3
ts8,Better Call Saul,SHOW,2015,49,"drama, crime",US,8.8,438575.0,273.296,8.5
ts37143,Alone,SHOW,2015,51,"reality, documentation",US,8.4,5037.0,26.93,7.0
ts38796,Stranger Things,SHOW,2016,61,"scifi, thriller, drama, fantasy, horror",US,8.7,1101055.0,2226.231,8.635
ts21867,Schitt's Creek,SHOW,2015,22,comedy,CA,8.5,115758.0,25.254,7.6
ts41766,The Good Place,SHOW,2016,23,"scifi, romance, comedy, drama, fantasy",US,8.2,152884.0,33.793,8.0
ts37539,One-Punch Man,SHOW,2015,22,"action, animation, comedy, fantasy, scifi, horror, drama",JP,8.7,152231.0,133.336,8.4
tm232579,Hunt for the Wilderpeople,MOVIE,2016,101,"drama, comedy",NZ,7.8,128676.0,11.591,7.7
ts36577,The Last Kingdom,SHOW,2015,55,"action, drama, war, history, european",GB,8.5,132561.0,153.281,8.3
ts35201,Food Wars! Shokugeki no Soma,SHOW,2015,24,"drama, comedy, fantasy, thriller, animation",JP,8.2,10022.0,28.642,8.6
tm243100,Hell or High Water,MOVIE,2016,102,"thriller, western, action, crime, drama",US,7.6,227350.0,28.227,7.303
ts42069,The Crown,SHOW,2016,56,"drama, history, european","GB, US",8.7,194243.0,75.521,8.2
ts36885,Ash vs Evil Dead,SHOW,2015,30,"action, scifi, comedy, horror, fantasy, thriller",US,8.4,70087.0,30.426,7.7
tm195209,Legend,MOVIE,2015,131,"thriller, crime, drama, european","GB, US, FR",6.9,178601.0,333.013,6.985
tm239760,Blair Witch,MOVIE,2016,89,"thriller, horror","US, CA",5.0,44716.0,19.407,5.2
tm204163,War Dogs,MOVIE,2016,114,"crime, war, comedy, drama",US,7.1,212032.0,32.374,6.9
ts36147,Lucifer,SHOW,2016,47,"scifi, crime, drama, fantasy",US,8.1,313124.0,922.112,8.523
ts35793,Forged in Fire,SHOW,2015,42,reality,US,8.3,3632.0,24.602,8.1
ts53051,The OA,SHOW,2016,55,"scifi, drama, fantasy",US,7.8,103176.0,33.623,7.6
tm135307,Blackhat,MOVIE,2015,133,"action, crime, thriller",US,5.4,58192.0,38.675,5.5
tm205890,The Take,MOVIE,2016,92,"action, drama, crime, thriller","US, FR, LU, GB",6.3,43449.0,17.563,6.3
tm239727,Nocturnal Animals,MOVIE,2016,117,"thriller, drama",US,7.5,264884.0,24.273,7.5
tm242705,Raw,MOVIE,2016,99,"horror, drama, fantasy, european","FR, BE",7.0,72460.0,14.899,7.08
tm138905,The Hateful Eight,MOVIE,2015,188,"thriller, western, drama, crime",US,7.8,570138.0,26.531,7.737
ts38199,The Magicians,SHOW,2015,44,"scifi, drama, fantasy",US,7.6,50193.0,41.602,7.7
ts42062,Miraculous: Tales of Ladybug & Cat Noir,SHOW,2015,21,"animation, action, family, fantasy, romance",FR,7.7,10102.0,266.566,8.0
ts41961,Queen of the South,SHOW,2016,42,"drama, thriller, action, crime",US,7.9,29495.0,42.381,7.623
ts35251,Grace and Frankie,SHOW,2015,29,"drama, comedy",US,8.2,51116.0,25.429,7.6
ts41956,Designated Survivor,SHOW,2016,44,"war, action, drama, thriller",US,7.5,89300.0,40.372,7.2
ts38718,Slasher,SHOW,2016,46,"crime, drama, horror, thriller",CA,6.7,14321.0,33.199,6.6
ts42014,60 Days In,SHOW,2016,46,"documentation, reality",US,7.6,2676.0,8.446,6.8
ts53664,Fauda,SHOW,2015,40,"war, drama, thriller, action",IL,8.2,26158.0,41.37,7.5
ts37866,Call My Agent!,SHOW,2015,55,"comedy, drama, european",FR,8.3,14061.0,20.42,7.9
ts42120,Travelers,SHOW,2016,45,"scifi, thriller, drama",CA,8.0,55485.0,37.756,7.6
tm140391,Pan,MOVIE,2015,111,"action, fantasy, family, comedy","US, GB",5.7,63788.0,24.494,6.0
tm199607,The Gift,MOVIE,2015,108,"drama, thriller, documentation","AU, US",7.0,155102.0,15.146,6.7
tm137869,Wild Card,MOVIE,2015,92,"action, thriller, crime, drama",US,5.6,55605.0,66.805,5.6
ts42077,Medici: Masters of Florence,SHOW,2016,54,"war, romance, thriller, drama, history, european","IT, GB",7.9,18891.0,31.427,7.8
ts52922,Leah Remini: Scientology and the Aftermath,SHOW,2016,46,"documentation, history",US,9.0,5890.0,6.44,8.2
ts18010,Bloodline,SHOW,2015,57,"drama, thriller",US,7.9,51422.0,17.338,7.3
ts36129,Crazy Ex-Girlfriend,SHOW,2015,42,comedy,US,7.8,20028.0,19.268,6.9
ts36631,Narcos,SHOW,2015,52,"drama, thriller, crime",US,8.8,410463.0,75.495,7.973
ts36550,DC's Legends of Tomorrow,SHOW,2016,42,"drama, action, scifi",US,6.8,101178.0,63.898,7.4
ts70529,Norsemen,SHOW,2016,31,"comedy, drama, history",NO,7.7,18456.0,30.431,7.0
ts41975,Shooter,SHOW,2016,41,"action, war, drama",US,7.5,36165.0,45.055,7.1
ts38734,Marcella,SHOW,2016,45,"crime, drama, european",GB,7.4,30969.0,25.841,7.1
ts36015,Into the Badlands,SHOW,2015,43,"action, drama",US,7.9,46030.0,22.624,7.6
tm120609,"Hail, Caesar!",MOVIE,2016,106,"comedy, drama, music",US,6.3,133837.0,11.125,5.9
ts35554,Scream: The TV Series,SHOW,2015,43,"thriller, drama, crime, horror, comedy",US,7.1,40676.0,38.018,6.9
ts21981,iZombie,SHOW,2015,42,"crime, scifi, drama, comedy, horror",US,7.8,67213.0,45.203,7.792
tm137693,Crimson Peak,MOVIE,2015,119,"horror, thriller, romance, fantasy, drama",US,6.5,146073.0,27.654,6.64
ts35563,Supergirl,SHOW,2015,42,"scifi, action, drama",US,6.2,122911.0,91.102,7.3
ts21869,Sense8,SHOW,2015,62,"scifi, drama, thriller",US,8.2,152865.0,34.974,7.8
tm137002,Bāhubali: The Beginning,MOVIE,2015,158,"action, drama, fantasy",IN,8.0,120110.0,57.23,7.6
ts47714,Kim's Convenience,SHOW,2016,22,comedy,CA,8.2,17706.0,17.034,7.8
tm206698,Ouija: Origin of Evil,MOVIE,2016,99,"drama, horror, thriller",US,5.3,6.0,44.508,6.1
ts38710,Wynonna Earp,SHOW,2016,43,"western, action, scifi, thriller, drama, fantasy","CA, US",7.3,22565.0,30.342,8.0
ts21885,Unbreakable Kimmy Schmidt,SHOW,2015,30,"comedy, drama",US,7.6,71266.0,25.634,7.2
tm139841,Sinister 2,MOVIE,2015,97,"horror, thriller","US, CA, GB",5.3,54305.0,34.866,5.8
tm233377,The Edge of Seventeen,MOVIE,2016,105,"drama, comedy",US,7.3,124099.0,31.226,7.2
ts35253,Dark Matter,SHOW,2015,43,"scifi, thriller, drama, action",CA,7.5,42177.0,19.743,6.7
tm143984,London Has Fallen,MOVIE,2016,99,"action, thriller, drama, crime","GB, US, BG",5.9,157409.0,47.627,6.145
ts41289,Flowers,SHOW,2016,25,"comedy, drama, european",GB,8.1,5650.0,4.476,7.4
tm233425,A Silent Voice: The Movie,MOVIE,2016,130,"animation, drama, romance, family",JP,8.1,77667.0,162.66,8.409
ts38090,Versailles,SHOW,2015,54,"drama, history, romance, war, documentation, comedy, european","CA, FR",7.9,16505.0,31.857,7.8
ts21986,Good Witch,SHOW,2015,43,"scifi, fantasy, comedy, drama",US,7.2,10556.0,35.952,7.7
tm120108,Kung Fu Panda 3,MOVIE,2016,95,"action, animation, family, fantasy, drama, comedy","US, CN",7.1,155678.0,91.033,6.851
tm239676,Hush,MOVIE,2016,82,"horror, thriller",US,6.6,123667.0,20.608,6.7
ts36177,Glitch,SHOW,2015,52,"scifi, thriller, drama, horror",AU,7.3,17240.0,48.448,6.8
tm212927,Mr. Right,MOVIE,2016,90,"action, comedy, romance",US,6.3,55955.0,16.884,6.439
tm194792,The Boy,MOVIE,2016,97,"horror, thriller",US,6.0,90853.0,29.848,5.9
ts35775,Wet Hot American Summer: First Day of Camp,SHOW,2015,29,comedy,US,7.3,23947.0,9.636,6.4
ts38415,Frontier,SHOW,2016,47,"action, history, drama",CA,7.1,20979.0,23.849,6.8
ts42687,PJ Masks,SHOW,2015,15,"family, animation, scifi, action, fantasy, european",GB,5.4,1268.0,42.328,5.0
ts38511,Love,SHOW,2016,32,"comedy, drama, romance",US,7.7,42357.0,26.397,7.3
ts38304,Servant of the People,SHOW,2015,29,comedy,UA,7.3,3266.0,19.089,7.2
ts35354,Zoo,SHOW,2015,43,"drama, scifi, thriller",US,6.6,24694.0,30.71,6.6
ts42170,Crashing,SHOW,2016,30,"comedy, european",GB,7.7,20370.0,8.663,7.3
tm193769,Steve Jobs,MOVIE,2015,125,"history, drama","GB, US",7.2,168042.0,12.847,6.8
tm138297,The Conjuring 2,MOVIE,2016,134,"horror, thriller, drama",US,7.3,264195.0,171.724,7.283
ts41906,The Disastrous Life of Saiki K.,SHOW,2016,10,"scifi, comedy, animation, fantasy",JP,8.4,7086.0,40.266,8.4
tm132273,Home,MOVIE,2015,94,"family, fantasy, comedy, animation, scifi",US,6.6,101975.0,50.179,6.8
tm143085,Chappie,MOVIE,2015,120,"crime, action, scifi, drama, thriller","MX, ZA, US",6.8,249345.0,117.369,6.8
tm245271,Gantz:O,MOVIE,2016,95,"scifi, action, animation, fantasy, thriller, horror, drama",JP,7.1,14950.0,28.818,7.3
ts36046,BUNK'D,SHOW,2015,24,"comedy, drama, family",US,5.3,3287.0,50.043,7.2
tm135106,In a Valley of Violence,MOVIE,2016,104,"crime, thriller, western, action, drama",US,6.0,18987.0,13.597,6.1
tm196296,A Monster Calls,MOVIE,2016,108,"drama, animation, family, fantasy, thriller, european","US, GB, ES",7.4,87806.0,84.977,7.2
ts39007,Van Helsing,SHOW,2016,42,"scifi, action, fantasy, horror, drama",US,6.2,22172.0,95.708,7.1
tm209987,Christine,MOVIE,2016,123,drama,US,6.9,15146.0,11.1,6.8
ts36545,Quantico,SHOW,2015,43,"drama, thriller, crime",US,6.6,60567.0,23.057,6.5
tm219233,Loving,MOVIE,2016,123,"drama, romance","GB, US",7.0,34326.0,16.664,6.7
ts42169,ERASED,SHOW,2016,22,"drama, thriller, animation, fantasy, scifi",JP,8.5,44643.0,25.494,8.7
tm199700,The Danish Girl,MOVIE,2015,119,"drama, romance, european","BE, DK, DE, GB, US",7.1,183579.0,21.369,7.6
ts36856,F is for Family,SHOW,2015,27,"comedy, drama, animation",US,8.0,36562.0,18.906,7.3
ts37971,Master of None,SHOW,2015,32,"drama, comedy",US,8.3,72881.0,11.678,7.6
ts41490,Hap and Leonard,SHOW,2016,42,"action, thriller, crime, drama",US,7.6,7696.0,6.942,7.2
ts41963,Easy,SHOW,2016,30,"drama, comedy",US,6.9,13620.0,23.522,6.2
ts37464,Occupied,SHOW,2015,45,"war, drama, thriller",NO,7.6,9044.0,12.526,7.4
tm233214,Under the Shadow,MOVIE,2016,84,"war, drama, horror, thriller, fantasy","GB, IR, JO, QA",6.8,27337.0,9.878,6.5
ts52838,3%,SHOW,2016,46,"scifi, action, drama, thriller",BR,7.3,25452.0,29.033,7.2
ts41149,The Ranch,SHOW,2016,30,"comedy, drama, western",US,7.4,38420.0,25.365,7.5
tm136483,The DUFF,MOVIE,2015,101,"comedy, romance",US,6.4,93675.0,26.748,6.8
ts53099,Bordertown,SHOW,2016,59,"drama, crime, european",FI,7.6,10782.0,15.882,7.7
tm134791,Unfriended,MOVIE,2015,82,"thriller, horror, drama",US,5.5,73854.0,26.429,5.5
tm221740,Closet Monster,MOVIE,2016,90,"drama, fantasy",CA,7.0,8239.0,10.868,7.1
tm140843,Self/less,MOVIE,2015,118,"thriller, action, scifi, drama",US,6.5,98837.0,24.941,6.407
ts38204,Making a Murderer,SHOW,2015,62,"documentation, crime",US,8.6,94419.0,8.723,7.9
tm219248,The Fundamentals of Caring,MOVIE,2016,97,"comedy, drama",US,7.3,72083.0,14.985,7.326
tm196125,"Hello, My Name Is Doris",MOVIE,2015,95,"drama, comedy, romance",US,6.6,21105.0,13.528,6.4
tm204035,Spectral,MOVIE,2016,109,"thriller, action, scifi",US,6.3,59040.0,30.663,6.43
tm233521,Other People,MOVIE,2016,97,"drama, comedy",US,6.8,11418.0,5.903,6.4
ts42655,Wanted,SHOW,2016,45,"crime, drama, action",AU,7.6,5920.0,12.755,7.2
tm206512,Circle,MOVIE,2015,87,"thriller, drama, horror, scifi, european",US,6.0,52925.0,14.711,6.0
ts36983,Fuller House,SHOW,2016,27,"comedy, family",US,6.7,27445.0,25.211,7.6
ts38783,Secret City,SHOW,2016,50,"war, thriller",AU,7.4,8086.0,12.012,6.6
ts38116,Mobile Suit Gundam: Iron-Blooded Orphans,SHOW,2015,24,"war, action, scifi, animation, drama",JP,7.9,1660.0,9.168,7.1
tm239743,Batman: The Killing Joke,MOVIE,2016,76,"animation, drama, action, thriller, crime",US,6.4,56275.0,25.747,6.615
ts35256,Chef's Table,SHOW,2015,50,documentation,US,8.5,15352.0,10.447,7.9
tm200126,He Never Died,MOVIE,2015,99,"fantasy, horror, comedy, drama, thriller","US, CA",6.3,20376.0,10.541,6.1
tm208622,American Ultra,MOVIE,2015,96,"action, comedy, scifi","CH, US",6.1,89912.0,20.733,6.1
ts35362,Locked Up,SHOW,2015,49,"drama, thriller, action, european",ES,8.2,21862.0,156.976,8.0
ts42156,Degrassi: Next Class,SHOW,2016,24,"drama, romance",CA,6.8,3285.0,12.075,7.0
tm244788,13th,MOVIE,2016,100,"documentation, history, crime",US,8.2,35302.0,8.675,8.0
ts3844,Aquarius,SHOW,2015,43,"drama, thriller, crime, european",US,7.0,12279.0,13.111,6.8
ts41913,Frequency,SHOW,2016,18,"scifi, drama, fantasy, thriller",US,7.4,13723.0,12.16,7.3
tm139532,Before I Wake,MOVIE,2016,97,"drama, fantasy, horror, thriller",US,6.2,46334.0,99.185,6.4
tm253083,Blue Jay,MOVIE,2016,81,"romance, drama",US,7.2,17346.0,7.83,7.0
ts42119,Greenleaf,SHOW,2016,42,drama,US,7.3,5227.0,18.424,7.4
tm136321,Advantageous,MOVIE,2015,92,"drama, scifi, family",US,6.2,5378.0,6.297,6.0
tm225308,Into the Inferno,MOVIE,2016,107,documentation,"CA, DE, GB",7.2,8693.0,9.998,7.0
ts52830,Gilmore Girls: A Year in the Life,SHOW,2016,92,"drama, comedy",US,7.6,37577.0,14.808,7.6
tm238722,Collateral Beauty,MOVIE,2016,97,"romance, drama",US,6.7,99712.0,25.409,7.3
ts42090,Last Chance U,SHOW,2016,59,"documentation, sport",US,8.4,6897.0,14.88,7.3
tm136257,Beasts of No Nation,MOVIE,2015,137,"drama, war","GH, US",7.7,80750.0,10.424,7.6
tm244403,ARQ,MOVIE,2016,88,"scifi, thriller, action",US,6.3,39108.0,20.157,6.1
tm200690,The Forest,MOVIE,2016,95,"horror, thriller, scifi, drama, fantasy",US,4.8,42561.0,33.204,5.2
ts53287,Roman Empire,SHOW,2016,44,"drama, documentation, history, war",US,7.0,7742.0,21.454,6.9
ts37660,Reply 1988,SHOW,2015,92,"comedy, drama, family, romance",KR,9.2,6718.0,18.37,8.7
tm147082,"What Happened, Miss Simone?",MOVIE,2015,101,"music, documentation",US,7.6,13872.0,6.186,7.5
ts38731,Rebellion,SHOW,2016,51,"war, drama, history, european","IE, GB",7.1,3802.0,13.651,7.1
ts38809,The Get Down,SHOW,2016,62,"drama, music",US,8.2,22462.0,7.479,7.348
tm233465,The Bye Bye Man,MOVIE,2016,96,"thriller, horror, fantasy, drama",US,4.3,23960.0,28.381,5.2
ts53249,Trollhunters: Tales of Arcadia,SHOW,2016,22,"scifi, action, fantasy, comedy, drama, animation, family",US,8.4,16779.0,50.896,8.5
tm230551,Ip Man 3,MOVIE,2015,105,"action, drama, history","HK, CN",7.0,54977.0,38.051,7.0
ts42137,Voltron: Legendary Defender,SHOW,2016,24,"action, scifi, comedy, fantasy, drama, animation, family",US,8.1,8821.0,16.452,7.4
ts76956,The Letdown,SHOW,2016,30,comedy,AU,7.4,3369.0,2.7,7.9
ts38758,Ajin,SHOW,2016,23,"action, scifi, thriller, animation, horror, drama, fantasy",JP,7.6,6199.0,17.293,8.2
ts35987,Transformers: Robots In Disguise,SHOW,2015,21,"comedy, scifi, animation, action",US,6.0,1066.0,11.302,7.6
tm228677,The Space Between Us,MOVIE,2016,121,"drama, romance, action, scifi","CN, US",6.4,52698.0,23.219,7.1
tm155102,Demonic,MOVIE,2015,83,"thriller, horror","US, GB",5.3,14882.0,8.722,5.3
tm220594,Winter on Fire: Ukraine's Fight for Freedom,MOVIE,2015,98,documentation,"UA, GB, US",8.3,18748.0,7.755,8.0
tm243121,Mascots,MOVIE,2016,89,comedy,US,5.8,7430.0,8.794,5.4
tm205812,The Siege of Jadotville,MOVIE,2016,108,"war, drama, thriller, action, history, european","IE, ZA",7.2,39404.0,11.351,7.2
tm234586,Visaranai,MOVIE,2016,118,"thriller, drama, crime",IN,8.5,10548.0,4.442,8.0
ts38770,Lady Dynamite,SHOW,2016,30,"drama, comedy",US,7.3,3693.0,6.236,7.4
tm135543,By the Sea,MOVIE,2015,122,"drama, romance, european","US, FR, MT",5.3,20541.0,10.203,5.6
tm239683,Team Foxcatcher,MOVIE,2016,91,"documentation, crime, history, sport",US,7.3,6572.0,6.08,7.1
ts42257,Signal,SHOW,2016,71,"crime, thriller, drama, fantasy, scifi",KR,8.5,6659.0,9.477,8.1
ts52829,Paranoid,SHOW,2016,44,"thriller, crime, drama, european",GB,6.6,8585.0,7.738,6.6
tm214825,The Ridiculous 6,MOVIE,2015,119,"western, comedy, action",US,4.8,47935.0,40.711,5.152
tm242736,Bo Burnham: Make Happy,MOVIE,2016,60,"comedy, music, documentation",US,8.4,14356.0,8.245,8.2
ts42022,El marginal,SHOW,2016,54,"drama, crime, thriller, action",AR,8.1,4047.0,94.391,8.2
ts37944,A Very Secret Service,SHOW,2015,27,"comedy, european",FR,7.7,3574.0,9.227,7.5
tm239707,The Do-Over,MOVIE,2016,108,"action, comedy",US,5.7,46260.0,11.466,5.672
tm136061,Suffragette,MOVIE,2015,106,"drama, history","GB, FR",6.9,41983.0,12.013,7.3
tm239733,Headshot,MOVIE,2016,117,"thriller, action, drama",ID,6.3,14824.0,19.074,6.5
ts38568,Flaked,SHOW,2016,33,"comedy, drama, romance",US,7.2,11474.0,8.853,6.9
tm142881,Jem and the Holograms,MOVIE,2015,118,"fantasy, music, romance, scifi, drama, family",US,4.1,7867.0,9.666,5.5
ts37779,Danger Mouse,SHOW,2015,12,"comedy, action, crime, family, fantasy, scifi, animation, european",GB,7.2,587.0,6.326,7.6
tm232953,Sleight,MOVIE,2016,89,"drama, thriller, action, scifi, crime",US,5.9,8644.0,5.226,5.4
tm193125,Hot Girls Wanted,MOVIE,2015,84,documentation,US,6.1,17557.0,37.12,5.914
tm244507,The Distinguished Citizen,MOVIE,2016,118,"drama, comedy, european","ES, AR",7.5,11876.0,8.804,7.3
tm134516,"Crouching Tiger, Hidden Dragon: Sword of Destiny",MOVIE,2016,103,"drama, action, fantasy",CN,6.1,19500.0,21.103,6.1
ts52981,White Rabbit Project,SHOW,2016,48,reality,US,6.9,1667.0,3.977,6.9
tm270504,Mindhorn,MOVIE,2016,89,"comedy, thriller",GB,6.3,12737.0,8.406,6.1
ts41258,Cinderella and Four Knights,SHOW,2016,61,"drama, family, comedy, romance",KR,7.4,3943.0,34.735,7.3
tm244880,I Am the Pretty Thing That Lives in the House,MOVIE,2016,89,"horror, thriller, drama","CA, US",4.6,14580.0,9.719,4.4
tm233317,Pee-wee's Big Holiday,MOVIE,2016,90,"action, comedy, family",US,6.1,8064.0,10.884,6.2
tm205333,You're My Boss,MOVIE,2015,116,"comedy, romance",PH,6.3,278.0,1.899,8.1
ts43209,The Cuba Libre Story,SHOW,2015,45,"documentation, history, european",DE,7.6,1649.0,3.412,6.8
tm233533,White Girl,MOVIE,2016,88,"drama, horror, crime",US,5.7,10646.0,17.731,5.7
ts55365,The Haunted House,SHOW,2016,25,"thriller, horror, animation, comedy, drama, family, fantasy",KR,8.3,83.0,40.65,10.0
tm138672,Frank & Lola,MOVIE,2016,88,"drama, romance, crime, thriller",US,5.9,6083.0,10.404,5.6
ts36630,Dinotrux,SHOW,2015,23,"action, comedy, family, animation",US,6.7,465.0,8.914,7.4
ts41995,Zumbo's Just Desserts,SHOW,2016,50,reality,AU,6.9,2177.0,5.174,6.1
tm245378,Barry,MOVIE,2016,104,drama,US,5.9,7212.0,5.957,5.8
tm221225,David Brent: Life on the Road,MOVIE,2016,96,"comedy, music, action",GB,6.3,20005.0,8.871,6.135
ts39017,Dawn of the Croods,SHOW,2015,23,"action, comedy, family, animation",US,5.8,723.0,27.252,7.7
ts11670,The Adventures of Puss in Boots,SHOW,2015,23,"comedy, family, animation, action, fantasy, western",US,6.6,1726.0,22.766,6.9
ts76079,Grizzy & the Lemmings,SHOW,2016,7,"animation, comedy, family, european",FR,7.1,599.0,23.688,8.3
tm157283,Güeros,MOVIE,2015,106,"drama, comedy",MX,7.4,4275.0,7.65,7.5
tm211302,Front Cover,MOVIE,2016,87,"drama, romance, comedy",US,6.4,1059.0,3.39,6.4
ts43272,Terrace House: Boys & Girls in the City,SHOW,2015,29,"reality, drama",JP,8.1,1663.0,5.125,8.1
tm253080,Rocco,MOVIE,2016,105,"documentation, european",FR,5.7,3998.0,21.008,5.6
ts36547,Club de Cuervos,SHOW,2015,46,"drama, comedy",MX,8.2,5586.0,25.34,8.4
ts56748,T@gged,SHOW,2016,21,"drama, thriller, reality",US,7.1,2077.0,11.589,8.0
tm139194,Ratchet & Clank,MOVIE,2016,94,"animation, family, action, comedy, scifi, fantasy","CA, US",5.5,10919.0,22.825,5.8
ts53155,Crazyhead,SHOW,2016,43,"comedy, horror, scifi, european",GB,7.2,5024.0,6.442,6.7
tm238748,The Darkness,MOVIE,2016,92,"thriller, horror",US,4.5,16090.0,14.347,4.8
ts42127,The Windsors,SHOW,2016,27,comedy,GB,7.1,2677.0,4.763,7.3
ts41883,The K2,SHOW,2016,65,"action, drama, war, romance, thriller",KR,7.8,6194.0,27.411,7.4
tm233544,Marco Polo: One Hundred Eyes,MOVIE,2015,28,"action, drama, history",US,7.8,10742.0,6.475,7.3
ts42628,Netflix Presents: The Characters,SHOW,2016,33,comedy,US,5.2,861.0,4.376,5.2
ts37804,W/ Bob & David,SHOW,2015,35,comedy,US,7.4,4160.0,4.117,6.8
ts56674,The Mr. Peabody & Sherman Show,SHOW,2015,23,"animation, scifi, comedy, family, history",US,5.6,442.0,5.557,7.4
ts35406,Between,SHOW,2015,25,"scifi, thriller, drama",CA,5.9,9172.0,13.581,5.7
ts41253,Love O2O,SHOW,2016,45,"drama, romance",CN,7.9,2585.0,27.228,6.1
ts54110,Puffin Rock,SHOW,2015,11,"comedy, animation, family, european",IE,8.6,919.0,3.171,8.0
ts77654,Care Bears and Cousins,SHOW,2015,22,animation,US,6.8,83.0,3.153,9.2
tm244134,Tramps,MOVIE,2016,82,"comedy, romance, documentation, european",US,6.5,5605.0,8.491,6.1
ts79799,Dragons: Race to the Edge,SHOW,2015,22,"scifi, family, animation, action, comedy, fantasy, drama",US,8.2,6376.0,52.569,8.2
tm233616,LEGO Marvel Super Heroes: Avengers Reassembled!,MOVIE,2015,22,"family, animation, action, comedy, scifi",US,6.1,862.0,16.252,6.5
tm244381,Marauders,MOVIE,2016,107,"crime, thriller, action",CA,5.5,21929.0,17.087,5.8
ts54028,Case,SHOW,2015,46,"drama, crime, thriller",IS,7.0,2755.0,3.389,7.3
ts38230,The Method,SHOW,2015,51,"crime, drama, thriller",RU,7.4,2784.0,6.577,7.8
tm238661,Special Correspondents,MOVIE,2016,100,comedy,"CA, GB, US",5.8,24129.0,10.794,5.7
ts56032,La Niña,SHOW,2016,0,"action, drama",CO,8.4,649.0,23.759,7.7
tm244915,Baaghi,MOVIE,2016,133,"romance, action, thriller",IN,5.3,8994.0,16.534,6.4
ts128895,Midnight Diner: Tokyo Stories,SHOW,2016,25,drama,JP,8.4,4149.0,11.357,7.7
tm219276,Tallulah,MOVIE,2016,111,"drama, comedy, romance",US,6.7,20208.0,7.195,6.8
ts58068,Inside the World's Toughest Prisons,SHOW,2016,48,"crime, documentation",GB,7.1,2747.0,5.099,7.5
ts37896,Conspiracy,SHOW,2015,43,"history, documentation, european",GB,6.2,379.0,2.421,5.8
tm316731,Bert Kreischer: The Machine,MOVIE,2016,70,comedy,US,7.6,1555.0,2.92,7.7
ts43230,The Deep,SHOW,2015,22,"action, family, scifi, animation",AU,7.8,667.0,13.096,7.8
ts76092,Rosario Tijeras,SHOW,2016,45,"drama, action, crime, romance, thriller",MX,6.1,340.0,293.969,7.4
tm247642,Amanda Knox,MOVIE,2016,92,"documentation, crime, european","DK, US",6.9,24488.0,8.847,6.7
ts35596,Bella and the Bulldogs,SHOW,2015,23,"comedy, family, sport",US,4.9,2255.0,12.273,7.9
tm138792,Results,MOVIE,2015,105,"comedy, romance",US,5.4,7140.0,6.672,5.0
tm244052,Sebastian Maniscalco: Why Would You Do That?,MOVIE,2016,63,comedy,US,7.4,1100.0,2.615,7.8
ts42260,Chelsea Does,SHOW,2016,70,documentation,US,7.3,2476.0,3.273,6.5
tm123789,The Young Messiah,MOVIE,2016,120,"history, drama, fantasy",US,5.6,3576.0,22.159,6.3
ts86021,Molang,SHOW,2015,3,"animation, comedy, family, european",FR,8.3,367.0,9.07,8.0
ts55559,Ask the Storybots,SHOW,2016,26,"animation, comedy, family",US,8.4,878.0,7.471,8.4
tm219173,Term Life,MOVIE,2016,93,"thriller, drama, action, crime",US,5.5,8030.0,16.084,5.9
tm208903,For the Love of Spock,MOVIE,2016,105,documentation,"US, CA",7.6,4349.0,8.63,7.5
tm229542,John Mulaney: The Comeback Kid,MOVIE,2015,62,"comedy, documentation",US,7.9,8595.0,4.784,7.8
tm211510,Incarnate,MOVIE,2016,19,"horror, thriller",US,5.2,13090.0,14.911,5.4
tm205870,Message from the King,MOVIE,2016,102,"thriller, action, crime, drama, european",FR,6.4,16513.0,15.381,6.2
ts38512,Cooked,SHOW,2016,53,documentation,US,7.6,43.0,3.188,7.5
ts54100,World of Winx,SHOW,2016,24,"action, fantasy, animation, comedy, family, european","US, IT",6.6,727.0,6.824,8.2
ts35360,Inspector Gadget,SHOW,2015,22,"action, scifi, animation, comedy, family","CA, US",4.5,625.0,10.856,6.9
ts38757,Kong: King of the Apes,SHOW,2016,21,"animation, family, scifi, action, comedy",US,5.8,331.0,13.218,6.5
ts43119,Real Rob,SHOW,2015,31,comedy,US,6.3,2857.0,6.43,6.2
ts53106,Tokyo Trial,SHOW,2016,48,"drama, history","JP, US",7.4,1544.0,5.247,6.9
tm271070,The Warriors Gate,MOVIE,2016,108,"action, family, fantasy, comedy, european","CN, FR, CA",5.4,5098.0,15.133,6.7
ts38805,Beat Bugs,SHOW,2016,15,"family, animation, comedy, fantasy",AU,7.6,524.0,6.682,6.6
tm214085,Tig,MOVIE,2015,95,documentation,US,7.4,2691.0,5.984,7.2
ts75829,Lego Bionicle: The Journey to One,SHOW,2016,20,"action, fantasy, scifi, animation",US,5.4,177.0,7.108,7.3
ts42075,Intersection,SHOW,2016,107,drama,TR,6.5,1221.0,15.226,5.7
ts42038,No Tomorrow,SHOW,2016,47,"comedy, drama, romance, thriller",US,7.1,5137.0,7.687,6.3
tm218052,Drishyam,MOVIE,2015,163,"thriller, crime, drama",IN,8.2,80320.0,9.208,7.9
tm248010,Taxi Driver,MOVIE,2015,100,"comedy, crime, drama",NG,6.0,69.0,1.191,5.3
ts51368,Skylanders Academy,SHOW,2016,23,"action, animation, comedy, family, fantasy",US,6.5,760.0,14.848,6.1
tm267135,The Dreamseller,MOVIE,2016,96,drama,BR,6.0,1468.0,11.071,6.5
ts74753,Tales by Light,SHOW,2015,28,documentation,AU,8.3,1916.0,3.565,7.9
tm246870,Lavender,MOVIE,2016,92,"drama, thriller","US, CA",5.3,7138.0,11.319,5.7
tm245235,Ali Wong: Baby Cobra,MOVIE,2016,60,comedy,US,7.5,6988.0,6.367,7.3
tm235405,Hyena Road,MOVIE,2015,120,"drama, thriller, war, action",CA,6.5,7839.0,9.363,6.7
tm218186,Septembers of Shiraz,MOVIE,2015,110,"drama, thriller, western",US,7.9,38.0,8.065,5.7
tm228242,A Very Murray Christmas,MOVIE,2015,56,"comedy, music",US,5.5,15455.0,9.185,5.3
tm244513,Divines,MOVIE,2016,105,"drama, crime, european","FR, QA",7.4,9821.0,9.632,7.763
ts39014,Kuromukuro,SHOW,2016,24,"comedy, drama, animation, action, scifi",JP,7.2,1290.0,6.887,6.7
tm232954,Audrie & Daisy,MOVIE,2016,95,"documentation, crime",US,7.2,6602.0,5.6,7.2
ts41948,Hip Hop Evolution,SHOW,2016,45,"documentation, music",CA,8.4,5772.0,4.48,7.8
ts54156,Chef's Table: France,SHOW,2016,46,documentation,US,8.2,1734.0,4.096,8.6
ts36740,Project Mc²,SHOW,2015,25,family,US,5.8,1026.0,5.445,8.1
tm239290,Always Be My Maybe,MOVIE,2016,112,"comedy, romance",PH,6.6,379.0,2.434,7.3
tm290444,Pandora,MOVIE,2016,136,"thriller, drama, action",KR,6.6,7416.0,27.496,7.5
ts41899,Nightmare Teacher,SHOW,2016,16,"drama, horror, thriller",KR,7.1,446.0,5.677,8.4
tm225693,Keith Richards: Under the Influence,MOVIE,2015,82,"documentation, music",US,7.1,3383.0,5.383,6.7
tm267429,"Surviving Compton: Dre, Suge and Michel'le",MOVIE,2016,87,"drama, documentation",US,6.5,718.0,2.138,6.1
tm272413,Colin Quinn: The New York Story,MOVIE,2016,62,comedy,US,6.9,1001.0,2.917,6.3
ts43501,Secrets of Great British Castles,SHOW,2015,44,"documentation, history, european",GB,7.8,1060.0,3.459,7.3
tm138584,Hawaizaada,MOVIE,2015,157,"history, drama, fantasy",IN,5.5,1942.0,3.027,6.0
ts56221,Rainbow Ruby,SHOW,2016,12,"family, fantasy, animation, comedy",CN,6.6,80.0,12.713,10.0
tm225275,Riot,MOVIE,2015,88,action,US,5.1,3369.0,12.429,5.8
ts81483,Simon,SHOW,2016,5,"comedy, family, animation",FR,7.0,129.0,3.507,9.5
ts35463,Richie Rich,SHOW,2015,23,comedy,US,3.0,1073.0,9.491,6.5
tm209950,Kevin Hart: What Now?,MOVIE,2016,96,"comedy, documentation",US,5.9,9501.0,10.176,6.5
tm308241,Legends of the Hidden Temple,MOVIE,2016,68,"action, family",US,5.6,921.0,3.528,6.7
ts38764,Marseille,SHOW,2016,42,"drama, european",FR,6.8,5163.0,8.888,6.6
tm213681,Veteran,MOVIE,2015,119,"comedy, crime, action, thriller",KR,7.0,6611.0,9.614,6.9
tm139870,Opening Night,MOVIE,2016,90,"comedy, thriller, drama, crime, action",US,6.0,2662.0,7.809,5.9
tm239739,Raman Raghav 2.0,MOVIE,2016,134,"crime, thriller, drama",IN,7.4,14380.0,6.61,7.1
tm246175,The 101-Year-Old Man Who Skipped Out on the Bill and Disappeared,MOVIE,2016,108,"action, comedy, crime, european",SE,6.3,6023.0,7.299,6.4
ts38761,Another Miss Oh,SHOW,2016,69,"comedy, drama, family, fantasy, romance",KR,7.8,1866.0,17.289,8.2
tm195764,6 Years,MOVIE,2015,84,"drama, romance",US,5.6,12441.0,7.652,5.4
ts41154,Paquita Salas,SHOW,2016,22,"comedy, european",ES,8.0,3128.0,7.93,7.1
ts144323,Unnatural Selection,SHOW,2015,35,"reality, documentation, comedy",US,8.1,12.0,2.736,7.5
tm233561,Shaun the Sheep: The Farmer's Llamas,MOVIE,2015,30,"comedy, family, animation",GB,6.8,1400.0,8.513,6.6
tm217939,Un + une,MOVIE,2015,115,"comedy, romance, drama, european",FR,6.2,2336.0,4.579,5.9
tm200454,Ok Kanmani,MOVIE,2015,139,"romance, drama",IN,7.4,5877.0,4.318,6.8
tm266844,True Memoirs of an International Assassin,MOVIE,2016,98,"action, comedy, crime",US,5.9,22891.0,16.152,5.8
ts74929,H20: Mermaid Adventures,SHOW,2015,24,"animation, family, comedy, drama, fantasy, romance, european",FR,5.7,194.0,8.908,8.8
tm300713,High & Low The Movie,MOVIE,2016,129,action,JP,6.4,583.0,2.513,6.0
ts38772,Dear My Friends,SHOW,2016,70,"comedy, drama",KR,8.2,366.0,4.766,8.0
tm240895,Strange Weather,MOVIE,2016,95,drama,US,6.0,1499.0,9.634,5.9
ts52943,The Sound of Your Heart,SHOW,2016,26,"comedy, drama, animation",KR,8.2,1127.0,5.877,8.2
tm275800,The Lighthouse of the Orcas,MOVIE,2016,110,"drama, romance, european","AR, ES",6.7,3910.0,10.09,7.0
ts86831,The Good Cop,SHOW,2015,28,"comedy, drama",IL,7.6,385.0,1.542,7.0
tm276430,Servant Of The People 2,MOVIE,2016,100,"comedy, family",UA,6.2,417.0,6.053,6.1
tm224377,Heneral Luna,MOVIE,2015,118,"comedy, action, drama, history, war",PH,7.3,2132.0,3.448,7.8
tm242755,Ordinary World,MOVIE,2016,86,"comedy, drama, family, music",US,5.5,3106.0,5.993,6.0
tm241998,Mohenjo Daro,MOVIE,2016,155,"action, drama, history, romance",IN,5.6,11693.0,8.73,6.5
ts52988,Captive,SHOW,2016,63,"documentation, drama, european",US,6.8,742.0,4.18,6.8
tm208628,Dil Dhadakne Do,MOVIE,2015,170,"drama, family, romance, comedy",IN,7.0,17581.0,8.46,6.8
ts41260,"Hello, My Twenties!",SHOW,2016,63,"comedy, drama, romance",KR,8.3,2161.0,14.835,7.3
ts42089,Haters Back Off,SHOW,2016,29,"comedy, drama, family, romance",US,5.9,7274.0,7.102,6.4
tm242646,Toro,MOVIE,2016,105,"drama, crime, thriller, action, european","FR, ES",5.9,3256.0,8.146,6.0
ts38717,Good Morning Call,SHOW,2016,48,"comedy, drama, romance",JP,7.5,3161.0,15.259,7.3
tm242687,Riphagen the Untouchable,MOVIE,2016,132,"thriller, drama, war, european",NL,7.1,7800.0,8.67,6.5
tm208713,Gabbar Is Back,MOVIE,2015,130,"drama, action, crime, comedy",IN,7.1,24975.0,7.397,7.2
tm220317,Demetri Martin: Live (At The Time),MOVIE,2015,61,"comedy, documentation",US,7.4,2207.0,2.887,7.0
tm421855,4K Fireplace,MOVIE,2015,181,"family, reality",US,7.7,49.0,0.738,6.8
ts21979,Spotless,SHOW,2015,58,"crime, comedy, drama, european",FR,7.7,3663.0,6.213,7.0
tm267948,7 Years,MOVIE,2016,77,"drama, european",ES,6.7,4961.0,6.603,6.3
ts42011,Cheer Squad,SHOW,2016,42,reality,CA,7.2,167.0,1.168,7.9
tm219817,Talvar,MOVIE,2015,132,"thriller, drama, crime",IN,8.1,34943.0,9.212,7.5
tm201365,Brothers,MOVIE,2015,156,"family, action, drama, sport",IN,6.4,13003.0,5.554,6.6
tm281182,Gabriel Iglesias: I'm Sorry for What I Said When I Was Hungry,MOVIE,2016,87,"comedy, documentation",US,7.4,2566.0,3.047,7.2
ts36741,Fartsa,SHOW,2015,60,"drama, crime",RU,6.7,197.0,2.722,7.2
ts57705,The Paper,SHOW,2016,49,"drama, crime, action",HR,7.4,64.0,3.809,7.6
tm233843,Pyaar Ka Punchnama 2,MOVIE,2015,159,"drama, romance, comedy",IN,7.3,15216.0,3.924,7.0
tm211461,Much Loved,MOVIE,2015,108,"drama, european","FR, MA",6.2,2772.0,5.794,6.0
ts42347,Word Party,SHOW,2016,13,"family, animation",US,5.5,352.0,2.382,8.3
tm232710,A Second Chance,MOVIE,2015,130,"drama, romance, family, documentation, sport",PH,8.6,47.0,2.752,7.1
tm244638,Rebirth,MOVIE,2016,101,thriller,US,4.9,5290.0,8.68,4.7
tm451222,Lang Tong,MOVIE,2015,83,thriller,SG,4.8,337.0,3.909,4.0
tm195870,Manson Family Vacation,MOVIE,2015,85,"comedy, drama, thriller",US,5.8,2995.0,6.451,5.9
ts83535,Popples,SHOW,2015,25,"family, animation","RU, US, FR",6.0,57.0,3.292,8.0
tm221883,Gridlocked,MOVIE,2016,110,action,CA,5.8,4604.0,14.458,5.8
ts127430,StoryBots Super Songs,SHOW,2016,21,"animation, family",US,8.7,170.0,0.6,9.0
tm239635,Jimmy Carr: Funny Business,MOVIE,2016,62,comedy,GB,7.2,4356.0,5.549,6.9
tm198496,Aziz Ansari: Live at Madison Square Garden,MOVIE,2015,58,comedy,US,6.6,3266.0,4.73,6.7
tm245102,The Next Skin,MOVIE,2016,100,"drama, thriller, european",ES,6.2,1820.0,5.453,5.8
tm215054,Chris Tucker: Live,MOVIE,2015,92,"comedy, documentation",US,6.3,1955.0,5.362,6.0
tm271839,"Dana Carvey: Straight White Male, 60",MOVIE,2016,64,comedy,US,6.5,1528.0,2.747,6.3
tm245297,Justin Timberlake + The Tennessee Kids,MOVIE,2016,90,"music, documentation",US,7.6,2191.0,3.257,7.6
tm266629,Russell Peters: Almost Famous,MOVIE,2016,73,comedy,US,6.6,1905.0,2.156,6.6
ts42218,Sin senos sí hay paraíso,SHOW,2016,47,"action, drama, romance, crime",CO,6.5,554.0,243.868,7.5
tm220473,Colin Quinn: Unconstitutional,MOVIE,2015,55,comedy,US,7.1,478.0,2.333,6.9
tm245148,Jim Jefferies: Freedumb,MOVIE,2016,86,"comedy, documentation",US,7.7,5420.0,4.802,7.3
tm274053,Asperger's Are Us,MOVIE,2016,83,"documentation, comedy, drama",US,6.6,737.0,2.227,5.9
tm239762,Tony Robbins: I Am Not Your Guru,MOVIE,2016,115,documentation,US,6.6,4391.0,6.569,6.6
tm197503,Hunterrr,MOVIE,2015,141,"romance, drama, comedy",IN,7.0,6262.0,2.332,6.2
tm201906,Belgica,MOVIE,2016,127,"drama, european","FR, BE",6.7,4519.0,4.889,5.9
ts38769,Chelsea,SHOW,2016,52,comedy,US,6.0,2072.0,16.004,5.1
tm233344,Kapoor & Sons,MOVIE,2016,140,"drama, romance, comedy, family",IN,7.7,26130.0,8.129,7.0
tm240162,Udta Punjab,MOVIE,2016,148,"drama, action, crime",IN,7.7,30276.0,8.861,7.2
tm211478,Tamasha,MOVIE,2015,139,"drama, comedy, romance",IN,7.3,27331.0,6.88,6.6
ts41294,Mossad 101,SHOW,2015,42,"action, drama",IL,6.7,649.0,5.022,5.9
tm244758,Breaking the Bank,MOVIE,2016,106,comedy,GB,4.8,939.0,3.056,4.5
tm321189,All About Asado,MOVIE,2016,90,documentation,AR,6.5,579.0,1.802,6.1
ts41485,Vanished 46,SHOW,2016,63,"drama, action, scifi, crime, thriller",TR,8.2,4326.0,2.184,7.8
tm245722,Chronically Metropolitan,MOVIE,2016,86,"comedy, drama",US,4.9,1525.0,3.964,5.3
ts53543,The Miracle,SHOW,2016,18,"drama, comedy, fantasy, music",KR,6.3,214.0,11.974,8.0
tm282915,Fate/Grand Order: First Order,MOVIE,2016,72,"action, fantasy, animation",JP,5.7,896.0,12.341,6.8
ts53149,White Nights,SHOW,2016,62,drama,KR,6.9,297.0,5.348,8.0
ts83224,Toon,SHOW,2016,27,comedy,NL,7.6,892.0,2.503,8.2
tm232931,Hannibal Buress: Comedy Camisado,MOVIE,2016,67,comedy,US,6.6,1520.0,4.087,6.4
tm227922,Anjelah Johnson: Not Fancy,MOVIE,2015,63,"comedy, documentation",US,5.7,701.0,2.405,4.8
ts74917,72 Cutest Animals,SHOW,2016,27,documentation,AU,5.7,446.0,2.719,6.5
tm272854,Force 2,MOVIE,2016,123,"action, crime, thriller",IN,6.2,5550.0,5.209,6.6
tm233015,Fitoor,MOVIE,2016,131,"romance, drama",IN,5.4,4840.0,5.517,5.8
tm139590,Triumph in the Skies,MOVIE,2015,100,"comedy, drama, romance",HK,4.3,377.0,1.835,4.2
tm242422,In the Shadow of Iris,MOVIE,2016,99,"thriller, drama, crime, european",FR,6.1,4275.0,8.117,5.844
tm193211,Mucize,MOVIE,2015,136,"drama, comedy, romance, documentation, european",TR,7.6,12593.0,6.24,7.2
tm270555,The Ivory Game,MOVIE,2016,112,"documentation, european","AT, US",7.9,3243.0,3.919,7.6
tm236999,Our Lovers,MOVIE,2016,88,"romance, comedy, drama, european",ES,6.7,4228.0,17.857,7.2
ts42155,Home: Adventures with Tip & Oh,SHOW,2016,21,"comedy, scifi, animation, family, fantasy",US,6.0,604.0,6.585,7.0
tm233570,Beauty and the Bestie,MOVIE,2015,119,"action, comedy, drama",PH,4.6,297.0,2.213,4.8
ts55556,A Touch of Green,SHOW,2015,53,"drama, war",TW,8.4,341.0,4.43,9.2
tm233023,Tom Segura: Mostly Stories,MOVIE,2016,73,"comedy, documentation",US,7.5,3653.0,2.89,7.1
ts41151,Hibana: Spark,SHOW,2016,53,drama,JP,7.9,846.0,2.29,7.8
tm193388,Dhanak,MOVIE,2015,106,"drama, comedy",IN,7.9,3893.0,2.918,7.5
tm234466,Jonah,MOVIE,2016,97,"drama, thriller, romance, family",BR,5.4,230.0,3.125,6.0
tm376111,Chocolate City: Vegas Strip,MOVIE,2016,89,drama,US,3.7,303.0,4.126,6.5
tm239769,I'll Sleep When I'm Dead,MOVIE,2016,82,documentation,US,6.6,1364.0,3.096,6.5
ts43341,Atelier,SHOW,2015,69,"drama, documentation, comedy",JP,6.3,7.0,2.932,7.8
tm207668,ABCD 2,MOVIE,2015,154,"music, drama",IN,5.4,6424.0,4.913,5.6
ts54010,My Runway,SHOW,2016,24,"comedy, drama, fantasy, romance",KR,6.3,266.0,10.522,7.6
tm228839,Ali Baba and the 7 Dwarfs,MOVIE,2015,114,"action, comedy, drama",TR,5.6,20155.0,3.728,5.2
tm233366,Te3n,MOVIE,2016,136,"thriller, drama",IN,7.3,12816.0,10.676,6.9
tm230524,"Chatô, The King of Brazil",MOVIE,2015,100,"drama, comedy, history",BR,5.4,19.0,2.234,5.1
tm233157,The Guardian Brothers,MOVIE,2016,103,"animation, family, fantasy, comedy",CN,5.4,2121.0,16.724,5.8
tm245042,Budhia Singh: Born to Run,MOVIE,2016,112,"drama, sport",IN,7.6,1503.0,1.495,6.1
ts55223,72 Dangerous Places to Live,SHOW,2016,45,documentation,AU,6.2,357.0,1.849,6.0
tm239947,Mercy,MOVIE,2016,82,"thriller, drama",US,4.1,3476.0,7.517,4.2
tm315345,City of Joy,MOVIE,2016,74,"documentation, thriller, war, crime, drama",CD,7.5,525.0,1.239,7.5
tm239774,XOXO,MOVIE,2016,92,"music, drama",US,5.3,7021.0,16.887,6.0
tm270982,Layla M.,MOVIE,2016,98,"drama, european",NL,6.6,1722.0,2.458,6.5
tm233196,Jessica Darling's It List,MOVIE,2016,79,family,US,5.4,994.0,9.284,6.0
tm246056,Garfunkel and Oates: Trying to be Special,MOVIE,2016,62,"comedy, music",US,7.3,919.0,3.186,7.4
tm311494,Slam,MOVIE,2016,100,"comedy, romance, drama, european",IT,6.1,1329.0,11.308,5.8
tm244635,The Blind Christ,MOVIE,2016,95,drama,"FR, CL",5.8,275.0,6.235,4.9
tm227044,Shaandaar,MOVIE,2015,144,"comedy, romance, drama",IN,3.6,5723.0,3.961,4.9
ts75897,Kulipari: An Army of Frogs,SHOW,2016,23,"action, animation, fantasy",US,6.8,259.0,3.954,7.4
tm246579,Rainbow Time,MOVIE,2016,91,"drama, comedy",US,5.9,726.0,3.352,5.9
ts81898,Kazoops!,SHOW,2016,13,"animation, comedy, family, fantasy","AU, GB",7.4,122.0,2.376,8.0
ts84398,Little Things,SHOW,2016,25,"drama, romance, comedy",IN,8.2,6542.0,6.822,7.8
tm244868,The Flower of Aleppo,MOVIE,2016,100,"drama, action, war",TN,5.4,128.0,1.4,6.2
tm245155,The Worthy,MOVIE,2016,95,"thriller, action, scifi, fantasy, family, european",AE,5.1,2004.0,5.348,4.8
ts52825,The Princess Weiyoung,SHOW,2016,45,"drama, history, romance",CN,7.7,800.0,10.875,7.2
ts54022,Terrace House: Aloha State,SHOW,2016,36,"reality, drama",JP,7.4,997.0,6.928,7.9
tm245293,You Are My Sunday,MOVIE,2016,119,"drama, comedy",IN,7.7,1678.0,1.728,7.0
tm232832,The Lion Woman,MOVIE,2016,126,"drama, european","SE, NO",6.6,1410.0,17.587,6.9
ts51367,Trailer Park Boys: Out of the Park: Europe,SHOW,2016,28,"action, drama, comedy, crime",CA,7.0,2324.0,5.537,6.2
tm239933,7:19,MOVIE,2016,94,"history, thriller, drama",MX,5.8,649.0,8.11,6.4
ts53346,Chasing Cameron,SHOW,2016,28,reality,US,3.5,500.0,2.452,5.8
tm247644,Schubert in Love,MOVIE,2016,94,"comedy, european",DE,5.0,371.0,3.314,5.2
tm212968,Frank and Cindy,MOVIE,2015,102,"comedy, drama",US,6.1,863.0,2.311,5.4
tm211424,Dharam Sankat Mein,MOVIE,2015,129,"comedy, drama, family, fantasy, thriller",IN,6.3,2262.0,3.51,7.0
ts35505,Old Money,SHOW,2015,47,"comedy, drama, european",AT,7.3,503.0,2.488,6.3
ts78442,Coach Snoop,SHOW,2016,29,documentation,US,6.7,590.0,2.881,7.8
ts43258,Stories by Rabindranath Tagore,SHOW,2015,43,drama,IN,8.7,1323.0,3.572,8.8
tm230927,Puerto Ricans in Paris,MOVIE,2015,82,comedy,US,5.3,1856.0,5.176,5.7
tm244577,Love O2O,MOVIE,2016,105,"comedy, romance, drama",CN,6.4,1039.0,7.811,6.9
tm227523,Fifty,MOVIE,2015,101,"drama, romance, sport, thriller",NG,6.0,265.0,2.484,5.3
ts82327,Три кота,SHOW,2015,5,"animation, scifi, comedy, family",RU,7.0,101.0,0.662,8.0
tm230426,"Liar, Liar, Vampire",MOVIE,2015,66,"comedy, family",US,5.7,964.0,9.086,7.1
tm240728,Patton Oswalt: Talking for Clapping,MOVIE,2016,65,"comedy, documentation",US,6.7,2001.0,3.337,6.6
tm283938,Selfie 69,MOVIE,2016,116,"comedy, action, romance, european",RO,6.1,1700.0,4.445,6.8
ts55966,LEGO Friends: The Power of Friendship,SHOW,2016,23,animation,US,6.7,54.0,7.272,7.7
tm236705,Ricardo O'Farrill: Abrazo Genial,MOVIE,2016,92,comedy,MX,5.5,117.0,1.481,5.2
tm244923,My Mother's Wound,MOVIE,2016,120,"drama, thriller, war",TR,7.3,3692.0,4.392,6.9
tm266622,Iliza Shlesinger: Confirmed Kills,MOVIE,2016,77,comedy,US,6.6,2880.0,5.957,6.4
tm134052,Umrika,MOVIE,2015,98,"comedy, drama",IN,6.6,1472.0,2.265,5.8
tm246543,Journey to Greenland,MOVIE,2016,98,"drama, comedy, european","GL, FR",6.3,1343.0,3.262,6.2
ts53065,One More Time,SHOW,2016,31,"scifi, drama, fantasy",KR,6.8,582.0,3.778,7.2
tm272484,Michael Che Matters,MOVIE,2016,60,comedy,US,7.2,2657.0,3.242,6.8
tm252609,'76,MOVIE,2016,118,"romance, drama",NG,5.6,227.0,2.062,7.2
tm234064,Halal Love,MOVIE,2016,95,"romance, drama, comedy, european","LB, DE",6.3,382.0,1.352,5.8
tm240733,100 Meters,MOVIE,2016,108,"drama, comedy, european",ES,7.5,6248.0,8.137,7.5
tm230478,Brent Morin: I'm Brent Morin,MOVIE,2015,67,comedy,US,6.5,691.0,1.929,7.3
tm267419,Joe Rogan: Triggered,MOVIE,2016,63,"comedy, documentation",US,7.4,4547.0,3.272,6.7
tm232930,Kyaa Kool Hain Hum 3,MOVIE,2016,124,comedy,IN,1.9,4356.0,4.658,3.1
tm149212,Olmo and the Seagull,MOVIE,2015,90,"drama, european, romance, family, documentation","PT, SE, DK, BR, FR",7.2,676.0,2.034,7.1
tm243931,The Beginning of Life,MOVIE,2016,98,"documentation, family",BR,7.5,940.0,1.134,7.7
tm307997,Offline: Are You Ready for the Next Level?,MOVIE,2016,88,"action, comedy, european",DE,5.0,783.0,16.734,5.4
tm219699,Phantom,MOVIE,2015,136,"thriller, action, drama, crime, horror, european",IN,5.9,9281.0,3.083,5.6
tm234136,MindGamers,MOVIE,2015,97,"action, scifi, thriller, european",AT,3.6,1111.0,1.593,4.3
tm239764,David Cross: Making America Great Again,MOVIE,2016,74,comedy,US,6.5,1674.0,2.286,6.7
tm225675,Jeff Dunham: Unhinged in Hollywood,MOVIE,2015,60,comedy,US,6.7,722.0,1.77,6.2
tm244380,Barcelona: A Love Untold,MOVIE,2016,132,"romance, drama",PH,6.6,766.0,3.331,6.0
ts54117,Luna Petunia,SHOW,2016,24,"animation, family, fantasy",CA,6.3,57.0,1.722,8.0
tm244079,Sofía Niño de Rivera: Exposed,MOVIE,2016,80,comedy,MX,7.3,304.0,2.632,7.3
tm263743,The Doll,MOVIE,2016,106,"thriller, horror",ID,5.2,764.0,6.038,5.3
tm246485,U Turn,MOVIE,2016,121,"horror, thriller, crime, drama",IN,7.5,3310.0,2.982,6.8
tm267017,I Love You,MOVIE,2016,98,"comedy, drama, romance, european",SE,4.7,1008.0,2.205,4.5
tm224255,Very Big Shot,MOVIE,2015,107,"action, drama, thriller, crime","QA, LB",6.9,1405.0,1.669,6.7
ts38812,Fearless,SHOW,2016,42,"documentation, reality",US,7.0,304.0,3.34,8.0
tm234292,The Heirs,MOVIE,2015,71,drama,MX,5.7,223.0,1.309,5.7
tm238717,Barakah Meets Barakah,MOVIE,2016,88,"romance, comedy",SA,6.3,1705.0,2.115,6.5
ts38813,Bottersnikes & Gumbles,SHOW,2016,13,"action, family, animation, comedy","GB, AU, US",5.2,48.0,1.49,7.3
tm271974,Pettson and Findus: The Best Christmas Ever,MOVIE,2016,82,"family, animation, comedy, fantasy, european",DE,5.5,356.0,2.616,5.4
tm193378,Iliza Shlesinger: Freezing Hot,MOVIE,2015,71,"comedy, documentation",US,6.8,2616.0,3.345,6.7
tm201855,Katti Batti,MOVIE,2015,138,"comedy, romance, drama",IN,4.6,3157.0,1.508,5.6
ts21876,My Sunshine,SHOW,2015,45,"drama, romance",CN,6.5,195.0,6.79,6.5
tm232267,Mike Epps: Don't Take It Personal,MOVIE,2015,60,comedy,US,4.4,288.0,2.565,5.1
tm272012,Ghost Patrol,MOVIE,2016,50,"thriller, animation, family",CA,5.1,226.0,2.149,4.3
tm217986,Bangistan,MOVIE,2015,135,"comedy, drama",IN,4.5,1284.0,4.372,6.4
tm215911,Ludo,MOVIE,2015,90,"horror, thriller, fantasy",IN,2.8,852.0,3.316,2.8
tm327551,Born in Syria,MOVIE,2016,86,"documentation, european","ES, DK",7.7,280.0,2.143,7.2
tm238486,Theo Von: No Offense,MOVIE,2016,65,"comedy, documentation",US,5.6,875.0,2.294,6.4
tm295349,Ricardo O'Farrill: abrazo navideño,MOVIE,2016,31,comedy,MX,5.7,71.0,1.235,5.7
tm233648,"Trailer Park Boys: Drunk, High and Unemployed: Live In Austin",MOVIE,2015,74,comedy,CA,6.5,1062.0,2.368,5.6
tm286268,#Rucker50,MOVIE,2016,56,documentation,US,5.2,120.0,1.645,3.7
tm214589,The Breakup Playlist,MOVIE,2015,117,"romance, drama, music",PH,6.5,305.0,1.875,6.8
tm375681,S Storm,MOVIE,2016,90,"thriller, drama, crime, action","CN, HK",5.1,721.0,2.201,5.7
tm316567,HiGH&LOW: The Red Rain,MOVIE,2016,110,"action, drama",JP,6.1,296.0,2.529,7.8
tm243070,Those who fear are dead,MOVIE,2016,110,drama,EG,3.6,88.0,0.763,2.0
tm247444,Poshter Girl,MOVIE,2016,140,comedy,IN,6.6,330.0,1.611,8.0
tm224275,3000 Nights,MOVIE,2015,103,drama,"AE, FR, JO, LB, QA, PS",7.0,720.0,2.069,5.9
tm66466,Wazir,MOVIE,2016,103,"thriller, crime, drama, action",IN,7.2,18681.0,5.319,6.6
tm340927,Motu Patlu: King Of Kings,MOVIE,2016,109,"animation, action, comedy",IN,6.5,165.0,2.208,9.0
tm219739,The Love Affair,MOVIE,2015,125,"romance, drama",PH,6.3,259.0,1.539,5.7
tm231911,Everyday I Love You,MOVIE,2015,122,"romance, drama",PH,7.0,496.0,1.504,7.8
tm242002,Jeff Foxworthy & Larry the Cable Guy: We've Been Thinking,MOVIE,2016,74,comedy,US,5.9,652.0,1.921,6.2
tm211273,Jen Kirkman: I'm Gonna Die Alone (And I Feel Fine),MOVIE,2015,78,comedy,US,6.8,1506.0,2.027,6.9
ts83449,Love Storm,SHOW,2016,87,family,TW,5.5,326.0,2.334,9.0
tm273933,Reggie Watts: Spatial,MOVIE,2016,61,"comedy, music",US,6.0,515.0,1.945,6.1
ts83450,Close Your Eyes Before It's Dark,SHOW,2016,84,"thriller, crime, drama",TW,7.0,229.0,2.265,6.4
ts53017,Best Lover,SHOW,2016,45,"drama, romance",CN,6.8,82.0,3.482,9.7
tm317850,Meet The in-Laws,MOVIE,2016,75,comedy,NG,6.0,24.0,1.512,5.0
tm207734,Chris D'Elia: Incorrigible,MOVIE,2015,83,"comedy, documentation",US,6.4,1540.0,2.593,6.2
ts52950,Miss in Kiss,SHOW,2016,27,"comedy, drama",TW,7.7,98.0,2.05,8.0
tm244842,Ordinary People,MOVIE,2016,107,drama,PH,7.3,516.0,2.117,6.3
tm350159,Couple Of Days,MOVIE,2016,103,drama,NG,6.4,21.0,0.671,4.0
tm226320,Kara Bela,MOVIE,2015,100,"comedy, action, drama",TR,6.7,9056.0,3.656,6.6
tm279828,Vince & Kath & James,MOVIE,2016,116,romance,PH,6.8,373.0,1.936,6.4
tm275726,Carlos Ballarta: el amor es de putos,MOVIE,2016,67,comedy,MX,7.0,235.0,3.487,6.5
tm311456,Sen Benim HerŞeyimsin,MOVIE,2016,107,comedy,TR,6.2,2707.0,3.082,6.3
tm350374,Saawan,MOVIE,2016,90,"thriller, drama",PK,7.3,253.0,2.513,7.4
tm296203,A Chaster Marriage,MOVIE,2016,93,"comedy, romance, family",TR,5.4,874.0,1.508,5.1
tm234773,Eddie: Strongman,MOVIE,2015,98,documentation,GB,7.4,1168.0,1.814,6.8
tm257141,Cedric the Entertainer: Live from the Ville,MOVIE,2016,60,comedy,US,6.2,696.0,1.519,6.0
tm234069,Wedding Association 2: Circumcision,MOVIE,2015,107,comedy,TR,6.3,10439.0,3.703,6.2
tm278279,One in a Billion,MOVIE,2016,69,documentation,US,6.7,545.0,1.674,7.0
tm232947,Brahman Naman,MOVIE,2016,94,comedy,"IN, GB",5.5,1901.0,2.608,5.6
tm290157,XV Beyond the Tryline,MOVIE,2016,91,"documentation, sport",GB,6.8,76.0,1.278,7.5
tm247396,Virunga: Gorillas in Peril,MOVIE,2015,28,documentation,US,6.6,32.0,1.46,7.0
tm246810,Santa Banta Pvt Ltd,MOVIE,2016,112,"comedy, action, crime, drama",IN,2.7,283.0,2.241,3.8
tm239078,Jada,MOVIE,2016,16,"drama, sport",US,5.4,159.0,0.886,4.0
tm282988,Dieter Nuhr: Nuhr in Berlin,MOVIE,2016,68,"comedy, european",DE,4.7,70.0,1.004,6.2
tm211571,Niyazi Gül Dörtnala,MOVIE,2015,106,"comedy, drama, action",TR,4.5,3170.0,2.395,4.2
tm242906,Sila Samayangalil,MOVIE,2016,101,drama,IN,5.8,32.0,2.974,7.6
tm368725,Love Is a Story,MOVIE,2015,107,"romance, european, comedy",RO,6.0,365.0,1.654,7.0
tm203056,Husband Factor,MOVIE,2015,108,"comedy, romance, drama, fantasy",TR,6.2,5092.0,4.497,5.8
tm233463,Husband Factor: Resurrection,MOVIE,2016,108,"comedy, family, romance, drama, fantasy",TR,5.3,310.0,2.76,6.1
tm283909,The Super Parental Guardians,MOVIE,2016,115,comedy,PH,4.4,208.0,1.339,6.7
tm533845,Sam Kinison: The Scream Continues,MOVIE,2016,29,documentation,US,6.1,39.0,0.632,7.0
tm267112,Gang of the Caribbean,MOVIE,2016,90,"thriller, european",FR,5.1,299.0,3.637,4.8
tm247767,Kiss of Life,MOVIE,2015,102,"romance, comedy, drama",TR,5.9,1248.0,1.511,4.3
tm198842,Souk Bazaar,MOVIE,2015,97,comedy,TR,5.2,1900.0,1.672,5.1
tm232855,Everything About Her,MOVIE,2016,126,"drama, comedy",PH,7.2,332.0,2.11,8.1
ts91990,The Creative Indians,SHOW,2016,29,documentation,US,8.3,45.0,0.6,9.0
tm424879,Road To High & Low,MOVIE,2016,95,"action, drama",JP,6.6,185.0,4.102,6.0
ts53513,Back to 1989,SHOW,2016,44,"scifi, drama",TW,8.0,115.0,0.688,8.4
tm245050,The Arbitration,MOVIE,2016,100,"drama, comedy",NG,5.0,124.0,1.811,6.9
tm247159,The Last Egg,MOVIE,2016,95,"comedy, romance, drama",VN,4.8,101.0,1.02,6.0
tm244041,Jandino: Whatever it Takes,MOVIE,2016,94,comedy,"NL, GB",4.5,30.0,1.4,5.0
tm407961,Gbomo Gbomo Express,MOVIE,2015,96,"drama, crime",NG,5.0,50.0,0.714,5.0
tm225416,Janoskians: Untold and Untrue,MOVIE,2015,88,comedy,US,3.7,161.0,1.889,5.1
tm198786,Crazy Beautiful You,MOVIE,2015,115,"drama, romance, comedy",PH,7.0,853.0,2.393,7.0
tm232090,Snervous Tyler Oakley,MOVIE,2015,82,documentation,US,5.4,473.0,2.707,5.7
tm571645,Sommore: The Reign Continues,MOVIE,2015,92,comedy,US,7.0,79.0,0.956,7.0
tm350727,Hajwala: The Missing Engine,MOVIE,2016,96,"drama, action, crime, sport, thriller",AE,2.0,255.0,1.389,6.2
tm212909,Just the Way You Are,MOVIE,2015,107,"comedy, drama, romance",PH,6.3,511.0,2.177,7.6
tm233121,Dedemin Fişi,MOVIE,2016,100,"comedy, family",TR,5.5,3524.0,3.847,5.8
tm272666,The Unmarried Wife,MOVIE,2016,130,"drama, romance",PH,5.9,189.0,1.812,6.5
tm245791,My Stupid Boss,MOVIE,2016,106,"comedy, drama",ID,7.1,1536.0,2.471,6.9
tm271333,The Third Party,MOVIE,2016,118,"comedy, romance",PH,6.1,275.0,2.802,5.6
tm409220,Ojukokoro (Greed),MOVIE,2016,112,"thriller, comedy, crime",NG,6.6,63.0,0.954,5.5
tm234735,Time Out,MOVIE,2015,98,"drama, animation, family, music",IN,6.0,414.0,1.167,7.2
ts77795,Derry Girls,SHOW,2018,27,comedy,GB,8.4,34026.0,16.567,8.1
ts56683,The Sinner,SHOW,2017,45,"crime, drama, thriller",US,7.9,118746.0,51.938,7.5
tm312676,Leave No Trace,MOVIE,2018,109,drama,"CA, US",7.1,58727.0,14.795,6.8
ts53864,Ozark,SHOW,2017,60,"drama, crime, thriller",US,8.5,300454.0,146.805,8.245
tm239091,Blade Runner 2049,MOVIE,2017,164,"scifi, action, drama, thriller","CA, HU, MX, ES, GB, US",8.0,549712.0,67.788,7.5
ts55668,Dark,SHOW,2017,56,"scifi, crime, drama, thriller",DE,8.7,363469.0,164.601,8.4
tm313149,12 Strong,MOVIE,2018,131,"drama, action, war, history",US,6.5,79980.0,67.199,6.2
tm244208,It,MOVIE,2017,135,"horror, fantasy, thriller",US,7.3,527626.0,95.827,7.234
ts81064,Legacies,SHOW,2018,41,"drama, scifi, fantasy, horror",US,7.2,30634.0,230.337,8.5
ts81294,Manifest,SHOW,2018,42,"drama, thriller, scifi",US,7.1,53185.0,145.572,7.7
ts53023,Riverdale,SHOW,2017,42,"crime, drama, thriller, romance",US,6.6,141250.0,341.862,8.531
tm244259,Wind River,MOVIE,2017,107,"thriller, crime, drama, western","FR, GB, US",7.7,244463.0,26.743,7.427
tm310953,Sorry to Bother You,MOVIE,2018,111,"scifi, fantasy, comedy, drama",US,6.9,77407.0,10.334,6.8
tm232797,Dunkirk,MOVIE,2017,107,"drama, war, action, thriller, history, european","FR, NL, GB, US",7.8,619645.0,36.684,7.5
ts78801,Cobra Kai,SHOW,2018,31,"action, drama, sport, comedy",US,8.5,166830.0,331.306,8.167
tm366889,Vice,MOVIE,2018,132,"comedy, drama, documentation",US,7.2,139439.0,16.962,7.059
ts42405,Mindhunter,SHOW,2017,53,"drama, crime, thriller",US,8.6,261429.0,37.904,8.0
tm315174,Phantom Thread,MOVIE,2017,130,"drama, romance","US, GB",7.4,130006.0,14.833,7.3
ts83970,All American,SHOW,2018,42,"drama, sport",US,7.6,9704.0,33.102,8.272
ts79813,You,SHOW,2018,47,"crime, drama, thriller, romance",US,7.7,230119.0,85.558,8.1
tm315344,Molly's Game,MOVIE,2017,140,"drama, crime, sport","CN, CA, US",7.4,167955.0,25.929,7.147
tm318206,Den of Thieves,MOVIE,2018,140,"thriller, crime, drama, action",US,7.0,110108.0,47.326,6.7
ts77398,Lost in Space,SHOW,2018,49,"drama, scifi, action, thriller, family",US,7.3,98084.0,55.052,7.654
ts81884,Bodyguard,SHOW,2018,60,"war, drama, thriller, crime, european",GB,8.1,118124.0,19.085,7.9
ts82584,Rise of the Teenage Mutant Ninja Turtles,SHOW,2018,17,"action, comedy, drama, scifi, family, fantasy, animation",US,4.9,3153.0,17.577,6.4
ts74816,American Vandal,SHOW,2017,33,"crime, comedy, drama",US,8.1,30399.0,17.642,7.6
ts75151,Godless,SHOW,2017,65,"drama, western, documentation, action, crime",US,7.6,27.0,16.273,7.754
ts77955,Somebody Feed Phil,SHOW,2018,52,documentation,US,8.2,4850.0,9.24,7.4
ts58133,Manhunt,SHOW,2017,43,"crime, drama, thriller",US,8.1,58120.0,18.55,7.7
ts58433,The Haunting of Hill House,SHOW,2018,58,"thriller, drama, horror",US,8.6,231950.0,50.336,8.1
tm266714,CHiPS,MOVIE,2017,100,"action, comedy, crime",US,6.0,46783.0,34.887,6.1
tm425889,The Ballad of Buster Scruggs,MOVIE,2018,132,"western, comedy, drama, romance",US,7.3,144294.0,32.555,7.145
ts42477,Babylon Berlin,SHOW,2017,49,"drama, thriller, crime, history, european",DE,8.4,23638.0,33.053,7.9
ts54102,Altered Carbon,SHOW,2018,52,"scifi, thriller, action, drama",US,7.9,164872.0,52.901,7.8
ts56261,Castlevania,SHOW,2017,26,"animation, drama, fantasy, horror, action",US,8.3,62722.0,50.499,8.3
ts84785,Dirty John,SHOW,2018,44,"crime, drama",US,7.2,21280.0,15.079,7.3
tm244220,Darkest Hour,MOVIE,2017,125,"drama, history, war, thriller, family",GB,7.4,193208.0,21.927,7.351
ts57465,Dynasty,SHOW,2017,42,drama,US,7.2,21637.0,49.457,8.2
tm367185,Won't You Be My Neighbor?,MOVIE,2018,95,documentation,US,8.4,25061.0,8.47,8.1
ts57120,Good Girls,SHOW,2018,42,"drama, crime, comedy",US,7.7,50919.0,33.403,8.1
ts57850,HAPPY!,SHOW,2017,43,"scifi, action, comedy, crime, fantasy, thriller",US,8.1,38172.0,13.215,7.5
ts74823,Wet Hot American Summer: Ten Years Later,SHOW,2017,27,comedy,US,6.9,8639.0,8.032,6.6
ts53663,Workin' Moms,SHOW,2017,23,"comedy, drama",CA,7.7,16488.0,23.833,7.9
ts75097,Maniac,SHOW,2018,39,"scifi, comedy, drama",US,7.7,77069.0,14.064,7.4
ts79229,Wild Wild Country,SHOW,2018,67,"crime, documentation",US,8.1,29939.0,9.646,7.95
tm287684,The Ritual,MOVIE,2017,94,"thriller, horror","CA, GB",6.3,95551.0,24.321,6.2
ts55982,Anne with an E,SHOW,2017,46,"drama, family",CA,8.7,52756.0,150.37,8.8
tm244174,Okja,MOVIE,2017,122,"scifi, fantasy, action, drama","KR, US",7.3,116305.0,25.911,7.415
ts76243,The End of the F***ing World,SHOW,2017,21,"drama, comedy, romance, thriller, crime",GB,8.1,182217.0,50.694,8.2
ts77852,Trolls: The Beat Goes On!,SHOW,2018,20,"comedy, animation, family, fantasy, romance",US,5.8,806.0,21.406,8.6
ts56969,Atypical,SHOW,2017,31,"comedy, drama",US,8.3,81643.0,37.513,8.3
tm288010,Final Score,MOVIE,2018,104,"action, drama, thriller","GB, US",5.7,11967.0,17.411,6.1
ts39015,A Series of Unfortunate Events,SHOW,2017,47,"drama, action, comedy, family",US,7.8,59959.0,55.144,7.345
ts81208,Charmed,SHOW,2018,40,"drama, scifi, fantasy",US,4.6,16533.0,92.694,7.427
tm300280,Rumble: The Indians Who Rocked the World,MOVIE,2017,103,"music, documentation",CA,7.7,830.0,1.771,8.2
tm244364,The Nightingale,MOVIE,2018,136,"thriller, drama, horror",AU,7.3,29758.0,25.696,7.2
ts58155,Alias Grace,SHOW,2017,44,"drama, crime, history, thriller",CA,7.7,32177.0,13.586,7.3
ts269185,Cold Case Files,SHOW,2017,42,"crime, documentation",US,7.9,1292.0,2.879,8.0
ts53198,One Day at a Time,SHOW,2017,28,"comedy, drama",US,8.1,16167.0,17.017,8.1
tm359978,Forgotten,MOVIE,2017,109,"thriller, horror, scifi",KR,7.4,31208.0,33.53,8.0
tm414073,Backtrace,MOVIE,2018,92,"crime, action, drama, thriller","CA, US",3.8,4453.0,19.984,5.4
ts84328,The Bureau of Magical Things,SHOW,2018,24,"scifi, family, fantasy, drama",AU,6.7,2152.0,20.189,7.5
ts53545,Santa Clarita Diet,SHOW,2017,29,"comedy, horror",US,7.8,66326.0,19.982,7.5
ts58367,Safe,SHOW,2018,45,"drama, thriller, crime, european",GB,7.2,42239.0,9.531,6.9
ts55798,Stranger,SHOW,2017,64,"crime, drama, thriller, romance, scifi, comedy",KR,8.5,8066.0,25.007,8.5
tm412550,Set It Up,MOVIE,2018,105,"romance, comedy",US,6.5,51861.0,18.364,6.9
tm299741,Crooked House,MOVIE,2017,115,"drama, thriller, crime",GB,6.3,24033.0,10.188,6.4
tm239286,The Cloverfield Paradox,MOVIE,2018,102,"horror, thriller, scifi, drama, action",US,5.5,104068.0,21.122,5.6
tm272060,What Happened to Monday,MOVIE,2017,123,"scifi, thriller, drama, action, crime, fantasy","FR, RO, GB, BE, DE",6.8,121772.0,60.669,7.2
ts241248,Cocomelon,SHOW,2018,6,"animation, comedy, family","US, GB",4.7,570.0,3.372,7.1
tm266666,Gerald's Game,MOVIE,2017,104,"horror, thriller, drama",US,6.5,106451.0,21.014,6.4
tm288499,Roma,MOVIE,2018,135,"drama, european","US, MX",7.7,155787.0,12.745,7.7
tm370212,Adrift,MOVIE,2018,96,"action, thriller, romance, drama, european","HK, IS, US",6.6,55597.0,17.991,6.9
tm244191,The Beguiled,MOVIE,2017,93,"drama, documentation, thriller, war",US,6.8,21.0,26.24,5.9
ts72247,Disenchantment,SHOW,2018,28,"scifi, comedy, fantasy, animation, action",US,7.2,59907.0,49.462,7.561
ts75879,Big Mouth,SHOW,2017,27,"comedy, animation, romance",US,7.9,76088.0,61.436,7.9
tm350379,Ghostland,MOVIE,2018,91,"thriller, horror, drama, european","CA, FR",6.4,31379.0,34.263,7.4
ts74809,Knightfall,SHOW,2017,44,"action, drama, history",US,6.7,20112.0,28.09,7.0
ts55720,GLOW,SHOW,2017,34,"drama, comedy, sport, reality",US,8.0,45533.0,17.486,7.4
tm350,The Bad Batch,MOVIE,2017,119,"drama, horror, scifi, romance, action",US,5.2,31275.0,18.249,5.3
ts312241,Oats Studios,SHOW,2017,12,"scifi, horror",US,6.4,1512.0,8.612,8.0
tm320570,Tully,MOVIE,2018,96,"comedy, drama","CA, US",7.0,57576.0,13.592,6.8
ts52821,Watership Down,SHOW,2018,50,"animation, family, fantasy, action, drama",GB,7.2,6175.0,10.0,6.9
tm357589,The Guernsey Literary & Potato Peel Pie Society,MOVIE,2018,124,"drama, history, romance, war","GB, US, FR",7.3,45626.0,12.645,7.5
ts82189,BAKI,SHOW,2018,24,"drama, animation, action, crime, sport",JP,6.7,6041.0,207.49,8.1
tm233482,The Foreigner,MOVIE,2017,113,"action, thriller, crime, drama, european","IN, CN, US, GB",7.0,113338.0,32.05,6.8
tm320281,"Can't Stop, Won't Stop: A Bad Boy Story",MOVIE,2017,80,"music, documentation",US,5.3,735.0,4.174,6.4
tm319818,Outlaw King,MOVIE,2018,121,"action, drama, history, war","US, GB",6.9,70822.0,24.14,6.8
tm414887,Destination Wedding,MOVIE,2018,90,"drama, romance, comedy",US,6.0,29546.0,19.069,5.7
ts82849,The Kominsky Method,SHOW,2018,26,"drama, comedy",US,8.2,38900.0,18.106,7.6
ts55781,Black Spot,SHOW,2017,55,"drama, crime, thriller, horror, european","BE, FR",7.4,11068.0,17.457,7.0
ts78305,Elite,SHOW,2018,48,"thriller, drama, crime",ES,7.4,75337.0,224.739,8.1
ts56648,The Keepers,SHOW,2017,56,"documentation, thriller, crime, action, drama",US,8.2,14.0,8.556,7.5
ts42294,13 Reasons Why,SHOW,2017,58,"drama, thriller",US,7.5,286015.0,80.574,7.748
tm374132,Bird Box,MOVIE,2018,124,"thriller, drama, scifi, horror",US,6.6,331070.0,47.18,6.9
tm280828,The Babysitter,MOVIE,2017,85,"comedy, horror",US,6.4,86953.0,52.287,6.102
ts54054,Imposters,SHOW,2017,43,"drama, thriller, comedy, crime",US,7.8,13529.0,17.273,7.3
ts77518,Teasing Master Takagi-san,SHOW,2018,24,"animation, romance, comedy",JP,7.7,2153.0,49.106,8.274
ts82526,Narcos: Mexico,SHOW,2018,58,"drama, crime",US,8.4,82042.0,92.102,7.9
ts57055,Black Lightning,SHOW,2018,41,"action, scifi, drama",US,6.1,24646.0,45.271,7.2
ts84574,Salt Fat Acid Heat,SHOW,2018,43,documentation,US,7.7,2447.0,4.037,8.3
tm371380,The Package,MOVIE,2018,94,"comedy, drama, thriller",US,5.5,17858.0,20.72,6.0
tm244197,Replicas,MOVIE,2018,94,"scifi, thriller, drama","PR, US, GB, CN",5.5,37340.0,27.644,6.1
tm420348,Cam,MOVIE,2018,95,"thriller, horror, drama",US,5.9,31542.0,12.204,5.8
ts77563,Mystery Science Theater 3000,SHOW,2017,86,"scifi, comedy, drama, horror, thriller",US,8.1,3656.0,3.279,8.0
ts76458,Deadwind,SHOW,2018,46,"crime, drama, thriller",FI,7.2,9068.0,18.234,6.6
ts77824,My Next Guest Needs No Introduction With David Letterman,SHOW,2018,50,,US,7.8,5581.0,8.217,7.6
ts77197,Seven Seconds,SHOW,2018,62,"crime, drama",US,7.7,15323.0,9.766,7.4
ts78558,Queer Eye,SHOW,2018,47,reality,US,8.5,18710.0,15.751,7.8
ts76869,Violet Evergarden,SHOW,2018,25,"animation, scifi, drama, fantasy, romance",JP,8.4,20919.0,43.782,8.674
ts84280,Rascal Does Not Dream of Bunny Girl Senpai,SHOW,2018,25,"comedy, thriller, animation, fantasy, romance, drama",JP,8.1,11117.0,61.635,8.8
tm435086,Level 16,MOVIE,2018,102,"scifi, thriller, drama, european",CA,6.0,11823.0,69.48,6.8
tm414285,Abducted in Plain Sight,MOVIE,2018,91,"crime, documentation, thriller, drama",US,6.8,18165.0,9.689,6.4
tm244206,The Meyerowitz Stories (New and Selected),MOVIE,2017,112,"comedy, drama",US,6.9,48223.0,12.045,6.5
ts79926,James Acaster: Repertoire,SHOW,2018,52,comedy,GB,8.4,3686.0,2.462,8.4
tm273294,I Don't Feel at Home in This World Anymore,MOVIE,2017,93,"drama, thriller, crime, comedy, european",US,6.9,55549.0,12.544,6.5
tm280060,Step Sisters,MOVIE,2018,104,comedy,US,5.4,4496.0,9.814,6.5
ts76865,Devilman Crybaby,SHOW,2018,25,"animation, action, scifi, drama, fantasy, horror",JP,7.6,19465.0,37.228,7.887
tm226948,The Shack,MOVIE,2017,132,"drama, fantasy",US,6.2,35748.0,110.758,7.5
ts83999,Hilda,SHOW,2018,25,"animation, family, scifi, drama, fantasy, comedy",GB,8.5,10283.0,18.535,8.3
tm371900,Calibre,MOVIE,2018,101,"thriller, drama",GB,6.8,28788.0,9.761,6.5
tm271951,Apostle,MOVIE,2018,130,"thriller, drama, horror, fantasy","US, GB",6.3,51890.0,14.414,6.1
tm244332,Beirut,MOVIE,2018,110,"thriller, drama, action, crime",US,6.4,22065.0,10.945,6.3
tm410435,To All the Boys I've Loved Before,MOVIE,2018,100,"comedy, romance, drama",US,7.1,101175.0,83.421,7.7
ts78430,Collateral,SHOW,2018,57,"thriller, drama, crime",GB,6.7,17774.0,23.364,6.4
ts82228,Cells at Work!,SHOW,2018,23,"comedy, animation, action, fantasy",JP,7.5,2270.0,16.706,8.3
ts58025,My Little Pony: Equestria Girls,SHOW,2017,22,"animation, comedy, family, fantasy",US,6.5,661.0,11.9,8.1
ts82597,The Dragon Prince,SHOW,2018,27,"action, scifi, animation, family, fantasy, thriller, drama",US,8.4,22187.0,31.275,8.3
tm362881,Mirai,MOVIE,2018,94,"fantasy, animation, drama, family",JP,7.0,14983.0,52.562,7.2
ts87369,Rust Valley Restorers,SHOW,2018,50,documentation,CA,7.7,2848.0,12.127,8.1
tm221953,Bāhubali 2: The Conclusion,MOVIE,2017,168,"fantasy, drama, action",IN,8.2,94421.0,38.877,7.3
tm227940,Berlin Syndrome,MOVIE,2017,116,"horror, thriller, drama",AU,6.2,25149.0,15.339,6.0
tm311815,Icarus,MOVIE,2017,121,"documentation, thriller, sport",US,7.9,49269.0,9.623,7.7
ts55645,Five Came Back,SHOW,2017,65,"war, documentation, history",US,8.3,4671.0,5.86,7.7
ts81331,She-Ra and the Princesses of Power,SHOW,2018,24,"scifi, animation, comedy, fantasy, family, action, drama",US,7.8,15584.0,26.73,8.8
tm362098,The Kindergarten Teacher,MOVIE,2018,96,"drama, thriller, european",US,6.7,15974.0,15.809,6.6
ts80856,Chilling Adventures of Sabrina,SHOW,2018,57,"thriller, scifi, drama, fantasy, horror",US,7.4,91958.0,80.61,8.306
tm317542,1922,MOVIE,2017,101,"horror, drama, documentation, crime, thriller",US,6.2,62508.0,17.275,5.9
tm313683,Veronica,MOVIE,2017,105,horror,ES,6.2,41284.0,55.175,6.2
tm414220,Little Italy,MOVIE,2018,102,"romance, comedy","CA, US",5.7,14829.0,15.703,6.8
tm299677,Hold the Dark,MOVIE,2018,126,"thriller, crime, horror, action, drama",US,5.6,36928.0,16.591,5.318
tm244325,Mute,MOVIE,2018,126,"scifi, thriller, drama","GB, DE",5.4,35158.0,15.734,5.6
tm435916,The Perfection,MOVIE,2018,90,"horror, thriller, drama, music",US,6.1,42403.0,12.684,6.5
tm433228,Red Joan,MOVIE,2018,101,"thriller, history, romance, drama",GB,6.4,12452.0,13.425,6.7
tm244307,Bright,MOVIE,2017,117,"fantasy, thriller, scifi, crime, action",US,6.3,185996.0,36.593,6.2
ts80705,Evil Genius,SHOW,2018,48,"documentation, crime",US,7.5,27987.0,9.635,7.5
ts78080,Everything Sucks!,SHOW,2018,24,"drama, comedy",US,7.5,18621.0,17.251,7.8
tm346943,Kodachrome,MOVIE,2017,105,"drama, comedy, european",US,6.8,16821.0,8.641,6.8
tm233362,The Discovery,MOVIE,2017,102,"scifi, thriller, romance, drama",US,6.2,34092.0,11.237,6.3
ts80035,Nightflyers,SHOW,2018,44,"scifi, thriller, drama, horror",US,5.8,13222.0,10.291,5.6
ts82560,Dark Tourist,SHOW,2018,41,"action, documentation",NZ,7.5,7233.0,6.668,6.5
tm310706,Extinction,MOVIE,2018,96,"scifi, thriller, action, drama",US,5.8,52635.0,28.029,6.009
tm244233,The Book of Henry,MOVIE,2017,106,"drama, thriller, crime",US,6.5,27262.0,17.456,7.5
tm317566,Creep 2,MOVIE,2017,80,"thriller, horror, crime, drama",US,6.4,25671.0,14.489,6.322
tm422491,Speed Kills,MOVIE,2018,102,"thriller, crime, drama, action","US, PR",4.2,3244.0,14.407,5.6
tm449070,Black Mirror: Bandersnatch,MOVIE,2018,90,"drama, thriller, scifi, fantasy","GB, US",7.1,125229.0,17.397,6.8
tm315340,The Night Comes for Us,MOVIE,2018,121,"action, thriller, crime",ID,6.9,25839.0,12.473,6.8
tm307283,Cargo,MOVIE,2017,105,"drama, thriller, scifi, horror",AU,6.3,43232.0,18.142,6.4
ts84010,Pine Gap,SHOW,2018,56,"drama, thriller",AU,7.1,5007.0,10.479,7.3
tm366567,When We First Met,MOVIE,2018,97,"fantasy, comedy, romance",US,6.4,48885.0,15.879,6.6
ts55962,Dear White People,SHOW,2017,30,"comedy, drama",US,6.1,25232.0,16.376,6.4
tm300615,Mudbound,MOVIE,2017,135,"drama, war",US,7.4,47676.0,9.749,7.4
ts56480,Troy: Fall of a City,SHOW,2018,58,"action, war, fantasy, romance",GB,3.9,13815.0,12.655,6.5
tm243326,Anon,MOVIE,2018,100,"scifi, thriller, action, drama, crime, european","US, GB",6.1,42608.0,21.915,5.919
ts57424,The Forest,SHOW,2017,52,"drama, crime, thriller, european",FR,7.2,10234.0,18.051,7.1
ts56511,Cable Girls,SHOW,2017,46,"drama, history, european",ES,7.6,13855.0,44.083,7.9
tm349803,"Jim & Andy: The Great Beyond - Featuring a Very Special, Contractually Obligated Mention of Tony Clifton",MOVIE,2017,94,"documentation, comedy","CA, US",7.6,25948.0,10.704,7.6
tm323634,A-X-L,MOVIE,2018,98,"scifi, thriller, action, drama, family",US,5.3,11920.0,32.431,6.3
tm316414,Hell Fest,MOVIE,2018,88,"horror, thriller",US,5.5,16976.0,15.417,5.6
ts80523,Aggretsuko,SHOW,2018,17,"animation, comedy, romance, drama, music",JP,8.0,6195.0,13.244,7.2
tm434202,Malevolent,MOVIE,2018,89,"horror, thriller",GB,4.8,13772.0,8.289,5.0
ts75772,Jack Whitehall: Travels with My Father,SHOW,2017,48,"reality, documentation, comedy, european",GB,7.6,5482.0,5.014,7.4
ts121489,Two Sentence Horror Stories,SHOW,2017,22,"drama, horror, thriller",US,5.5,1900.0,8.441,5.6
ts77957,Dirty Money,SHOW,2018,63,"documentation, crime",US,8.1,9159.0,11.301,7.3
ts78452,Requiem,SHOW,2018,58,"drama, animation, fantasy, thriller",GB,6.4,6553.0,11.958,6.6
ts78356,The Rain,SHOW,2018,43,"scifi, thriller, drama",DK,7.3,616.0,98.788,7.415
ts86296,Sunderland 'Til I Die,SHOW,2018,41,"documentation, sport",GB,8.1,8113.0,5.099,8.0
tm410742,Happy as Lazzaro,MOVIE,2018,125,"fantasy, drama, european","IT, CH, FR",7.5,18006.0,8.295,7.4
ts79422,Nailed It!,SHOW,2018,33,"reality, comedy",US,7.4,4742.0,8.521,7.6
ts78298,My Mister,SHOW,2018,70,"drama, family",KR,9.1,6043.0,13.025,8.9
ts88783,Bakugan: Battle Planet,SHOW,2018,20,"animation, action, comedy, family, fantasy, scifi",JP,4.9,225.0,14.694,6.8
tm244229,Everybody Knows,MOVIE,2018,132,"drama, thriller, crime, european","IT, ES, FR",6.9,34365.0,11.374,6.5
ts56038,Dave Chappelle,SHOW,2017,66,"comedy, documentation",US,8.7,2798.0,4.516,7.6
ts57439,Damnation,SHOW,2017,43,"western, crime, drama",US,7.6,8313.0,9.193,7.0
ts53936,Innocent,SHOW,2017,51,"drama, thriller, crime",TR,8.4,17727.0,7.297,8.1
ts56481,Great News,SHOW,2017,21,comedy,US,7.0,6810.0,8.665,6.5
tm348993,22 July,MOVIE,2018,143,"thriller, crime, drama, history, european","US, IS, NO",6.8,33609.0,33.575,7.2
tm427308,Falls Around Her,MOVIE,2018,100,"drama, music, thriller",CA,6.3,127.0,1.339,7.0
ts85895,Better Than Us,SHOW,2018,52,"scifi, drama",RU,7.3,8792.0,14.306,7.4
ts82302,Insatiable,SHOW,2018,46,"drama, comedy, thriller",US,6.5,28006.0,81.348,7.9
tm245176,Sand Castle,MOVIE,2017,113,"war, action, drama","IQ, GB",6.3,23158.0,27.077,6.5
ts81344,Explained,SHOW,2018,21,documentation,US,8.0,9079.0,11.637,7.7
tm240076,Buster's Mal Heart,MOVIE,2017,96,"drama, thriller, crime",US,6.2,10490.0,6.82,6.2
ts77525,The Toys That Made Us,SHOW,2017,45,"documentation, comedy, history",US,8.0,5651.0,5.924,7.7
tm298084,On Body and Soul,MOVIE,2017,116,"drama, romance, fantasy",HU,7.5,27504.0,7.285,7.2
tm423436,Ben Is Back,MOVIE,2018,103,"drama, european",US,6.7,21735.0,12.478,6.6
ts85568,Perfume,SHOW,2018,58,"crime, drama, thriller",DE,7.1,8536.0,17.902,6.9
ts77474,Mr. Sunshine,SHOW,2018,76,"drama, history, romance, war, action",KR,8.7,7054.0,16.097,8.516
tm368449,Private Life,MOVIE,2018,123,"comedy, drama",US,7.2,19023.0,7.974,7.0
tm433381,Mirage,MOVIE,2018,129,"fantasy, thriller, drama, romance, european",ES,7.4,54188.0,19.839,7.5
tm349278,Ravenous,MOVIE,2017,103,"drama, scifi, horror, thriller, action",CA,5.8,9205.0,10.328,5.8
tm363488,RBG,MOVIE,2018,98,documentation,US,7.6,14182.0,8.258,7.6
tm315424,An Evening with Beverly Luff Linn,MOVIE,2018,108,"crime, comedy","GB, US",5.8,5457.0,5.109,5.8
ts57303,Friends from College,SHOW,2017,30,"comedy, drama",US,6.9,20555.0,6.906,6.5
tm310899,Mary Magdalene,MOVIE,2018,120,"drama, history","US, AU, GB",5.9,10364.0,54.725,6.3
ts56594,Disjointed,SHOW,2017,28,comedy,US,6.7,10153.0,14.558,5.8
ts76313,Sisters,SHOW,2017,39,"drama, comedy",AU,7.4,1756.0,3.589,8.6
tm417496,Dumplin',MOVIE,2018,110,"comedy, drama",US,6.5,33689.0,11.4,6.8
tm352588,Tau,MOVIE,2018,97,"scifi, thriller, horror",US,5.8,31218.0,10.801,6.2
ts79660,Creeped Out,SHOW,2017,26,"scifi, thriller, family, fantasy, action, crime, drama, history, horror","CA, GB",6.6,1890.0,24.556,7.3
tm314477,Skins,MOVIE,2017,78,"drama, comedy, fantasy, european",ES,6.1,5892.0,14.034,6.6
ts75263,Wormwood,SHOW,2017,43,"crime, documentation, drama, fantasy",US,7.0,4239.0,1.898,6.2
tm368241,Duck Butter,MOVIE,2018,94,"comedy, drama, romance",US,5.2,3978.0,10.766,5.5
tm244175,The Zookeeper's Wife,MOVIE,2017,126,"war, drama, history","CZ, GB, US",7.0,43091.0,23.231,7.4
tm321224,"Game Over, Man!",MOVIE,2018,100,"comedy, action",US,5.4,30218.0,14.358,5.5
ts90596,Polly Pocket,SHOW,2018,15,"fantasy, animation, comedy, family","US, IE, CA",6.0,125.0,11.971,6.8
tm416105,Steve Martin and Martin Short: An Evening You Will Forget for the Rest of Your Life,MOVIE,2018,74,comedy,US,7.1,2616.0,3.734,6.6
tm285107,Victoria & Abdul,MOVIE,2017,111,"drama, history","GB, US",6.8,35690.0,11.743,7.0
tm319882,Hampstead,MOVIE,2017,102,"comedy, romance, drama",GB,6.0,6449.0,10.323,6.0
tm420274,Hannah Gadsby: Nanette,MOVIE,2018,69,"comedy, documentation",AU,8.1,12375.0,7.538,8.1
tm233294,War Machine,MOVIE,2017,122,"drama, comedy, war",US,6.0,46276.0,12.235,5.552
tm320255,Bad Genius,MOVIE,2017,130,"comedy, drama, crime, thriller",TH,7.6,20571.0,20.398,8.0
ts83745,Norm Macdonald Has a Show,SHOW,2018,30,comedy,US,8.5,3593.0,2.09,8.2
ts57814,Kakegurui,SHOW,2017,24,"drama, thriller, action, animation",JP,7.2,9035.0,54.832,8.3
ts85810,Al Hayba,SHOW,2017,44,"drama, action, crime, romance, thriller",AE,7.3,1288.0,70.264,6.3
tm412623,The Kissing Booth,MOVIE,2018,105,"comedy, romance",GB,5.9,82858.0,77.096,7.3
ts84904,Tidelands,SHOW,2018,42,"scifi, drama, fantasy, crime",AU,6.8,7876.0,16.069,6.8
tm374313,The Forgiven,MOVIE,2018,115,thriller,"GB, ZA",5.9,2479.0,6.197,6.1
ts41527,Gypsy,SHOW,2017,59,"drama, thriller",US,6.8,16229.0,13.857,6.4
tm411311,King of Thieves,MOVIE,2018,108,"drama, crime, history",GB,5.5,14418.0,9.215,5.4
tm368040,The Titan,MOVIE,2018,97,"scifi, thriller, fantasy, drama, romance","US, GB, ES",4.8,30698.0,17.97,5.4
tm324155,Security,MOVIE,2017,87,"thriller, action, crime, european",US,5.7,18943.0,31.419,6.2
ts84533,Transformers: Cyberverse,SHOW,2018,11,"action, animation, scifi",US,6.6,359.0,7.273,6.6
tm244148,Mowgli: Legend of the Jungle,MOVIE,2018,105,"action, drama, fantasy","GB, US",6.5,61622.0,24.646,6.5
ts55231,Abstract: The Art of Design,SHOW,2017,45,documentation,US,8.4,5306.0,12.42,8.0
tm363248,A Futile and Stupid Gesture,MOVIE,2018,101,comedy,US,6.7,16158.0,10.633,6.5
ts57082,White Gold,SHOW,2017,29,"comedy, european",GB,7.4,11233.0,5.878,6.9
tm420745,How It Ends,MOVIE,2018,113,"scifi, thriller, action, drama","US, CA",5.0,52709.0,18.214,5.3
tm217228,Death Note,MOVIE,2017,101,"horror, thriller, crime, fantasy, drama, action",US,4.5,84119.0,22.306,4.2
ts83455,Wanderlust,SHOW,2018,57,drama,,7.0,5312.0,5.968,6.5
ts79234,The Boss Baby: Back in Business,SHOW,2018,23,"action, fantasy, animation, comedy, family",US,6.4,3736.0,82.194,7.0
tm426274,The After Party,MOVIE,2018,89,"comedy, horror, music",US,5.7,4405.0,10.276,6.2
tm363103,Perfect Bid: The Contestant Who Knew Too Much,MOVIE,2017,72,"documentation, history",CA,6.5,2665.0,4.334,6.5
tm139885,The Other Side of the Wind,MOVIE,2018,122,"drama, european","IR, US, FR",6.7,7104.0,7.453,6.7
ts84056,Unauthorized Living,SHOW,2018,75,drama,ES,7.4,4764.0,29.714,7.3
tm244317,To the Bone,MOVIE,2017,107,drama,US,6.8,47025.0,22.167,7.2
tm219259,Goon: Last of the Enforcers,MOVIE,2017,101,"comedy, sport",CA,5.8,13717.0,13.329,5.7
ts86169,The Innocent Man,SHOW,2018,47,"documentation, crime",US,7.3,5950.0,6.592,7.0
ts57947,Unit 42,SHOW,2017,48,"crime, drama, thriller, european",BE,6.9,2387.0,9.078,6.6
ts113109,Numberblocks,SHOW,2017,5,animation,GB,8.6,212.0,10.667,9.5
ts56670,Hot Girls Wanted: Turned On,SHOW,2017,47,documentation,US,6.6,2210.0,13.181,7.1
tm370232,We the Animals,MOVIE,2018,94,drama,US,6.9,4303.0,6.702,6.5
tm431347,Reversing Roe,MOVIE,2018,99,documentation,US,7.5,1400.0,4.004,7.5
tm211554,Beyond Skyline,MOVIE,2017,105,"scifi, thriller, action, horror","GB, ID, CA, CN, SG, US",5.3,21834.0,10.535,5.2
ts75164,VeggieTales in the City,SHOW,2017,23,"comedy, family, animation, music",US,5.5,113.0,2.839,7.6
ts57210,Valor,SHOW,2017,42,drama,US,5.8,3184.0,5.658,6.5
tm292837,The Bar,MOVIE,2017,102,"horror, thriller, comedy, fantasy, european",ES,6.3,26370.0,11.671,6.3
ts81542,The Hollow,SHOW,2018,24,"comedy, scifi, animation, drama, family",CA,7.1,4266.0,10.299,7.1
tm351101,Errementari: The Blacksmith and the Devil,MOVIE,2018,98,"drama, fantasy, horror, thriller, european","ES, FR",6.4,11653.0,15.977,6.377
tm328443,Illang: The Wolf Brigade,MOVIE,2018,139,"action, thriller, drama, scifi",KR,5.9,5138.0,17.354,6.4
tm367065,Shirkers,MOVIE,2018,96,documentation,"SG, GB, US",7.4,5145.0,6.081,7.5
tm281935,A Bad Moms Christmas,MOVIE,2017,104,comedy,US,5.6,49478.0,20.005,6.3
ts79157,B: The Beginning,SHOW,2018,25,"scifi, horror, crime, thriller, action, fantasy, animation, drama",JP,7.1,4844.0,18.671,7.8
ts57964,Hotel Transylvania: The Series,SHOW,2017,15,"family, animation, comedy, horror, fantasy",US,5.3,717.0,17.661,7.2
tm439484,Welcome Home,MOVIE,2018,97,"thriller, horror, drama, comedy",US,5.2,7597.0,24.328,5.2
ts84930,The Hook Up Plan,SHOW,2018,27,"comedy, romance",FR,7.1,5386.0,11.69,7.7
tm306301,Piercing,MOVIE,2018,82,"thriller, horror","US, FR",5.5,7598.0,8.611,5.8
tm139545,The Outsider,MOVIE,2018,120,"drama, action, crime, thriller",US,6.2,25608.0,11.155,6.2
ts83906,Car Masters: Rust to Riches,SHOW,2018,37,reality,US,8.4,10058.0,18.216,7.7
tm374454,Indian Horse,MOVIE,2018,96,"drama, sport",CA,7.2,2171.0,6.194,7.3
ts78382,On My Block,SHOW,2018,29,"comedy, drama",US,7.9,16106.0,31.784,8.5
ts80519,Spy Kids: Mission Critical,SHOW,2018,25,"animation, action, comedy, family, drama, music, romance, thriller, scifi",US,4.7,382.0,7.221,8.4
tm423373,Andhadhun,MOVIE,2018,139,"thriller, drama, comedy, crime, music",IN,8.2,90237.0,13.893,7.7
tm349800,Unicorn Store,MOVIE,2017,92,"drama, comedy, fantasy",US,5.5,19444.0,8.72,6.0
ts77600,Hot Date,SHOW,2017,19,comedy,US,7.1,633.0,1.692,6.6
tm284015,My Happy Family,MOVIE,2017,119,drama,"GE, DE, FR",7.4,3865.0,3.593,6.9
ts83540,Paradise PD,SHOW,2018,27,"comedy, animation, action, crime",US,6.8,17779.0,29.709,7.6
ts56201,Cloudy with a Chance of Meatballs,SHOW,2017,11,"action, fantasy, scifi, animation, comedy, family",CA,3.4,750.0,8.75,5.6
tm289181,Newness,MOVIE,2017,112,"romance, drama",US,6.3,16654.0,34.214,6.1
tm312767,Monster High: Electrified,MOVIE,2017,72,"family, animation, fantasy",US,5.3,320.0,20.596,7.2
tm436470,No Escape Room,MOVIE,2018,85,"thriller, horror",US,5.0,4403.0,16.09,6.342
ts55491,Somewhere Between,SHOW,2017,42,"drama, thriller, scifi",US,6.2,5957.0,14.04,6.5
ts84243,Baby,SHOW,2018,45,drama,IT,6.8,11202.0,38.201,8.0
ts57822,Sick Note,SHOW,2017,24,"comedy, crime",GB,6.7,7550.0,8.196,7.1
ts79020,Hitler's Circle of Evil,SHOW,2018,52,"documentation, history, war",GB,8.0,4322.0,5.542,7.5
ts84779,Haunted,SHOW,2018,25,"documentation, horror, reality",US,4.6,3193.0,19.435,7.0
tm411415,If I Leave Here Tomorrow: A Film About Lynyrd Skynyrd,MOVIE,2018,94,"documentation, music",US,7.9,1285.0,3.925,7.7
ts83561,Immortals,SHOW,2018,47,"scifi, action, drama, fantasy, thriller, music",TR,5.4,3087.0,13.712,6.5
tm370392,The Week Of,MOVIE,2018,116,comedy,US,5.2,21855.0,10.24,5.4
tm300184,iBoy,MOVIE,2017,90,"scifi, action, crime, thriller",GB,6.0,22594.0,14.284,6.0
ts58225,The Standups,SHOW,2017,30,comedy,US,6.6,1259.0,2.314,5.8
tm414962,May the Devil Take You,MOVIE,2018,110,"thriller, horror",ID,5.9,4249.0,13.478,6.2
ts55581,The Bride of Habaek,SHOW,2017,67,"drama, comedy, fantasy, romance",KR,6.9,2819.0,60.517,7.3
tm370436,The Breaker Upperers,MOVIE,2018,82,comedy,NZ,5.9,6123.0,7.605,5.2
ts81318,When Heroes Fly,SHOW,2018,48,"war, drama, action",IL,7.2,3184.0,12.196,7.2
ts56718,El Chapo,SHOW,2017,44,"drama, action, crime, history",US,7.8,18229.0,114.888,7.5
ts89130,If I Hadn't Met You,SHOW,2018,52,"thriller, drama, scifi, fantasy, romance",ES,7.7,2283.0,4.495,6.9
tm307910,What the Health,MOVIE,2017,97,documentation,US,7.4,28911.0,8.27,7.0
ts82218,Hi Score Girl,SHOW,2018,27,"comedy, animation, action, romance",JP,8.0,2002.0,13.722,8.2
tm321596,The Long Dumb Road,MOVIE,2018,90,comedy,US,6.1,3220.0,3.823,5.6
tm351214,Long Shot,MOVIE,2017,40,"documentation, sport, crime",US,7.4,7857.0,4.708,7.3
tm324870,Dude,MOVIE,2018,90,"comedy, drama",US,5.2,6873.0,10.798,5.5
tm406111,The Debt Collector,MOVIE,2018,95,"action, comedy","US, GB",5.8,7541.0,29.382,5.9
ts81918,Sugar Rush,SHOW,2018,51,reality,US,7.0,1516.0,8.74,7.0
ts85686,The Casketeers,SHOW,2018,22,"reality, documentation",NZ,7.4,459.0,3.095,6.3
tm298339,Handsome Devil,MOVIE,2017,95,"drama, comedy, sport, european",IE,7.0,14290.0,12.021,7.1
tm245937,Win It All,MOVIE,2017,88,comedy,US,6.2,9309.0,5.181,5.7
tm464542,Tottaa Pataaka Item Maal,MOVIE,2018,107,drama,IN,7.6,7911.0,3.231,5.0
tm356742,Trolls Holiday,MOVIE,2017,26,"fantasy, comedy, family, romance, animation",,6.1,2764.0,21.838,6.7
tm351216,Joan Didion: The Center Will Not Hold,MOVIE,2017,92,documentation,US,7.4,2622.0,5.069,7.1
ts83360,The Guest,SHOW,2018,66,"drama, crime, thriller, horror, comedy",KR,8.1,1578.0,7.293,8.2
tm298846,The Incredible Jessica James,MOVIE,2017,83,"romance, comedy",US,6.5,7667.0,9.638,6.2
tm414709,Siberia,MOVIE,2018,104,"romance, thriller, crime, european","CA, US, DE",4.3,15369.0,22.0,4.8
ts79045,Ugly Delicious,SHOW,2018,51,documentation,US,7.8,3539.0,4.452,7.4
tm367250,The Resistance Banker,MOVIE,2018,124,"drama, war, european",NL,6.9,9470.0,12.425,6.7
tm411507,John Mulaney: Kid Gorgeous at Radio City,MOVIE,2018,64,comedy,US,7.9,7933.0,5.009,8.0
ts39016,Girlboss,SHOW,2017,27,comedy,US,6.9,17848.0,10.009,6.7
ts75749,Because This Is My First Life,SHOW,2017,69,"drama, comedy, romance",KR,8.1,4656.0,17.121,8.6
ts76486,Just Between Lovers,SHOW,2017,73,"drama, romance",KR,8.2,1979.0,20.502,8.2
tm327199,The Saint,MOVIE,2017,92,"crime, action",US,4.9,6669.0,19.06,5.3
tm409766,In Darkness,MOVIE,2018,100,thriller,"GB, US",5.7,13248.0,14.317,6.0
ts79026,The Innocents,SHOW,2018,46,"scifi, drama, horror, romance, thriller",GB,6.2,5804.0,20.691,6.1
ts87043,Transformers: Rescue Bots Academy,SHOW,2018,12,"animation, comedy, family, scifi, action",,6.2,108.0,2.572,10.0
ts55194,Bill Nye Saves the World,SHOW,2017,32,comedy,US,3.5,7233.0,8.356,3.7
ts82892,I Am a Killer,SHOW,2018,50,"documentation, crime",GB,7.4,3977.0,5.641,7.2
tm420797,Sierra Burgess Is a Loser,MOVIE,2018,105,"romance, comedy, drama",US,5.8,38841.0,14.072,6.3
tm438502,Sad Hill Unearthed,MOVIE,2017,86,"documentation, european",ES,7.4,1613.0,6.121,7.0
tm411958,Ibiza,MOVIE,2018,94,"comedy, romance",US,5.2,17517.0,9.813,5.7
tm322243,Shimmer Lake,MOVIE,2017,83,"thriller, crime, drama, action, history, horror, romance","CA, US",6.3,14098.0,20.508,5.9
ts75355,Suburra: Blood on Rome,SHOW,2017,48,"drama, action, crime, european",IT,7.9,14528.0,23.46,7.463
tm305437,Hey Arnold! The Jungle Movie,MOVIE,2017,81,"animation, comedy, family, fantasy, thriller",US,7.5,3183.0,16.413,7.7
ts76417,Tabula Rasa,SHOW,2017,52,"drama, horror, thriller, european",BE,8.0,10233.0,7.903,7.8
ts57080,Spirit: Riding Free,SHOW,2017,23,"action, animation, family, western, comedy, drama, documentation",US,6.4,1012.0,15.689,8.3
ts53367,Little Witch Academia,SHOW,2017,25,"scifi, animation, comedy, action, drama, family, fantasy",JP,7.9,3147.0,13.06,8.3
tm312577,Fullmetal Alchemist,MOVIE,2017,135,"fantasy, scifi, action",JP,5.2,19493.0,15.705,5.3
tm413049,Animal World,MOVIE,2018,125,"thriller, fantasy, drama, action, scifi, comedy",CN,6.4,4447.0,24.922,7.2
ts81885,The Good Cop,SHOW,2018,46,"drama, comedy, crime, documentation",US,6.9,5732.0,8.714,6.4
ts80617,The Protector,SHOW,2018,44,"action, fantasy, scifi, drama",TR,6.5,34629.0,24.058,7.3
tm346467,Wheelman,MOVIE,2017,82,"action, crime, thriller",US,6.4,20351.0,15.282,6.1
ts77787,Pop Team Epic,SHOW,2018,23,"comedy, animation",JP,6.9,844.0,7.074,7.3
ts53101,Voice,SHOW,2017,63,"crime, thriller, action",KR,7.6,1994.0,17.025,6.9
tm299790,Cristela Alonzo: Lower Classy,MOVIE,2017,66,comedy,US,6.4,845.0,3.336,6.2
tm219258,Brain on Fire,MOVIE,2017,88,"drama, european","CA, IE",6.6,21444.0,12.009,7.1
ts85034,Patriot Act with Hasan Minhaj,SHOW,2018,25,comedy,US,8.2,7327.0,9.203,7.3
tm266652,Bleach,MOVIE,2018,108,"fantasy, action",JP,6.4,11406.0,25.802,6.6
ts82372,The Epic Tales of Captain Underpants,SHOW,2018,24,"animation, comedy, action, family",US,6.6,931.0,11.851,8.5
ts83232,The Mire,SHOW,2018,54,"drama, crime, thriller",PL,7.0,4355.0,13.039,6.8
tm244368,You Get Me,MOVIE,2017,89,"thriller, romance, drama, crime",US,4.7,12740.0,20.089,5.6
ts77799,Rotten,SHOW,2018,56,documentation,US,7.2,3716.0,6.812,7.4
ts86814,Murder Mountain,SHOW,2018,43,"crime, documentation",US,6.8,3134.0,2.589,6.9
tm419733,"My Teacher, My Obsession",MOVIE,2018,105,"thriller, drama",US,4.4,2354.0,25.407,5.0
tm352774,Voyeur,MOVIE,2017,95,"documentation, crime, drama",US,6.1,6097.0,9.593,6.0
tm406881,Bathtubs Over Broadway,MOVIE,2018,87,"comedy, music, documentation",US,7.6,1089.0,2.742,8.0
ts80720,Scissor Seven,SHOW,2018,16,"comedy, drama, action, animation, fantasy, romance",CN,8.6,311.0,82.499,8.9
tm317110,Psychokinesis,MOVIE,2018,101,"fantasy, action, comedy",KR,5.9,5643.0,23.968,6.157
ts78507,Alexa & Katie,SHOW,2018,25,"comedy, drama",US,7.4,4885.0,32.166,8.3
ts90994,Chip and Potato,SHOW,2018,17,animation,US,6.3,158.0,8.971,9.8
tm437608,Adam Sandler: 100% Fresh,MOVIE,2018,73,"comedy, music",US,7.5,5178.0,12.969,7.3
ts85175,Girl from Nowhere,SHOW,2018,44,"drama, thriller, crime, fantasy, horror",TH,7.6,4201.0,45.88,8.5
tm407827,Girl,MOVIE,2018,105,"drama, european","NL, BE",7.1,14356.0,15.457,7.2
tm326723,The Polka King,MOVIE,2017,95,"comedy, music, drama",US,5.9,10568.0,8.066,5.515
ts81757,The House of Flowers,SHOW,2018,31,"comedy, drama",MX,7.6,7813.0,31.664,7.8
tm241990,Blame!,MOVIE,2017,106,"scifi, animation, action, drama, thriller",JP,6.6,8044.0,31.452,6.4
tm285356,First They Killed My Father,MOVIE,2017,136,"war, drama, history","US, KH",7.2,17871.0,11.844,7.4
ts75157,The Magic School Bus Rides Again,SHOW,2017,25,"animation, family, fantasy",US,6.2,825.0,10.885,6.3
tm324820,MFKZ,MOVIE,2018,95,"scifi, comedy, thriller, animation, action, european","FR, JP",6.7,4412.0,7.664,7.1
ts53693,The Worst Witch,SHOW,2017,28,"scifi, family, fantasy, european",GB,7.2,2437.0,49.402,7.7
ts85138,Dogs,SHOW,2018,50,"documentation, reality, history",US,8.0,1282.0,3.54,8.3
ts83251,Magic for Humans,SHOW,2018,23,"reality, comedy",US,7.1,3346.0,6.964,6.7
ts55348,QB1: Beyond the Lights,SHOW,2017,32,"drama, reality, documentation, sport",US,7.7,905.0,2.01,7.0
tm330869,Show Dogs,MOVIE,2018,92,"comedy, crime, family","US, GB",3.8,4704.0,11.664,6.1
ts83763,Black Earth Rising,SHOW,2018,59,"drama, crime, thriller",GB,7.4,4917.0,5.831,7.1
ts86682,7 Days Out,SHOW,2018,47,documentation,US,6.7,544.0,0.663,9.0
tm285340,Girlfriend's Day,MOVIE,2017,70,"comedy, drama",US,5.2,4381.0,8.861,4.8
ts78217,Welcome to the Family,SHOW,2018,48,comedy,ES,6.6,455.0,5.935,7.4
tm270999,The Resurrection of Gavin Stone,MOVIE,2017,91,"drama, comedy, family, romance",US,6.2,2269.0,3.2,6.3
ts85659,3Below: Tales of Arcadia,SHOW,2018,22,"scifi, action, comedy, family, fantasy, animation",US,7.7,6158.0,27.194,7.7
ts77034,A Love So Beautiful,SHOW,2017,41,"comedy, romance",CN,8.0,1420.0,42.708,8.4
tm349138,One of Us,MOVIE,2017,95,documentation,US,7.0,6574.0,7.349,6.9
tm448122,Taylor Swift: Reputation Stadium Tour,MOVIE,2018,125,"music, documentation",US,8.3,5435.0,14.519,8.2
ts58152,Cathedral of the Sea,SHOW,2018,57,"drama, history",ES,7.4,4450.0,13.03,7.1
ts83537,Signs,SHOW,2018,46,"crime, thriller, european",PL,6.3,1676.0,8.337,7.0
ts55939,Bonus Family,SHOW,2017,44,"drama, comedy, reality, family, documentation, music, european",SE,2.9,16.0,11.3,7.3
ts85968,Nicky Jam: El Ganador,SHOW,2018,44,"drama, music",PR,7.7,1151.0,27.568,7.3
tm315584,Godzilla: Planet of the Monsters,MOVIE,2017,89,"scifi, action, animation",JP,6.0,8548.0,15.942,6.3
tm420334,Like Father,MOVIE,2018,103,"drama, comedy",US,6.1,21378.0,8.815,6.3
ts75620,Black,SHOW,2017,78,"scifi, drama, action, thriller, horror, crime, fantasy, romance",KR,7.9,3891.0,39.083,8.0
tm282910,Fireworks,MOVIE,2017,90,"drama, fantasy, documentation, animation, romance, scifi, family",JP,5.6,3147.0,56.866,6.5
ts58175,She's Gotta Have It,SHOW,2017,35,comedy,US,6.7,4695.0,6.031,6.6
tm425138,Godzilla: The Planet Eater,MOVIE,2018,91,"scifi, fantasy, horror, animation, action",JP,5.0,4196.0,34.899,6.5
tm307515,Amar,MOVIE,2017,105,"romance, drama, european","US, ES",5.1,4459.0,5.105,5.0
tm244519,Birth of the Dragon,MOVIE,2017,103,"drama, action","US, CA, CN",5.6,8220.0,23.051,5.8
tm347821,Outside In,MOVIE,2018,109,drama,US,6.7,4768.0,6.488,6.232
ts75002,Borderliner,SHOW,2017,49,"drama, documentation, crime, thriller, history, war",NO,6.7,4096.0,7.204,6.4
tm298779,Lu Over the Wall,MOVIE,2017,117,"animation, family, fantasy, action, comedy, music",JP,6.8,2269.0,8.944,7.0
ts85170,Memories of the Alhambra,SHOW,2018,65,"scifi, drama, action, thriller, romance",KR,7.8,5537.0,12.047,7.9
tm369179,Irreplaceable You,MOVIE,2018,96,"drama, romance, comedy",US,6.4,9583.0,11.732,7.0
ts81734,Chosen,SHOW,2018,71,action,CN,5.2,127.0,1.566,6.5
ts75981,The Royal House of Windsor,SHOW,2017,49,"documentation, history, european",GB,7.3,1574.0,4.357,7.4
ts75477,The Confession Tapes,SHOW,2017,45,"documentation, crime",US,7.5,5358.0,3.917,7.4
ts83502,Ad Vitam,SHOW,2018,52,"scifi, crime, drama",FR,6.4,1671.0,5.334,5.8
tm266685,Sandy Wexler,MOVIE,2017,130,comedy,US,5.2,17039.0,15.142,5.5
tm409618,Alex Strangelove,MOVIE,2018,99,"comedy, drama, romance",US,6.3,17746.0,16.093,6.6
tm347530,Gaga: Five Foot Two,MOVIE,2017,100,"music, documentation",US,7.0,12937.0,8.707,7.5
ts57985,Free Rein,SHOW,2017,28,"action, comedy, drama, family, documentation",US,7.0,2110.0,31.038,7.8
ts58297,The Indian Detective,SHOW,2017,43,"crime, comedy, drama",CA,6.5,3123.0,4.954,6.5
ts80959,Sacred Games,SHOW,2018,50,"action, drama, crime, thriller",IN,8.5,86279.0,14.613,8.1
tm313974,Get Me Roger Stone,MOVIE,2017,100,"documentation, history",US,7.3,7408.0,6.022,7.0
ts81821,The Queen of Flow,SHOW,2018,45,"drama, family, music",CO,7.7,1247.0,257.952,8.0
tm359103,River's Edge,MOVIE,2018,118,"drama, crime",JP,6.2,952.0,4.043,5.8
ts78291,Dogs of Berlin,SHOW,2018,60,"crime, drama, action, thriller",DE,7.5,12617.0,10.83,7.4
tm1883,Animal Crackers,MOVIE,2017,105,"animation, action, comedy, family, fantasy","CN, US, ES",5.8,3422.0,32.235,6.3
ts81414,Meteor Garden,SHOW,2018,45,"drama, romance",CN,7.9,4033.0,52.891,8.5
ts76793,Shot in the Dark,SHOW,2017,37,"reality, documentation, thriller",US,8.0,1795.0,1.638,7.9
ts95569,Rainbow Rangers,SHOW,2018,22,"animation, family, fantasy",US,4.4,195.0,1.499,10.0
ts78231,Unsolved: The Murders of Tupac and The Notorious B.I.G.,SHOW,2018,45,crime,US,7.8,7872.0,13.329,7.0
ts321277,Daniel Sloss: Live Shows,SHOW,2018,60,comedy,US,8.5,3443.0,1.694,8.2
ts83790,The Beauty Inside,SHOW,2018,59,"comedy, drama, fantasy, romance",KR,7.6,2019.0,26.875,8.2
ts228255,Cry Babies Magic Tears,SHOW,2018,4,"family, animation",FR,5.2,43.0,3.304,7.2
ts90869,Love Daily,SHOW,2018,18,"drama, romance",US,6.1,157.0,4.281,7.9
tm271959,Mr. Roosevelt,MOVIE,2017,90,comedy,US,6.2,3391.0,4.342,6.1
tm318200,Clive Davis: The Soundtrack of Our Lives,MOVIE,2017,123,"documentation, music",US,7.4,991.0,4.315,6.3
ts78590,The Mechanism,SHOW,2018,46,"drama, crime, thriller",BR,8.0,36136.0,8.383,7.4
tm375912,Ricky Gervais: Humanity,MOVIE,2018,79,comedy,GB,8.0,19752.0,8.01,7.7
tm407775,Lady J,MOVIE,2018,109,"drama, romance, european",FR,6.8,3306.0,7.858,6.3
ts236347,Thus Spoke Kishibe Rohan,SHOW,2017,24,"action, scifi, thriller, animation, drama, fantasy",JP,7.5,1222.0,2.695,9.0
tm436844,The Christmas Chronicles,MOVIE,2018,104,"comedy, family, fantasy",US,7.0,71740.0,16.532,7.1
tm429163,The Photographer of Mauthausen,MOVIE,2018,110,"thriller, drama, history, war, european",ES,6.7,10687.0,9.958,7.0
tm308090,Bill Nye: Science Guy,MOVIE,2017,95,documentation,US,6.5,1222.0,2.776,6.2
ts78206,Welcome to Waikiki,SHOW,2018,64,"drama, comedy, reality",KR,8.3,2195.0,26.059,8.6
tm427465,Quincy,MOVIE,2018,124,"music, documentation",US,7.6,4551.0,7.019,7.5
ts131579,Thieves of the Wood,SHOW,2018,48,"history, drama, action, thriller, comedy, documentation",BE,6.8,2629.0,12.035,6.4
ts83489,Blood Pact,SHOW,2018,60,"drama, crime",BR,6.7,143.0,0.907,7.0
tm349529,Cuba and the Cameraman,MOVIE,2017,113,documentation,"CU, US",8.2,4859.0,7.012,7.7
tm372318,The World Is Yours,MOVIE,2018,94,"comedy, crime, european",FR,6.3,4342.0,8.637,6.8
ts75341,Final Fantasy XIV: Dad of Light,SHOW,2017,30,drama,JP,7.2,604.0,2.953,7.4
tm299761,Toc Toc,MOVIE,2017,90,"comedy, family, fantasy, european",ES,6.8,18865.0,16.865,7.092
ts57811,Fate/Apocrypha,SHOW,2017,24,"scifi, action, animation, drama, fantasy",JP,6.6,2299.0,17.023,7.7
ts75286,Greenhouse Academy,SHOW,2017,23,drama,US,6.6,6133.0,16.244,8.1
ts57148,Champions,SHOW,2018,21,comedy,US,6.0,3890.0,4.61,5.5
ts83457,Cleo & Cuquin,SHOW,2018,7,"animation, family",ES,8.1,98.0,2.076,8.3
tm348003,Acts of Vengeance,MOVIE,2017,87,"drama, thriller, action, crime, european","BG, US",5.7,12160.0,23.289,5.899
tm219252,Carrie Pilby,MOVIE,2017,98,"drama, comedy",US,6.6,11694.0,8.99,6.9
tm294581,The Clapper,MOVIE,2018,89,"comedy, drama",US,5.1,7688.0,7.843,4.8
tm290831,Fun Mom Dinner,MOVIE,2017,81,comedy,US,5.3,5509.0,9.742,5.8
tm425732,The Land of Steady Habits,MOVIE,2018,98,"drama, comedy",US,6.2,7717.0,8.104,5.4
ts81526,November 13: Attack on Paris,SHOW,2018,54,documentation,FR,8.3,3137.0,4.169,8.2
tm413557,Okko's Inn,MOVIE,2018,94,"fantasy, animation, drama, family",JP,7.0,1856.0,7.213,7.1
ts85837,SKY Castle,SHOW,2018,68,drama,KR,8.6,2925.0,11.683,8.3
tm285295,Our Souls at Night,MOVIE,2017,101,"drama, romance",US,6.9,13519.0,10.009,6.7
ts88234,Man Like Mobeen,SHOW,2017,22,comedy,GB,8.0,2737.0,1.977,6.7
tm366019,BuyBust,MOVIE,2018,127,"thriller, action, drama, crime",PH,5.7,1902.0,4.931,6.0
tm350607,Escape from Mr. Lemoncello's Library,MOVIE,2017,69,"fantasy, family","CA, US",5.3,465.0,6.236,5.8
tm434917,I Am Jonas,MOVIE,2018,82,"drama, romance, european",FR,7.0,5896.0,8.67,6.8
ts57464,Life Sentence,SHOW,2018,42,"comedy, drama",US,6.4,3899.0,7.925,6.5
tm368538,MILF,MOVIE,2018,101,"comedy, european",FR,4.8,6223.0,15.44,5.9
tm445735,Springsteen On Broadway,MOVIE,2018,153,"music, documentation",US,8.5,2199.0,4.117,8.0
tm427293,Solo,MOVIE,2018,100,"thriller, drama, romance, sport, european",ES,5.0,2779.0,6.956,5.5
tm353742,Bullet Head,MOVIE,2017,94,"thriller, crime, drama, european","US, BG",5.4,10149.0,10.812,4.9
tm311898,Small Crimes,MOVIE,2017,95,"drama, comedy, thriller, crime","CA, US",5.8,8109.0,9.738,5.4
tm326624,Unrest,MOVIE,2017,97,"documentation, drama, history, romance, european","US, DK, GB",7.6,2904.0,3.955,7.2
ts56125,Ingobernable,SHOW,2017,39,"war, crime, drama, thriller",MX,7.0,3116.0,13.874,6.5
ts53399,Eternal Love,SHOW,2017,45,"scifi, drama, fantasy, romance, family",CN,8.3,2339.0,20.099,7.8
tm443993,"Take the Ball, Pass the Ball",MOVIE,2018,107,"documentation, sport, european",ES,7.9,3089.0,5.023,7.8
ts82445,Ashes of Love,SHOW,2018,43,"comedy, drama, thriller, fantasy, romance",CN,8.3,1963.0,17.576,8.6
ts80411,Lawless Lawyer,SHOW,2018,64,"crime, action, drama, thriller",KR,7.6,1785.0,18.479,7.6
ts55232,Cyborg 009: Call of Justice,SHOW,2017,24,"scifi, animation, action",JP,5.7,222.0,4.999,7.2
tm420656,Reprisal,MOVIE,2018,89,"action, thriller, crime, drama","GB, US",4.2,7504.0,13.316,5.3
tm441198,The Princess Switch,MOVIE,2018,101,"romance, drama, family, comedy",US,6.0,27852.0,24.268,7.037
tm430104,High Society,MOVIE,2018,119,"drama, crime",KR,5.5,1018.0,8.963,5.8
ts309731,Gormiti,SHOW,2018,11,"comedy, action, animation, fantasy, thriller","ES, IT",5.2,113.0,4.851,9.2
tm285649,The Ottoman Lieutenant,MOVIE,2017,111,"war, romance, drama","TR, US",6.4,25674.0,14.87,6.2
tm313293,Whose Streets?,MOVIE,2017,90,documentation,US,5.5,1337.0,2.526,5.8
tm357820,The Open House,MOVIE,2018,94,"thriller, horror",US,3.3,34156.0,13.15,3.7
ts86949,The A List,SHOW,2018,27,"drama, thriller, family, crime",GB,5.3,2904.0,11.645,6.804
tm440996,Trevor Noah: Son of Patricia,MOVIE,2018,63,comedy,US,7.3,4101.0,6.861,7.0
tm260272,Little Evil,MOVIE,2017,94,"horror, comedy, fantasy",US,5.6,21421.0,8.528,5.6
ts82843,The Curious Creations of Christine McConnell,SHOW,2018,27,"comedy, reality, horror",US,7.7,2397.0,3.175,7.3
ts80479,Clean with Passion for Now,SHOW,2018,60,"comedy, drama, romance",KR,6.9,1472.0,25.757,8.1
ts82268,GHOUL,SHOW,2018,46,"scifi, drama, thriller, fantasy, horror",IN,8.0,6.0,16.66,6.9
tm446424,Christmas with a Prince,MOVIE,2018,90,"drama, romance",CA,5.2,1643.0,6.768,5.2
tm320727,"Norm Macdonald: Hitler's Dog, Gossip & Trickery",MOVIE,2017,60,"comedy, documentation",US,7.4,2868.0,4.588,6.8
ts78246,Kiss Me First,SHOW,2018,47,"scifi, thriller, drama",GB,6.2,3919.0,5.447,6.9
ts90594,Barbie: Dreamhouse Adventures,SHOW,2018,22,"animation, comedy, family",US,6.7,543.0,36.15,8.2
ts84833,Diablero,SHOW,2018,38,"scifi, horror, thriller, family, drama, fantasy",MX,6.7,2568.0,19.915,7.5
ts76603,Erased,SHOW,2017,28,"drama, thriller, crime, fantasy, scifi",JP,7.8,3671.0,9.747,7.4
ts87194,Instant Hotel,SHOW,2018,49,reality,AU,7.3,1538.0,1.602,7.1
tm313487,Bending the Arc,MOVIE,2017,102,documentation,US,8.0,337.0,3.988,8.0
tm357479,Day of the Dead: Bloodline,MOVIE,2017,90,"horror, action, scifi, thriller, drama, european","US, BG",3.4,11909.0,19.869,4.6
ts82631,Monkey Twins,SHOW,2018,49,"action, crime",TH,7.9,95.0,0.99,6.0
tm368310,Retablo,MOVIE,2018,95,drama,"PE, DE, NO",7.5,1763.0,3.461,7.5
ts76753,A Korean Odyssey,SHOW,2017,75,"comedy, thriller, fantasy, horror, romance",KR,8.0,4695.0,29.703,8.2
tm440415,John Leguizamo's Latin History for Morons,MOVIE,2018,89,"comedy, documentation",US,7.3,808.0,3.851,7.4
ts77755,Power Rangers Ninja Steel,SHOW,2017,24,"action, scifi, thriller, drama",US,5.8,890.0,3.907,7.3
ts84646,Warrior,SHOW,2018,42,"action, drama, crime",DK,6.7,2010.0,5.717,6.5
tm300054,Orbiter 9,MOVIE,2017,95,"drama, romance, scifi, european",ES,5.9,7738.0,18.497,5.8
tm320670,White Fang,MOVIE,2018,87,"animation, family, drama, western, european","LU, US, FR",6.9,3682.0,20.071,7.3
ts81583,Life,SHOW,2018,65,"drama, thriller",KR,7.6,719.0,6.26,8.0
tm233360,Sand Storm,MOVIE,2017,87,drama,IL,6.8,3492.0,4.957,6.0
tm443186,Generation Iron 3,MOVIE,2018,75,documentation,US,6.2,3169.0,4.651,6.7
tm314705,Jo Koy: Live from Seattle,MOVIE,2017,63,comedy,US,7.2,1357.0,4.003,6.7
tm324124,"Oh, Hello on Broadway",MOVIE,2017,102,comedy,US,7.7,3141.0,4.878,6.9
tm417440,Camarón: The Film,MOVIE,2018,104,documentation,ES,7.5,307.0,2.21,7.8
tm139564,The Outcasts,MOVIE,2017,95,comedy,US,5.4,4567.0,10.409,6.2
ts79997,Something in the Rain,SHOW,2018,73,"drama, romance",KR,8.1,6208.0,53.569,7.9
tm327540,Gnome Alone,MOVIE,2017,85,"family, action, animation, comedy, fantasy, music, thriller, drama","CA, GB, US",5.6,3488.0,15.668,6.2
ts82424,13 Reasons Why: Beyond the Reasons,SHOW,2017,42,documentation,US,6.2,328.0,11.431,6.5
tm371630,How to Be Really Bad,MOVIE,2018,100,"comedy, fantasy, romance, family, european",DE,6.2,1152.0,12.867,6.9
ts53166,Julie's Greenroom,SHOW,2017,28,"comedy, family",US,8.2,328.0,2.76,8.5
ts76478,Prison Playbook,SHOW,2017,92,"comedy, drama",KR,8.5,3247.0,17.608,8.6
tm344886,The Angel,MOVIE,2018,114,"thriller, drama, action","IL, MA, US, BG, GB",6.6,14115.0,9.032,6.7
ts85202,Brainchild,SHOW,2018,24,"documentation, family",US,7.9,425.0,2.902,8.3
ts36650,Apaches,SHOW,2018,68,"crime, action, drama, thriller, european",ES,7.0,301.0,3.001,6.9
tm420989,Father of the Year,MOVIE,2018,94,comedy,US,5.2,11545.0,10.981,5.4
tm270490,The B-Side: Elsa Dorfman's Portrait Photography,MOVIE,2017,76,documentation,US,6.7,763.0,2.203,6.8
tm426202,Demetri Martin: The Overthinker,MOVIE,2018,56,comedy,US,7.2,1708.0,4.309,6.9
tm313988,The Death and Life of Marsha P. Johnson,MOVIE,2017,105,documentation,US,7.2,2964.0,6.792,7.3
ts75750,Revolutionary Love,SHOW,2017,68,"comedy, romance",KR,6.9,677.0,6.098,8.6
tm404690,Happy Anniversary,MOVIE,2018,78,"romance, comedy",US,5.7,4265.0,6.921,5.8
ts77545,Dope,SHOW,2017,44,"documentation, crime, war, thriller, comedy, drama",US,7.3,1658.0,15.736,7.2
ts75718,Neo Yokio,SHOW,2017,23,"action, scifi, comedy, fantasy, animation",US,5.9,3385.0,4.138,5.5
tm376903,Dry Martina,MOVIE,2018,95,"comedy, drama","AR, CL",5.8,999.0,8.777,6.0
tm359713,El Camino Christmas,MOVIE,2017,89,"comedy, drama, crime, western",US,5.7,8830.0,8.462,5.6
ts116101,Crazy Delicious,SHOW,2017,52,reality,GB,8.9,15.0,2.694,7.5
ts57300,Marlon,SHOW,2017,21,comedy,US,6.9,4136.0,11.367,6.6
ts85967,Bumping Mics with Jeff Ross & Dave Attell,SHOW,2018,36,comedy,US,7.7,1167.0,1.36,7.8
ts9075,The Fix,SHOW,2018,27,comedy,US,7.0,1957.0,1.555,6.5
ts80313,Bobby Kennedy for President,SHOW,2018,61,"documentation, drama",US,8.1,1803.0,2.09,8.3
tm238377,The Legacy of a Whitetail Deer Hunter,MOVIE,2018,83,"comedy, drama",US,5.5,3924.0,8.03,5.1
tm285171,Clinical,MOVIE,2017,104,"thriller, horror",US,5.1,8030.0,8.524,5.3
tm363231,Godzilla: City on the Edge of Battle,MOVIE,2018,105,"animation, action, scifi",JP,5.8,4896.0,19.716,6.5
ts79679,The Yard,SHOW,2018,108,"drama, crime",TR,7.1,1647.0,21.505,7.5
ts82298,Familiar Wife,SHOW,2018,62,"scifi, drama, fantasy, romance",KR,7.7,1015.0,19.741,8.1
ts84645,Medal of Honor,SHOW,2018,55,"documentation, war",US,8.2,1710.0,7.798,8.7
ts78299,Llama Llama,SHOW,2018,17,"animation, family",US,6.3,272.0,4.525,7.8
tm424032,My Masterpiece,MOVIE,2018,100,"comedy, drama","AR, ES",7.1,6162.0,7.794,7.3
tm421776,Ronnie Coleman: The King,MOVIE,2018,93,documentation,US,7.0,3839.0,6.255,6.8
ts74962,True and the Rainbow Kingdom,SHOW,2017,21,"animation, comedy, family, fantasy",CA,7.2,451.0,7.851,8.8
tm322569,Hasan Minhaj: Homecoming King,MOVIE,2017,72,"comedy, documentation",US,8.2,7250.0,5.657,7.8
tm266702,The Climb,MOVIE,2017,103,"comedy, romance, action, drama, european",FR,6.9,7505.0,13.045,6.8
tm307776,Secret Superstar,MOVIE,2017,150,"drama, music",IN,7.8,24832.0,9.7,7.5
ts77014,Wolf,SHOW,2018,75,"reality, war, action, drama, thriller",TR,8.0,7545.0,26.999,7.1
ts82181,Back Street Girls -GOKUDOLS-,SHOW,2018,24,"comedy, animation",JP,6.7,844.0,10.716,6.4
tm426569,A Twelve-Year Night,MOVIE,2018,117,"drama, history, crime, european","AR, ES, UY",7.5,9920.0,7.515,7.4
tm414447,Dear Ex,MOVIE,2018,99,"drama, comedy, romance",TW,7.3,6317.0,5.858,7.2
tm311319,Manhunt,MOVIE,2017,106,"thriller, action, crime","HK, CN",5.2,3247.0,11.686,5.6
ts54050,Ultimate Beastmaster,SHOW,2017,59,"action, reality",US,7.3,2359.0,5.525,6.0
ts80090,The Piano Forest,SHOW,2018,26,"comedy, drama, animation",JP,7.2,912.0,10.181,5.9
tm405849,Flavors of Youth,MOVIE,2018,68,"romance, drama, animation","JP, CN",6.6,7359.0,44.174,6.8
tm344336,Burn Out,MOVIE,2018,107,"thriller, crime, action, european",FR,6.2,3803.0,21.048,6.8
ts84799,Victim Number 8,SHOW,2018,54,"crime, drama, action, thriller, fantasy",ES,7.0,2030.0,6.384,7.7
tm406831,Modest Heroes,MOVIE,2018,18,"fantasy, animation, drama, family, comedy",JP,6.6,2705.0,58.217,6.7
ts79086,Jenni Rivera: Mariposa de Barrio,SHOW,2017,43,drama,US,7.2,245.0,21.897,5.0
tm423761,Iliza Shlesinger: Elder Millennial,MOVIE,2018,72,comedy,US,7.2,4059.0,5.899,7.2
ts82127,Sirius the Jaeger,SHOW,2018,25,"action, thriller, scifi, animation, history, horror",JP,6.7,1942.0,9.177,7.6
tm374845,The Seven Deadly Sins: Prisoners of the Sky,MOVIE,2018,99,"fantasy, animation, action",JP,7.1,4768.0,29.994,7.6
ts78053,Kakegurui,SHOW,2018,25,"thriller, drama",JP,6.7,1005.0,24.549,7.9
tm311995,The Battleship Island,MOVIE,2017,132,"drama, action, history",KR,7.1,7095.0,27.413,7.2
tm366590,Sanju,MOVIE,2018,159,"drama, comedy","IN, US",7.7,52227.0,6.803,7.4
ts78031,Ultraviolet,SHOW,2017,46,"drama, crime, european",PL,6.9,1611.0,5.351,7.5
tm515157,Point Blank,MOVIE,2017,86,"action, thriller, crime, drama",US,5.7,14324.0,12.985,6.1
tm434727,"Ron White: If You Quit Listening, I'll Shut Up",MOVIE,2018,63,comedy,US,6.5,841.0,2.438,6.2
tm361770,Craig Ferguson: Tickle Fight,MOVIE,2017,66,comedy,US,6.6,999.0,3.105,6.2
tm371952,Sarkar,MOVIE,2018,164,"drama, action",IN,7.0,18453.0,4.559,6.0
tm306811,Casting JonBenet,MOVIE,2017,81,"documentation, crime, drama","US, AU",6.1,5426.0,12.107,5.8
tm425884,They'll Love Me When I'm Dead,MOVIE,2018,98,documentation,US,7.4,5053.0,5.643,7.3
tm307612,Strong Island,MOVIE,2017,107,"documentation, crime",US,6.4,3892.0,4.287,6.3
tm366820,Come Sunday,MOVIE,2018,106,drama,US,6.0,2307.0,5.725,5.8
tm311789,The Most Hated Woman in America,MOVIE,2017,91,"drama, history",US,6.1,6618.0,11.32,6.1
tm244300,Lommbock,MOVIE,2017,102,"comedy, european",DE,6.7,3687.0,4.656,6.7
ts85732,The Final Table,SHOW,2018,53,reality,US,7.6,4176.0,3.634,7.0
ts55627,Time: The Kalief Browder Story,SHOW,2017,43,documentation,US,8.4,2687.0,3.445,7.9
tm301024,Wedding Unplanned,MOVIE,2017,94,"romance, comedy, drama, european",FR,5.7,1707.0,8.244,6.1
ts80059,Trump: An American Dream,SHOW,2017,55,"documentation, european",GB,7.2,4021.0,3.412,6.9
tm317491,Spyder,MOVIE,2017,145,"thriller, action, crime",IN,6.3,10339.0,3.35,5.4
ts56933,The New Legends of Monkey,SHOW,2018,26,"scifi, action, comedy, fantasy",NZ,6.4,4398.0,25.804,7.2
tm327053,The Killer,MOVIE,2017,99,"western, horror, action",BR,6.0,2664.0,17.109,6.2
tm419496,Lust Stories,MOVIE,2018,120,"drama, romance",IN,6.4,10830.0,6.98,6.2
tm410748,The Most Unknown,MOVIE,2018,92,documentation,US,6.5,2129.0,3.535,6.5
ts79219,Flint Town,SHOW,2018,42,"documentation, crime, action",US,7.8,3713.0,2.166,7.5
tm299764,The Motive,MOVIE,2017,104,"drama, thriller, comedy, crime, european","ES, MX",6.5,5713.0,6.409,6.2
tm408941,Mercury 13,MOVIE,2018,79,documentation,IE,6.9,1180.0,4.266,6.6
ts85183,Vai Anitta,SHOW,2018,30,"documentation, reality",BR,5.5,455.0,1.994,6.8
tm444469,Eerie,MOVIE,2018,101,"horror, crime, thriller, drama","PH, SG",4.6,2324.0,6.895,5.4
ts84135,The Inmate,SHOW,2018,45,"drama, crime, thriller",MX,6.9,2714.0,25.554,7.0
ts86067,Death by Magic,SHOW,2018,35,reality,US,6.0,641.0,3.231,6.9
ts76245,The Day I Met El Chapo: The Kate del Castillo Story,SHOW,2017,55,documentation,MX,6.8,1093.0,17.067,6.1
tm412273,Tig Notaro: Happy To Be Here,MOVIE,2018,58,comedy,XX,6.6,1365.0,3.044,6.1
tm365122,Benji,MOVIE,2018,87,"drama, crime, family","US, AE",6.3,4774.0,17.811,7.0
tm309903,The Little Vampire 3D,MOVIE,2017,83,"family, fantasy, comedy, animation, horror, european","DE, DK, NL, GB",5.4,1721.0,18.501,6.1
tm362121,Time Share,MOVIE,2018,96,"horror, thriller, drama, european","NL, MX",5.9,2793.0,5.96,5.6
ts56033,Surviving Escobar - Alias JJ,SHOW,2017,42,"crime, drama",CO,7.7,995.0,106.508,7.8
ts56636,My Sassy Girl,SHOW,2017,44,"comedy, romance",KR,6.8,597.0,6.648,7.3
ts92825,Lego Jurassic World: The Secret Exhibit,SHOW,2018,22,"action, comedy, family, scifi, animation",US,6.1,257.0,14.703,7.2
ts76509,Beyond Stranger Things,SHOW,2017,21,documentation,US,7.4,1883.0,98.48,7.5
tm321628,Rip Tide,MOVIE,2017,85,"family, drama, action, thriller",AU,5.4,3472.0,17.594,6.2
tm299504,Holy Camp!,MOVIE,2017,109,"comedy, romance, european",ES,6.2,4052.0,10.133,6.8
ts55978,Samurai Gourmet,SHOW,2017,21,comedy,JP,8.1,2099.0,5.009,7.9
tm346939,Alaska Is a Drag,MOVIE,2017,83,drama,US,6.5,421.0,1.912,6.6
ts77520,Mob Psycho 100,SHOW,2018,24,"action, scifi, thriller",JP,5.2,521.0,12.055,5.9
tm326704,Parmanu: The Story of Pokhran,MOVIE,2018,129,"drama, action, history",IN,7.6,23973.0,5.7,7.0
tm365824,Zero,MOVIE,2018,180,"romance, drama, comedy, scifi, thriller, fantasy, european",IN,5.2,27346.0,6.89,5.3
tm407295,Amateur,MOVIE,2018,17,"drama, sport",US,5.9,4459.0,15.455,6.5
tm357552,Pottersville,MOVIE,2017,85,comedy,US,5.4,4696.0,6.949,5.0
ts78789,Re: Mind,SHOW,2017,23,"drama, thriller",JP,4.9,1599.0,3.129,5.9
tm438995,A Christmas Prince: The Royal Wedding,MOVIE,2018,92,"romance, drama",US,5.3,10698.0,9.051,6.4
tm404475,The Bleeding Edge,MOVIE,2018,99,documentation,US,7.6,2720.0,6.394,6.7
tm244274,Lowriders,MOVIE,2017,99,"crime, drama, action",US,5.6,2542.0,9.863,6.7
ts82867,Becoming Champions,SHOW,2018,51,"documentation, sport",US,6.7,396.0,1.4,6.0
tm375302,Derren Brown: The Push,MOVIE,2018,69,"reality, documentation",,7.5,3637.0,10.75648,7.5
tm376234,The Warning,MOVIE,2018,93,"thriller, fantasy, crime, drama, action, horror, european",ES,5.9,6356.0,8.052,6.0
ts86164,Hero Mask,SHOW,2018,25,"animation, action, thriller, scifi, crime",JP,6.1,675.0,4.779,6.3
ts74959,Yummy Mummies,SHOW,2017,34,"reality, comedy",AU,4.0,679.0,2.178,5.3
tm314829,NY Prison Break: The Seduction of Joyce Mitchell,MOVIE,2017,103,"crime, drama",US,5.5,348.0,2.766,5.8
tm327622,S.W.A.T.: Under Siege,MOVIE,2017,89,"action, crime, thriller",US,4.5,3572.0,28.251,5.8
ts78913,Live,SHOW,2018,61,"drama, crime, comedy",KR,8.3,1272.0,4.333,8.375
ts84780,Wild District,SHOW,2018,45,"drama, action, crime, thriller",CO,8.2,1917.0,15.725,7.5
ts85822,Selection Day,SHOW,2018,25,"drama, comedy, sport",IN,7.3,2234.0,5.002,7.6
tm371959,6 Balloons,MOVIE,2018,75,drama,US,5.9,4144.0,7.664,6.1
tm313120,Chasing Coral,MOVIE,2017,93,documentation,US,8.1,5188.0,8.049,7.9
tm429208,Next Gen,MOVIE,2018,105,"action, animation, family, scifi, comedy","CA, CN",6.6,17445.0,16.957,7.0
ts76511,The Big Family Cooking Showdown,SHOW,2017,59,"reality, european",GB,7.0,682.0,2.706,7.4
ts53516,Edgar Rice Burroughs' Tarzan and Jane,SHOW,2017,21,"action, animation, comedy, drama, family, scifi",US,4.6,282.0,9.57,7.9
tm372305,First Match,MOVIE,2018,94,"drama, sport",US,6.4,2272.0,11.39,6.6
tm326773,Sunday's Illness,MOVIE,2018,113,"drama, european",ES,6.9,3570.0,6.859,6.7
tm407714,I Am Not an Easy Man,MOVIE,2018,98,"fantasy, comedy, european",FR,6.3,14432.0,12.706,6.3
tm318641,Justice,MOVIE,2017,99,"western, drama, action, european",US,4.0,1237.0,5.604,5.8
tm408306,Seth Rogen's Hilarity for Charity,MOVIE,2018,70,"comedy, documentation",CA,5.0,2381.0,5.434,5.2
tm233485,Charming,MOVIE,2018,90,"comedy, family, fantasy, music, animation, action",US,5.6,3518.0,14.649,6.5
ts84346,Falsa identidad,SHOW,2018,43,"crime, action, drama, thriller","US, MX",7.0,358.0,206.288,7.5
tm363329,Christmas Wedding Planner,MOVIE,2017,86,romance,CA,4.3,5978.0,11.745,5.5
tm328175,Budapest,MOVIE,2018,102,"comedy, european",FR,5.4,2952.0,7.816,5.6
ts90880,44 Cats,SHOW,2018,15,"action, animation, comedy, family, music",IT,6.0,283.0,10.72,8.4
tm344173,All I Wish,MOVIE,2018,94,"romance, comedy, drama",US,5.2,1600.0,7.009,5.9
ts57913,Strongest Deliveryman,SHOW,2017,55,"drama, romance",KR,7.3,660.0,17.237,6.8
tm307843,Angamaly Diaries,MOVIE,2017,132,"drama, thriller, action, comedy",IN,7.9,6013.0,3.606,7.3
tm441060,ReMastered: Tricky Dick & The Man in Black,MOVIE,2018,58,"documentation, music",US,7.1,1519.0,2.479,6.8
ts58442,Live Up To Your Name,SHOW,2017,69,"drama, fantasy, romance",KR,8.0,1265.0,10.393,6.7
ts84772,Ingress: The Animation,SHOW,2018,24,"scifi, animation, action",JP,6.5,534.0,9.173,7.4
tm370628,Fred Armisen: Standup for Drummers,MOVIE,2018,65,"music, comedy",US,5.8,1294.0,4.256,6.2
tm300027,Thi Mai,MOVIE,2018,99,"comedy, family, european",ES,6.0,2558.0,9.169,6.2
ts80030,Fastest Car,SHOW,2018,44,"reality, action, documentation",US,7.1,1330.0,10.509,7.2
tm406098,Battle,MOVIE,2018,95,"drama, romance, music, european","NO, SE, DK, NL",5.9,4248.0,11.416,6.4
ts77405,Bad Guys: Vile City,SHOW,2017,64,"action, comedy, animation, crime, drama",KR,5.9,30.0,8.626,8.0
tm300056,Holy Goalie,MOVIE,2018,95,"comedy, sport, european",ES,5.3,1634.0,10.107,5.5
tm355666,Saving Capitalism,MOVIE,2017,73,documentation,US,6.8,3213.0,4.267,6.6
tm244292,Bibi & Tina: Perfect Pandemonium,MOVIE,2017,110,"fantasy, action, family, comedy, drama, european",DE,4.0,470.0,5.562,5.5
ts85126,The Degenerates,SHOW,2018,24,comedy,US,6.2,680.0,1.785,4.4
tm313712,Mom,MOVIE,2017,147,"drama, thriller, crime",IN,7.2,10522.0,8.553,7.6
ts70631,Children of the Whales,SHOW,2017,24,"scifi, animation, drama, fantasy",JP,7.0,1551.0,13.257,7.6
tm359714,Christmas Inheritance,MOVIE,2017,105,"romance, drama, comedy",US,5.7,11720.0,13.655,6.3
tm336712,An Imperfect Murder,MOVIE,2017,71,"crime, thriller, drama",US,3.2,1679.0,3.664,4.4
tm376015,LEGO Marvel Super Heroes: Guardians of the Galaxy - The Thanos Threat,MOVIE,2017,22,"scifi, animation, family, action, comedy, fantasy",US,5.8,451.0,13.946,7.1
tm348010,Killing Hasselhoff,MOVIE,2017,80,comedy,US,4.4,2682.0,5.635,4.6
ts83213,The Rise of Phoenixes,SHOW,2018,45,"drama, romance, history",CN,8.4,1492.0,8.456,8.1
tm238587,Shepherds and Butchers,MOVIE,2017,106,"drama, crime","US, DE, ZA",6.8,3357.0,6.814,6.5
tm372662,The Skin of the Wolf,MOVIE,2018,110,"romance, thriller, drama, action, european",ES,5.8,3108.0,11.772,5.2
tm438994,The Holiday Calendar,MOVIE,2018,94,"romance, comedy, family, drama, fantasy",US,5.7,10060.0,11.41,6.7
ts82419,Zac & Mia,SHOW,2017,20,drama,US,7.8,628.0,1.741,8.0
tm279585,Deidra & Laney Rob a Train,MOVIE,2017,92,"drama, comedy, crime",US,6.0,1913.0,6.666,5.7
tm270987,Sahara,MOVIE,2017,86,"animation, comedy, family, action, romance, drama, european","CA, FR",5.5,2802.0,20.636,5.894
tm374216,Take Your Pills,MOVIE,2018,87,documentation,US,6.3,5151.0,11.496,6.6
tm362074,And Breathe Normally,MOVIE,2018,102,"drama, european","IS, SE, BE",6.9,3073.0,5.774,6.9
ts86945,Abby Hatcher,SHOW,2018,17,"animation, family, fantasy, comedy",US,5.4,182.0,4.569,4.0
ts55484,My Only Love Song,SHOW,2017,29,"drama, romance, comedy, fantasy",KR,7.0,672.0,9.524,8.3
ts74805,A Little Help with Carol Burnett,SHOW,2018,24,,US,6.3,237.0,1.621,6.2
ts80042,ReBoot: The Guardian Code,SHOW,2018,23,"drama, scifi, action, comedy",CA,3.7,1204.0,4.406,7.2
tm285298,Naked,MOVIE,2017,96,"comedy, fantasy, romance",US,5.4,19482.0,21.822,5.7
ts80466,Secret Agent Selection: WW2,SHOW,2018,59,"war, documentation, history, european",GB,7.7,564.0,2.836,7.0
ts89067,Love and Fortune,SHOW,2018,58,"drama, romance",JP,7.3,555.0,4.984,6.5
ts78145,Drug Lords,SHOW,2018,46,documentation,US,6.8,1334.0,7.122,7.7
tm263427,The Invisible Guardian,MOVIE,2017,129,"thriller, crime, european","DE, ES",6.4,15901.0,13.194,6.5
ts77770,Fate/Extra Last Encore,SHOW,2018,27,"action, animation, fantasy",JP,5.3,807.0,19.38,7.4
tm421335,Jim Jefferies: This Is Me Now,MOVIE,2018,70,comedy,US,7.3,4045.0,3.47,6.8
tm428453,Cities of Last Things,MOVIE,2018,106,"drama, scifi, crime","CN, FR, TW, US",6.2,1669.0,4.435,6.5
tm371741,Si saben cómo me pongo ¿Pa' qué me invitan?,MOVIE,2018,89,comedy,CO,4.5,223.0,6.095,5.8
ts80600,Luis Miguel: The Series,SHOW,2018,52,"drama, history, music, romance",MX,8.0,4556.0,40.288,8.0
tm295177,It's for Your Own Good,MOVIE,2017,93,"comedy, european",ES,5.5,2347.0,6.913,5.9
ts80413,Busted!,SHOW,2018,75,"thriller, comedy, reality",KR,7.6,912.0,15.136,8.4
tm299783,The Laws of Thermodynamics,MOVIE,2018,100,"comedy, european",ES,6.0,2762.0,5.905,5.8
ts83925,Boca Juniors Confidential,SHOW,2018,42,"documentation, sport",AR,6.3,352.0,1.33,7.6
tm313748,Handsome: A Netflix Mystery Movie,MOVIE,2017,81,"comedy, documentation",US,5.2,4551.0,9.029,5.3
ts79585,Dinotrux: Supercharged,SHOW,2017,23,"animation, action, comedy, family",US,7.5,98.0,8.19,9.4
tm444043,Hometown Holiday,MOVIE,2018,84,"comedy, drama, romance",CA,5.0,1003.0,3.821,5.6
ts83554,Inside the Criminal Mind,SHOW,2018,49,"crime, documentation",US,5.4,1014.0,2.304,6.1
tm287041,Jailbreak,MOVIE,2017,100,"action, comedy",KH,5.4,1467.0,3.748,5.9
tm327652,"Roxanne, Roxanne",MOVIE,2017,98,"drama, music",US,6.2,3222.0,10.636,6.1
tm416620,Quién te cantará,MOVIE,2018,125,"drama, thriller, music, european","ES, FR",6.9,2915.0,6.137,7.2
tm354644,Something Huge,MOVIE,2017,86,"comedy, european",ES,4.4,483.0,2.809,3.8
ts82565,Sparta,SHOW,2018,53,"thriller, drama",RU,6.6,449.0,9.31,7.7
tm299730,Lucid Dream,MOVIE,2017,101,"thriller, scifi",KR,6.1,3680.0,13.492,6.2
tm331117,Carbone,MOVIE,2017,104,"thriller, crime, european","BE, FR",6.5,2587.0,8.097,6.8
tm417317,Bhavesh Joshi Superhero,MOVIE,2018,155,"action, crime, drama",IN,7.6,8857.0,4.151,8.0
tm359150,Nothing to Hide,MOVIE,2018,93,"drama, comedy, european","BE, FR, IT",6.8,15185.0,13.897,6.5
ts79409,A.I.C.O. -Incarnation-,SHOW,2018,25,"animation, action, scifi",JP,6.3,1203.0,11.039,6.3
tm358666,The Awakening of Motti Wolkenbruch,MOVIE,2018,94,"comedy, drama, european","DE, CH",6.6,4330.0,8.709,5.7
ts53264,My Shy Boss,SHOW,2017,71,"comedy, drama, romance",KR,7.2,1614.0,10.861,8.0
ts83359,100 Days My Prince,SHOW,2018,75,"drama, thriller, comedy, action, history, romance",KR,7.7,2068.0,10.313,8.323
ts83071,Afflicted,SHOW,2018,42,"documentation, thriller, reality",BR,5.1,1120.0,6.058,5.2
tm300447,Bill Burr: Walk Your Way Out,MOVIE,2017,77,"comedy, documentation",US,7.2,7256.0,4.913,6.8
ts84484,Dancing Queen,SHOW,2018,41,"reality, music",US,6.9,1614.0,7.295,6.6
ts75012,Million Yen Women,SHOW,2017,30,"drama, crime, romance, comedy",JP,7.6,1835.0,10.133,6.8
ts80208,Fugitiva,SHOW,2018,52,"drama, thriller, action, crime",ES,5.6,665.0,5.727,6.9
tm463806,The Legend of Cocaine Island,MOVIE,2018,87,documentation,US,6.3,3323.0,11.611,6.5
tm289882,Birdshot,MOVIE,2017,116,"thriller, drama",PH,6.6,792.0,2.463,6.5
tm296398,Steel Rain,MOVIE,2017,139,"action, thriller, drama",KR,7.1,5581.0,14.511,7.2
tm440946,Christmas with a View,MOVIE,2018,90,"romance, family, drama",CA,5.1,4574.0,10.989,5.8
tm408104,Greg Davies: You Magnificent Beast,MOVIE,2018,66,comedy,GB,7.1,2387.0,2.445,6.5
tm244521,Catfight,MOVIE,2017,96,"comedy, drama, action",US,5.9,6323.0,6.831,5.5
tm414676,Paradise Lost,MOVIE,2018,110,"drama, music, documentation",BR,6.9,689.0,3.322,7.5
tm321627,Ali's Wedding,MOVIE,2017,110,"romance, comedy, drama",AU,6.9,5008.0,5.584,7.1
tm307761,Toilet: A Love Story,MOVIE,2017,155,"comedy, drama, romance",IN,7.2,20896.0,5.129,6.981
tm428073,When Angels Sleep,MOVIE,2018,94,"thriller, drama, horror, action, crime, fantasy, european",ES,5.5,3684.0,7.521,5.6
ts83070,72 Dangerous Animals: Asia,SHOW,2018,47,documentation,US,6.6,517.0,10.561,6.2
tm356563,The Stolen,MOVIE,2017,98,"western, drama, thriller, action","DE, NZ, GB",5.3,1330.0,6.15,5.5
tm365670,Perú: Tesoro Escondido,MOVIE,2017,76,documentation,PE,6.1,527.0,10.669,8.0
tm415875,Break,MOVIE,2018,91,"drama, comedy, european",FR,5.7,1177.0,9.378,6.0
ts82398,My Dead Ex,SHOW,2018,25,"comedy, drama, scifi",US,7.4,485.0,4.739,6.8
ts78353,Misty,SHOW,2018,71,"drama, crime, thriller, romance",KR,8.1,620.0,5.594,7.9
tm432838,Black Is Beltza,MOVIE,2018,88,"thriller, animation, drama",ES,5.8,301.0,3.958,6.4
ts84977,Terrorism Close Calls,SHOW,2018,48,documentation,US,5.2,712.0,1.837,7.2
tm427143,Edge of Fear,MOVIE,2018,91,"action, thriller, crime",US,4.4,3187.0,8.766,4.7
ts82296,My ID is Gangnam Beauty,SHOW,2018,57,"drama, comedy, romance",KR,7.4,4021.0,30.627,7.615
ts79330,Girls Incarcerated,SHOW,2018,43,"reality, documentation",GB,7.2,1097.0,6.25,8.0
tm346398,Ryan Hamilton: Happy Face,MOVIE,2017,56,"comedy, documentation",US,7.3,932.0,2.94,7.0
tm367473,Bad Seeds,MOVIE,2018,100,"comedy, european",FR,7.3,5461.0,7.032,7.8
ts83430,Smoking,SHOW,2018,24,"crime, drama, comedy",JP,7.4,457.0,2.955,8.0
tm409942,Shéhérazade,MOVIE,2018,111,"thriller, drama, romance, european",FR,7.0,2242.0,6.539,7.3
tm300440,The Mansion,MOVIE,2017,100,"comedy, horror, european",FR,4.6,2645.0,10.321,4.9
tm408890,Yucatán,MOVIE,2018,129,"comedy, romance, european",ES,5.5,2143.0,7.401,5.6
tm307950,Mike Birbiglia: Thank God for Jokes,MOVIE,2017,71,comedy,US,7.5,2494.0,3.804,7.4
tm375729,Us and Them,MOVIE,2018,120,"drama, romance",CN,7.3,4198.0,7.651,7.6
tm313424,Pad Man,MOVIE,2018,140,"drama, comedy",IN,7.9,25539.0,5.173,7.5
tm426117,On My Skin,MOVIE,2018,100,"drama, european",IT,7.3,9211.0,10.341,8.057
tm244321,Sun Dogs,MOVIE,2017,93,"comedy, drama, fantasy","MX, US",6.2,2322.0,8.516,6.8
tm372610,Derren Brown: Miracle,MOVIE,2018,73,documentation,GB,6.5,1037.0,3.916,6.6
tm409456,Manto,MOVIE,2018,113,"drama, history",IN,7.3,4248.0,2.915,7.6
tm242108,Little Boxes,MOVIE,2017,84,"drama, comedy",US,5.9,1986.0,4.223,6.3
ts95011,Move,SHOW,2018,48,documentation,US,7.4,116.0,2.664,7.0
tm242765,Raising the Bar,MOVIE,2017,93,"family, drama, documentation, sport",AU,5.5,1555.0,7.148,6.5
ts85276,Hymn of Death,SHOW,2018,45,"drama, history, music, romance",KR,7.6,1209.0,12.956,8.4
tm322210,Bomb Scared,MOVIE,2017,89,"comedy, european",ES,5.6,2871.0,5.399,5.4
ts77467,Terrace House: Opening New Doors,SHOW,2017,39,"reality, drama",JP,7.8,968.0,6.828,8.0
ts83814,Undercover Law,SHOW,2018,54,"drama, action",CO,7.2,215.0,2.132,9.0
tm439854,Baazaar,MOVIE,2018,140,"crime, drama, thriller",IN,6.5,5590.0,2.491,6.4
tm340587,Ittefaq,MOVIE,2017,107,"crime, thriller",IN,7.2,12262.0,6.265,7.0
ts68146,Myths & Monsters,SHOW,2017,43,"documentation, fantasy, european",GB,7.7,841.0,1.804,7.4
tm266705,Giant,MOVIE,2017,114,"drama, history, european",ES,6.6,4302.0,12.248,6.6
tm372891,Chris Rock: Tamborine,MOVIE,2018,64,"comedy, documentation",US,6.6,6982.0,7.743,6.5
ts78099,72 Dangerous Animals: Latin America,SHOW,2017,43,documentation,"AU, US",6.6,581.0,8.653,6.6
tm315850,Take Me,MOVIE,2017,83,"comedy, crime, thriller",US,6.1,5970.0,8.222,5.8
tm421748,Ee Nagaraniki Emaindi,MOVIE,2018,120,"drama, comedy",IN,7.9,2879.0,2.062,7.0
tm353046,Patton Oswalt: Annihilation,MOVIE,2017,66,"comedy, documentation",US,7.2,2377.0,4.314,7.1
tm418039,LEGO Marvel Super Heroes: Black Panther - Trouble in Wakanda,MOVIE,2018,22,"fantasy, animation, action, comedy, scifi",US,5.6,572.0,10.798,6.7
tm324588,Rory Scovel Tries Stand-Up for the First Time,MOVIE,2017,66,"comedy, documentation",US,6.7,831.0,1.571,7.4
tm440678,Revenger,MOVIE,2018,102,"action, crime, thriller",KR,5.7,4311.0,18.767,5.3
tm275437,Coin Heist,MOVIE,2017,97,"family, crime, drama, romance, thriller",US,4.7,2743.0,9.366,5.4
ts89538,Bitter Daisies,SHOW,2018,70,"drama, thriller",ES,7.2,3274.0,11.931,7.1
ts89069,LEGO Friends: Girls on a Mission,SHOW,2018,11,animation,"US, DK",6.2,111.0,13.282,7.7
tm426983,Joy,MOVIE,2018,99,"drama, european",AT,6.6,1304.0,2.421,6.1
tm307774,Jagga Jasoos,MOVIE,2017,180,"comedy, thriller, romance, action",IN,6.3,10283.0,6.005,6.0
ts78707,The Joel McHale Show with Joel McHale,SHOW,2018,25,comedy,US,7.1,2396.0,6.858,6.4
tm299396,Getaway Plan,MOVIE,2017,105,"action, thriller, crime, drama, european",ES,5.6,1867.0,9.103,5.5
ts75676,The Velvet Collection,SHOW,2017,57,"comedy, drama, romance, european",ES,7.2,1416.0,19.328,6.3
tm366972,The Drug King,MOVIE,2018,139,"crime, action, drama",KR,6.2,3159.0,15.052,6.287
tm307751,Jab Harry Met Sejal,MOVIE,2017,200,"drama, romance, comedy",IN,5.0,20593.0,8.529,6.5
tm367008,Katt Williams: Great America,MOVIE,2018,60,comedy,US,6.2,940.0,3.016,5.5
tm437631,Derren Brown: Sacrifice,MOVIE,2018,49,"documentation, reality",US,7.1,1806.0,5.197,7.4
ts80993,Kibaoh Klashers,SHOW,2017,24,scifi,CN,6.4,18.0,4.313,8.0
tm445899,Struggle: The Life and Lost Art of Szukalski,MOVIE,2018,104,"documentation, european","PL, US",7.9,4195.0,4.796,7.7
tm236659,Sky Ladder: The Art of Cai Guo-Qiang,MOVIE,2017,80,documentation,US,7.3,1463.0,4.259,7.0
tm305112,The Fortress,MOVIE,2017,140,"drama, action, history, war, thriller",KR,6.8,2537.0,10.294,6.6
tm353247,Qarib Qarib Singlle,MOVIE,2017,125,"comedy, drama, romance",IN,7.1,8327.0,3.291,7.2
ts80057,Last Hope,SHOW,2018,24,"drama, animation, action, scifi",JP,5.8,434.0,8.604,5.4
ts55936,My Secret Romance,SHOW,2017,52,"comedy, romance",KR,7.1,3409.0,25.999,8.0
tm375007,Feminists: What Were They Thinking?,MOVIE,2018,86,documentation,US,6.9,2233.0,7.764,7.9
tm233484,Duck Duck Goose,MOVIE,2018,82,"comedy, animation, family, action",CN,5.7,3721.0,12.075,6.2
tm355724,A Christmas Prince,MOVIE,2017,92,"romance, comedy, family",US,5.7,19514.0,10.442,6.6
tm496588,Azali,MOVIE,2018,92,drama,GH,5.7,213.0,1.584,5.7
ts82085,Ainori Love Wagon: Asian Journey,SHOW,2017,30,reality,JP,6.8,276.0,5.356,7.4
ts81886,All About the Washingtons,SHOW,2018,25,"comedy, music",US,4.5,723.0,2.02,4.6
ts57281,All Hail King Julien: Exiled,SHOW,2017,23,"animation, comedy, family, fantasy",US,7.4,575.0,6.841,8.5
ts81036,The Who Was? Show,SHOW,2018,24,"family, comedy",,6.5,614.0,1.674,7.0
ts82875,Switched,SHOW,2018,39,"drama, scifi",JP,7.1,1436.0,9.01,7.8
tm363878,Aiyaary,MOVIE,2018,157,"thriller, action, drama",IN,5.2,4732.0,5.373,5.6
ts80410,Kantaro: The Sweet Tooth Salaryman,SHOW,2017,30,"comedy, drama",JP,7.6,808.0,1.526,7.2
ts55533,Legend Quest,SHOW,2017,25,"comedy, fantasy, animation",MX,7.2,449.0,5.669,8.0
ts57116,Ask the Doctor,SHOW,2017,28,documentation,AU,6.5,292.0,1.907,7.6
tm347850,SPF-18,MOVIE,2017,75,"romance, drama, sport",US,3.2,5173.0,8.86,4.4
ts85250,Kulipari: Dream Walker,SHOW,2018,23,"animation, action, fantasy",US,7.6,92.0,3.908,9.0
tm411856,Hari Kondabolu: Warn Your Relatives,MOVIE,2018,67,comedy,US,6.5,849.0,1.466,5.9
tm363003,Seeing Allred,MOVIE,2018,96,documentation,US,7.2,1357.0,5.877,6.9
tm348386,Resurface,MOVIE,2017,27,"documentation, sport, war",US,7.1,286.0,2.459,7.2
ts112279,Empire Games,SHOW,2018,49,"documentation, history",,5.8,312.0,0.6,7.0
tm372054,The Tribe,MOVIE,2018,90,"comedy, family, european",ES,5.8,2721.0,9.216,6.3
tm440255,The Plagues of Breslau,MOVIE,2018,93,"thriller, action, crime, european",PL,5.9,5012.0,10.792,6.3
tm372061,Sudani from Nigeria,MOVIE,2018,123,"comedy, drama, sport",IN,8.2,4159.0,2.372,7.1
tm372917,Pope Francis: A Man of His Word,MOVIE,2018,96,"documentation, european","IT, CH, VA, FR, DE",6.4,2260.0,8.256,7.3
tm411503,Candy Jar,MOVIE,2018,92,comedy,US,5.8,5048.0,11.51,6.2
tm293867,Neal Brennan: 3 Mics,MOVIE,2017,65,"comedy, documentation",US,7.9,3302.0,3.283,7.3
ts84597,FIGHTWORLD,SHOW,2018,42,documentation,US,7.5,822.0,3.396,6.8
tm420800,"To Each, Her Own",MOVIE,2018,95,"comedy, drama, european",FR,5.4,1756.0,7.382,5.1
tm273600,Kuroko's Basketball the Movie: Last Game,MOVIE,2017,90,"animation, drama, sport",JP,7.7,2558.0,64.682,7.9
tm286532,Rock my Heart,MOVIE,2017,105,"drama, family, action, european",DE,6.5,993.0,7.023,7.2
tm320817,Mersal,MOVIE,2017,169,"thriller, action",IN,7.5,33832.0,8.293,7.2
tm348568,Jerry Before Seinfeld,MOVIE,2017,62,"comedy, documentation",US,7.0,5709.0,6.965,7.0
tm348392,The Last Shaman,MOVIE,2017,83,"documentation, drama, family, european","PE, GB, US, IL, IT",6.6,1911.0,3.335,6.9
tm372486,All Good,MOVIE,2018,93,"drama, comedy, european",DE,6.5,1442.0,1.772,6.1
tm327708,Bareilly Ki Barfi,MOVIE,2017,123,"romance, comedy",IN,7.5,23336.0,7.874,6.8
ts78767,First Team: Juventus,SHOW,2018,36,"scifi, reality, sport, documentation",IT,7.3,2082.0,1.704,7.7
tm320489,Expedition Happiness,MOVIE,2017,95,"documentation, european",DE,5.9,4538.0,7.586,6.8
tm411467,Dany Boon: Des Hauts-De-France,MOVIE,2018,113,"comedy, european",FR,6.2,95.0,2.024,6.2
tm307767,Baadshaho,MOVIE,2017,136,"action, thriller",IN,4.9,4880.0,4.073,5.8
ts79707,Edha,SHOW,2018,40,drama,AR,4.9,647.0,9.754,6.3
ts78692,Rapture,SHOW,2018,58,"documentation, scifi, thriller, horror, music",US,5.4,11.0,2.391,7.0
tm432327,C/o Kancharapalem,MOVIE,2018,152,drama,IN,8.9,6842.0,2.145,7.6
ts81596,Black Crows,SHOW,2017,33,"drama, war, thriller","SA, SY, AE",5.3,308.0,4.802,8.0
ts84932,Super Drags,SHOW,2018,25,"animation, comedy, fantasy",BR,5.4,1753.0,2.315,5.3
ts84038,Battlefish,SHOW,2018,43,"documentation, reality",US,7.1,428.0,2.638,7.8
tm352705,Jack Whitehall: At Large,MOVIE,2017,67,comedy,GB,6.8,2164.0,4.192,7.1
tm376801,The Rachel Divide,MOVIE,2018,104,documentation,US,6.3,2558.0,3.726,6.2
tm306631,Trevor Noah: Afraid of the Dark,MOVIE,2017,68,comedy,US,7.2,5213.0,4.794,7.1
tm370447,The Tree of Blood,MOVIE,2018,130,"drama, european",ES,6.3,3007.0,8.739,6.5
tm375962,Nothing to Lose,MOVIE,2018,130,drama,BR,2.3,23031.0,45.267,5.5
ts79856,SWORDGAI The Animation,SHOW,2018,23,"action, animation, scifi, fantasy, horror",JP,5.8,932.0,21.229,7.1
ts84782,Larva Island,SHOW,2018,8,"animation, comedy","US, KR",6.5,430.0,15.128,6.9
ts83045,Accidentally In Love,SHOW,2018,31,"family, drama, comedy, music, romance",CN,7.4,1156.0,29.906,7.9
tm414340,Spivak,MOVIE,2018,91,comedy,US,5.6,754.0,2.897,5.6
tm313118,"Love, Surreal and Odd",MOVIE,2017,95,"comedy, romance",TR,5.6,3240.0,2.354,5.2
tm408871,Jefe,MOVIE,2018,89,"comedy, european",ES,5.4,1102.0,5.169,5.5
ts83204,Million Pound Menu,SHOW,2018,60,reality,GB,6.6,565.0,4.744,6.2
tm363787,Christmas in the Heartland,MOVIE,2017,90,family,US,5.8,1435.0,5.296,6.3
tm409817,Sir,MOVIE,2018,98,"drama, romance, european","IN, FR",7.7,7109.0,5.83,7.1
ts80751,The Break with Michelle Wolf,SHOW,2018,26,comedy,US,5.1,1870.0,2.61,4.8
tm286520,Jim Gaffigan: Cinco,MOVIE,2017,73,comedy,US,7.1,2406.0,4.413,7.0
tm244287,Half Girlfriend,MOVIE,2017,135,"drama, romance",IN,4.5,7233.0,9.16,6.7
ts74765,Daughters of Destiny,SHOW,2017,61,documentation,IN,8.6,922.0,2.962,7.7
tm364206,Ex-Shaman,MOVIE,2018,81,documentation,BR,7.1,253.0,1.688,6.7
tm411358,The American Meme,MOVIE,2018,90,documentation,US,6.7,16650.0,4.687,5.9
ts82559,Amazing Interiors,SHOW,2018,26,documentation,"GB, US",6.6,802.0,3.207,6.4
ts81944,The Comedy Lineup,SHOW,2018,15,"comedy, action",,5.9,461.0,0.84,6.0
tm283559,The Art of Loving: Story of Michalina Wislocka,MOVIE,2017,121,"comedy, romance, drama, european",PL,7.1,3690.0,6.458,6.6
ts75887,Paul Hollywood's Big Continental Road Trip,SHOW,2017,59,"documentation, european",GB,7.4,211.0,2.926,6.0
ts89372,Titipo Titipo,SHOW,2018,18,animation,KR,6.8,20.0,1.862,9.5
tm363922,Dovlatov,MOVIE,2018,126,drama,"RS, PL, RU",6.4,1994.0,3.554,6.4
ts81856,Borges,SHOW,2018,0,comedy,BR,6.2,172.0,1.415,7.8
ts76771,Stretch Armstrong & the Flex Fighters,SHOW,2017,23,"animation, action, comedy, scifi",US,6.1,318.0,4.919,7.6
ts84335,1983,SHOW,2018,57,"drama, thriller, crime",PL,6.7,4169.0,9.601,6.5
tm373873,Weed the People,MOVIE,2018,98,documentation,US,7.3,344.0,2.786,8.0
tm366143,Maktub,MOVIE,2017,100,"drama, comedy",IL,7.3,2743.0,3.088,7.2
tm372969,Love per Square Foot,MOVIE,2018,133,"comedy, romance",IN,7.2,8273.0,6.028,6.7
ts93947,Wrong Kind of Black,SHOW,2018,16,"drama, comedy",AU,7.6,149.0,0.673,7.5
ts82160,Harvey Street Kids,SHOW,2018,24,"family, action, animation, comedy",US,6.7,254.0,9.06,8.5
ts83247,Stay Here,SHOW,2018,32,"reality, documentation",US,7.4,1101.0,2.49,7.0
tm405738,Perdida,MOVIE,2018,103,"crime, drama, thriller","ES, AR",5.6,4762.0,18.855,6.3
ts86994,Serial Killer with Piers Morgan,SHOW,2017,47,"documentation, crime",GB,3.9,1404.0,0.884,2.8
tm319512,The Girl from the Song,MOVIE,2017,102,"romance, drama, music, european",ES,5.6,1775.0,8.448,6.1
tm374357,Going for Gold,MOVIE,2018,89,"drama, family, sport",AU,4.7,557.0,7.581,6.8
tm326089,Mubarakan,MOVIE,2017,156,"drama, comedy, romance",IN,5.6,3961.0,3.731,6.2
ts80084,Dragon Pilot: Hisone and Masotan,SHOW,2018,25,"animation, scifi, drama, fantasy",JP,6.9,501.0,7.435,7.9
ts76646,Blazing Transfer Students,SHOW,2017,26,"action, comedy",JP,6.9,121.0,1.481,8.0
ts75138,Argon,SHOW,2017,63,drama,KR,7.3,266.0,4.679,7.3
tm445255,Qismat,MOVIE,2018,140,"drama, romance, comedy",IN,8.1,3101.0,1.66,7.3
ts75491,Fire Chasers,SHOW,2017,55,documentation,US,6.5,371.0,1.715,6.3
tm358609,Sara's Notebook,MOVIE,2018,115,"thriller, drama, european",ES,5.9,2725.0,9.543,6.1
tm409494,Ali Wong: Hard Knock Wife,MOVIE,2018,64,comedy,US,7.3,4922.0,6.979,7.0
tm366973,Tom Segura: Disgraceful,MOVIE,2018,74,"comedy, documentation",US,7.5,3851.0,4.896,7.0
ts80342,AMO,SHOW,2018,24,"crime, drama",PH,6.4,409.0,3.804,6.0
ts57291,Unrequited Love,SHOW,2017,33,drama,JP,6.7,10.0,2.723,10.0
tm431760,Paskal,MOVIE,2018,114,"action, war, drama",MY,6.8,2964.0,21.554,7.7
tm295558,The Grown-Ups,MOVIE,2017,82,documentation,"CL, NL, FR",7.7,261.0,1.904,7.2
tm434883,Been So Long,MOVIE,2018,100,"music, romance, drama",GB,5.4,1108.0,5.732,5.7
tm360945,Soorma,MOVIE,2018,131,"drama, sport",IN,7.3,5183.0,2.446,7.5
tm320785,The Mars Generation,MOVIE,2017,97,documentation,US,6.5,999.0,3.6,6.6
tm314939,Kalushi : The Story of Solomon Mahlangu,MOVIE,2017,106,"thriller, drama",ZA,6.5,321.0,1.597,6.2
tm345767,The Maus,MOVIE,2017,90,"fantasy, horror, drama, european",ES,4.7,6422.0,5.954,5.2
tm405901,Family Blood,MOVIE,2018,92,"thriller, horror, drama",US,4.2,2955.0,8.168,4.6
tm445456,Pihu,MOVIE,2018,91,"thriller, drama, family",IN,6.7,2482.0,6.676,7.7
tm322200,Superlopez,MOVIE,2018,108,"comedy, scifi, action, european",ES,5.4,3635.0,10.953,5.3
tm358813,Judd Apatow: The Return,MOVIE,2017,69,comedy,US,6.2,1321.0,5.846,6.3
tm424888,Armed to the Teeth,MOVIE,2018,105,"documentation, crime, thriller",MX,7.9,650.0,4.821,7.0
tm323195,Sarah Silverman: A Speck of Dust,MOVIE,2017,71,"comedy, documentation",US,6.9,3744.0,5.289,6.9
tm244277,Pa Paandi,MOVIE,2017,125,"comedy, action, romance, drama, family",IN,7.4,1734.0,2.999,7.0
tm314295,Nobody Speak: Trials of the Free Press,MOVIE,2017,95,"documentation, european","US, NL",6.4,4133.0,5.286,6.1
tm368441,Aapla Manus,MOVIE,2018,132,"drama, thriller",IN,7.0,933.0,1.654,5.6
tm325433,Dismissal,MOVIE,2017,90,comedy,"AR, ES",5.0,979.0,5.316,5.0
tm444799,Christmas Catch,MOVIE,2018,80,"romance, comedy, crime",CA,5.3,1439.0,2.463,5.4
tm359030,F.R.E.D.I.,MOVIE,2018,89,"scifi, family",XX,4.9,1018.0,4.275,6.4
tm233345,Love Beats Rhymes,MOVIE,2017,105,"music, drama",US,5.3,1072.0,6.917,5.7
ts84985,Robozuna,SHOW,2018,23,animation,GB,6.7,94.0,3.034,8.2
tm309115,Naam Shabana,MOVIE,2017,147,"thriller, action, drama",IN,6.2,6757.0,6.256,5.8
tm358242,Brian Regan: Nunchucks and Flamethrowers,MOVIE,2017,61,"comedy, documentation",US,6.3,681.0,1.985,6.2
tm320206,#realityhigh,MOVIE,2017,99,"comedy, drama, romance",US,5.1,6357.0,10.701,6.4
ts80671,We Speak Dance,SHOW,2018,22,documentation,US,7.4,148.0,0.992,8.3
tm358239,DeRay Davis: How to Act Black,MOVIE,2017,66,comedy,US,6.1,432.0,2.337,6.1
tm351688,Def Comedy Jam 25,MOVIE,2017,81,"comedy, documentation",US,6.6,1101.0,3.539,6.1
tm362264,The Gift,MOVIE,2017,85,drama,TZ,8.0,25.0,1.03,8.0
ts83429,Take My Brother Away,SHOW,2018,46,"family, comedy, drama",,6.7,167.0,2.593,8.2
tm463827,Paranormal Investigation,MOVIE,2018,92,"thriller, horror",FR,3.7,1671.0,5.104,4.5
ts75357,LEGO Elves: Secrets of Elvendale,SHOW,2017,24,"scifi, animation, fantasy",US,6.8,167.0,5.23,7.8
ts85217,Motown Magic,SHOW,2018,15,"animation, comedy, family, fantasy, music",US,7.9,294.0,1.372,9.3
tm421125,The Suit,MOVIE,2018,96,"comedy, action, drama",EG,5.3,1645.0,1.837,7.0
tm311283,Amy Schumer: The Leather Special,MOVIE,2017,57,comedy,US,3.1,9830.0,5.336,4.1
ts82192,Samantha!,SHOW,2018,28,comedy,BR,6.5,517.0,3.396,6.1
tm275004,Bon Cop Bad Cop 2,MOVIE,2017,126,"crime, comedy, action",CA,6.6,4152.0,8.058,6.4
tm358949,A Very Country Christmas,MOVIE,2017,83,"drama, romance, family, comedy","CA, US",6.0,1640.0,5.576,6.5
ts85953,Paprika,SHOW,2018,13,"family, animation",US,7.9,27.0,0.733,5.0
tm418870,Close Enemies,MOVIE,2018,111,"thriller, drama, european","FR, BE",6.4,2629.0,7.993,5.9
tm413955,A Fortunate Man,MOVIE,2018,162,"drama, romance, european",DK,7.2,6194.0,10.194,6.9
tm348073,Pup Star: Better 2Gether,MOVIE,2017,90,family,US,4.3,239.0,3.805,6.0
tm359658,The 3rd Eye,MOVIE,2017,107,"horror, thriller, animation, drama, fantasy, european",ID,5.1,1405.0,8.045,5.5
tm357272,Barbra: The Music ... The Mem'ries ... The Magic!,MOVIE,2017,108,"documentation, music",US,7.5,448.0,4.214,7.4
ts84167,Age of Rebellion,SHOW,2018,72,"crime, drama, romance",TW,8.6,49.0,3.151,6.0
tm408892,Unbridled,MOVIE,2018,96,"thriller, european","IT, ES",5.0,507.0,11.503,5.3
tm371619,Sabrina,MOVIE,2018,98,"horror, thriller","ID, MY, SG",4.1,1757.0,19.396,5.3
tm337040,Maz Jobrani: Immigrant,MOVIE,2017,67,"comedy, documentation",US,6.7,859.0,1.551,6.2
tm361505,48 Christmas Wishes,MOVIE,2017,84,"family, comedy, fantasy",CA,3.9,1105.0,8.282,5.4
ts86279,Nailed It! Holiday!,SHOW,2018,33,reality,US,7.7,1098.0,3.101,8.0
tm417111,How to Get Over a Breakup,MOVIE,2018,104,comedy,PE,6.1,2003.0,8.877,6.8
tm429984,Pachamama,MOVIE,2018,72,"fantasy, family, animation, european","FR, LU, CA",6.8,864.0,5.619,7.1
tm307551,Katherine Ryan: In Trouble,MOVIE,2017,63,comedy,GB,7.0,2195.0,3.886,6.5
ts77219,Part-Time Idol,SHOW,2017,40,"drama, family, music, comedy",KR,6.7,108.0,3.867,8.4
ts103638,Standup and Away! with Brian Regan,SHOW,2018,25,comedy,US,5.7,400.0,1.208,7.7
tm449262,Ascharya Fuck It,MOVIE,2018,90,"thriller, drama, romance",IN,5.1,914.0,3.2,5.2
ts76159,Super Monsters,SHOW,2017,13,"animation, comedy, family, horror",CA,6.2,417.0,8.924,7.6
tm412489,Dear Son,MOVIE,2018,100,drama,"FR, QA, TN, BE",6.5,405.0,1.762,6.3
tm407318,Sofía Niño de Rivera: Natural Selection,MOVIE,2018,62,comedy,MX,6.9,241.0,1.151,6.2
tm429382,Nappily Ever After,MOVIE,2018,98,"comedy, romance, drama",US,6.4,9224.0,11.48,7.2
tm321073,Judwaa 2,MOVIE,2017,150,"action, comedy, romance",IN,3.6,10740.0,5.689,5.8
tm353627,Christina P: Mother Inferior,MOVIE,2017,59,comedy,US,6.4,1001.0,1.906,6.1
tm411313,Forgive Us Our Debts,MOVIE,2018,104,"drama, european","PL, CH, AL, IT",6.2,1604.0,5.855,6.1
tm367264,Milada,MOVIE,2017,130,"drama, history, european","CZ, US",6.3,1331.0,8.556,7.0
ts79988,Lost Song,SHOW,2018,24,"animation, action, scifi, drama, fantasy, music, romance",JP,7.0,375.0,4.07,8.2
ts86302,Check The Store Next Door,SHOW,2018,30,"comedy, drama",ID,7.7,138.0,2.671,6.2
ts83710,First and Last,SHOW,2018,41,documentation,US,6.7,423.0,4.425,7.7
ts55576,Buddy Thunderstruck,SHOW,2017,23,"comedy, family, sport, animation, action",US,7.7,495.0,3.267,8.4
tm334949,Right Here Right Now,MOVIE,2018,89,"drama, comedy, music, european",DE,5.4,311.0,2.13,4.2
ts77011,The Many Faces of Ito,SHOW,2017,30,"drama, thriller, romance, comedy",JP,6.7,248.0,4.347,7.5
ts56251,ID-0,SHOW,2017,24,"scifi, drama, animation, action",JP,6.1,324.0,3.167,6.3
tm365961,Mustang Island,MOVIE,2017,86,"comedy, drama",US,6.2,537.0,2.194,6.2
ts84644,Westside,SHOW,2018,50,reality,US,6.1,166.0,0.6,4.0
tm370440,Paradox,MOVIE,2018,73,"western, fantasy, music",US,3.9,713.0,5.157,3.6
tm328052,Sparring,MOVIE,2017,95,"drama, action, sport, european",FR,6.4,627.0,4.202,5.8
tm359975,The Chase,MOVIE,2017,110,"thriller, crime, drama",KR,6.6,3020.0,8.707,6.8
ts95274,Age of Tanks,SHOW,2017,54,"documentation, history",FR,7.3,900.0,2.108,6.7
tm348467,Invisible,MOVIE,2017,87,drama,"AR, FR",6.0,779.0,11.565,5.8
tm326270,Tiffany Haddish: She Ready! From the Hood to Hollywood!,MOVIE,2017,65,"comedy, documentation",US,6.7,536.0,2.545,7.4
tm413129,Goyo: The Boy General,MOVIE,2018,155,"action, war, history",PH,6.7,799.0,3.961,7.0
tm444821,5 Star Christmas,MOVIE,2018,92,"comedy, european",IT,4.5,775.0,8.805,4.2
tm435487,Suzzanna: Buried Alive,MOVIE,2018,125,"drama, comedy, horror, thriller",ID,5.5,914.0,6.96,5.7
tm422715,Stree,MOVIE,2018,128,"horror, comedy",IN,7.5,33455.0,6.009,7.0
tm558730,A Champion Heart,MOVIE,2018,90,family,US,5.9,406.0,3.756,8.2
tm283322,Burning Sands,MOVIE,2017,105,"drama, thriller, action",US,6.0,2854.0,9.374,5.8
tm356666,Judah Friedlander: America Is the Greatest Country in the United States,MOVIE,2017,84,"comedy, documentation",US,7.8,1447.0,2.281,7.4
tm285329,Take the 10,MOVIE,2017,80,comedy,US,4.7,3159.0,8.599,5.2
tm422359,Aurora,MOVIE,2018,110,"horror, thriller",PH,4.3,608.0,2.304,4.9
tm357708,The Bros,MOVIE,2017,102,"comedy, fantasy",KR,6.1,664.0,4.403,6.5
tm311902,Jim Norton: Mouthful of Shame,MOVIE,2017,61,comedy,US,7.0,1328.0,2.513,6.9
tm244310,Merku Thodarchi Malai,MOVIE,2018,122,drama,IN,8.6,1818.0,2.158,7.4
tm247631,Clair Obscur,MOVIE,2017,100,"drama, european",TR,6.5,2468.0,2.392,6.0
ts81485,Ponysitters Club,SHOW,2018,23,family,US,5.6,117.0,1.96,8.5
tm366025,Blanche Gardin: I Talk to Myself,MOVIE,2017,88,"comedy, european",FR,7.9,136.0,4.527,7.8
tm428597,Being Napoleon,MOVIE,2018,88,documentation,US,5.5,125.0,2.028,6.0
tm352033,The Milk System,MOVIE,2018,90,"documentation, european","DE, IT",7.0,532.0,1.613,6.6
tm323602,The Price of Success,MOVIE,2017,92,"drama, comedy, european",FR,5.7,367.0,4.427,5.9
tm416121,Kuntilanak,MOVIE,2018,105,"horror, comedy, family",ID,4.6,672.0,5.319,6.2
tm430281,Dhh,MOVIE,2018,126,"drama, family",IN,7.8,346.0,1.533,9.0
ts80692,REA(L)OVE,SHOW,2018,42,reality,JP,6.5,220.0,1.091,6.2
tm371622,Malena Pichot: Estupidez compleja,MOVIE,2018,50,comedy,AR,5.7,361.0,2.657,5.3
tm428483,The Girl Allergic to Wi-Fi,MOVIE,2018,104,"comedy, romance",PH,6.2,308.0,3.016,6.9
tm456983,Mauli,MOVIE,2018,134,"action, drama",IN,5.5,365.0,1.025,5.0
ts82323,On Children,SHOW,2018,98,"drama, family, scifi",TW,7.2,388.0,2.087,7.8
tm410298,Samouni Road,MOVIE,2018,129,"animation, documentation, european","IT, FR",6.7,180.0,1.4,7.2
tm464947,Chief Daddy,MOVIE,2018,98,"drama, comedy",NG,4.7,283.0,2.724,5.6
tm319310,CIA: Comrade In America,MOVIE,2017,134,"action, romance, drama",IN,6.4,3088.0,2.548,6.0
ts85660,The Sound of Your Heart: Reboot,SHOW,2018,34,comedy,KR,5.9,136.0,3.961,6.4
tm424898,Bayonet,MOVIE,2018,101,drama,"MX, FI",5.7,554.0,3.733,6.0
tm351201,In the Family,MOVIE,2017,124,comedy,TR,7.7,23542.0,6.241,6.784
tm429377,Bert Kreischer: Secret Time,MOVIE,2018,57,"comedy, documentation",US,7.3,2330.0,2.786,7.3
tm299771,Gad Gone Wild,MOVIE,2017,57,"comedy, european",FR,6.9,408.0,5.985,6.8
tm324806,Counterpunch,MOVIE,2017,91,"documentation, sport",US,6.7,918.0,11.366,6.7
tm436171,El Potro: lo mejor del amor,MOVIE,2018,122,"drama, music",AR,5.2,723.0,3.6,4.8
tm431928,Rajma Chawal,MOVIE,2018,129,"drama, comedy, family",IN,5.7,1853.0,3.305,6.5
ts82705,Cupcake & Dino - General Services,SHOW,2018,18,"animation, comedy, action, family","CA, BR",7.5,694.0,4.925,8.8
tm363088,Russell Howard: Recalibrate,MOVIE,2017,69,comedy,GB,7.4,1621.0,3.065,7.9
tm375091,Marlon Wayans: Woke-ish,MOVIE,2018,68,"comedy, documentation",US,6.5,1407.0,5.519,6.3
tm324204,Monster Island,MOVIE,2017,80,"comedy, animation, action, family, fantasy","IN, MX",4.7,739.0,9.182,5.6
ts84200,Best.Worst.Weekend.Ever.,SHOW,2018,24,"comedy, family",US,6.3,301.0,3.665,8.0
tm370430,Liberated: The New Sexual Revolution,MOVIE,2017,84,documentation,"US, MX",6.0,1502.0,4.198,6.6
tm443034,Your Son,MOVIE,2018,103,"drama, crime, thriller, action, european",ES,6.1,4796.0,10.487,5.7
tm348281,Kingdom of Us,MOVIE,2017,109,"documentation, drama",GB,6.9,904.0,2.832,7.2
ts85618,Prince of Peoria,SHOW,2018,26,"comedy, family",US,5.7,481.0,9.166,7.0
tm445153,Njan Prakashan,MOVIE,2018,125,"comedy, drama",IN,7.6,4405.0,2.145,6.8
tm407730,Target,MOVIE,2018,93,"horror, comedy, thriller",ID,4.0,509.0,1.938,4.1
tm320249,Maria Bamford: Old Baby,MOVIE,2017,64,"comedy, documentation",US,6.1,945.0,2.146,5.3
tm374226,Gad Elmaleh: American Dream,MOVIE,2018,57,comedy,US,7.2,1047.0,5.923,6.8
tm319477,Rodney King,MOVIE,2017,52,"drama, crime, documentation, comedy, history",US,5.8,606.0,3.055,5.2
ts84179,Made in Mexico,SHOW,2018,50,reality,US,3.9,759.0,3.541,7.5
tm245383,Te Ata,MOVIE,2017,105,"drama, history",US,7.4,736.0,4.665,7.3
tm350971,The Last Hour,MOVIE,2017,118,"crime, drama, history, thriller",PE,6.3,522.0,3.163,6.8
tm443283,Loudon Wainwright III: Surviving Twin,MOVIE,2018,91,"music, documentation",US,7.1,95.0,1.294,8.0
tm279017,"Michael Bolton's Big, Sexy Valentine's Day Special",MOVIE,2017,54,"comedy, music, romance",US,6.8,2126.0,4.616,6.4
tm349656,A Sort of Family,MOVIE,2017,95,"thriller, crime, drama, european","BR, DK, FR, DE, PL, AR",6.3,701.0,3.64,6.4
tm353875,All the Reasons to Forget,MOVIE,2017,90,"romance, comedy, drama",BR,6.2,526.0,3.5,7.3
tm315865,Laerte-se,MOVIE,2017,100,documentation,BR,7.0,694.0,3.27,7.2
tm369433,Awe!,MOVIE,2018,115,"romance, drama, fantasy, horror, scifi, thriller",IN,7.7,5054.0,1.739,7.0
tm437159,ReMastered: Who Shot the Sheriff,MOVIE,2018,57,"documentation, crime, history, music",US,6.9,1430.0,2.782,6.9
tm459527,Good Game: The Beginning,MOVIE,2018,104,"comedy, drama, sport",TR,4.4,1841.0,2.629,2.4
tm444564,Tattoo of Revenge,MOVIE,2018,150,"comedy, romance, thriller",MX,4.9,117.0,2.844,5.0
tm446574,Love Jacked,MOVIE,2018,100,"comedy, romance","ZA, US, CA",5.8,2215.0,6.833,6.1
tm430090,The Last Runaway,MOVIE,2018,107,"crime, drama, action",PY,5.9,727.0,19.794,7.1
tm351181,Turkish Dance School,MOVIE,2017,106,"comedy, drama",TR,5.6,2202.0,4.629,5.5
tm431081,Lionheart,MOVIE,2018,95,"drama, comedy",NG,5.6,1458.0,2.971,6.0
tm446987,Russell Brand: Re:Birth,MOVIE,2018,63,comedy,GB,6.5,1221.0,1.242,6.6
tm375547,El club de los buenos infieles,MOVIE,2018,90,"comedy, european",ES,5.5,664.0,3.669,5.1
tm348175,Jeff Dunham: Relative Disaster,MOVIE,2017,70,comedy,IE,6.4,1274.0,3.065,6.7
tm351720,The Most Assassinated Woman in the World,MOVIE,2018,102,"thriller, drama, european","US, BE, GB",5.3,1092.0,4.162,5.2
tm492277,Semesta,MOVIE,2018,88,documentation,ID,7.3,111.0,1.759,8.0
tm461349,Stars in the Sky: A Hunting Story,MOVIE,2018,69,documentation,US,7.2,343.0,1.837,5.5
tm425748,Cook Off,MOVIE,2017,116,"romance, comedy",ZW,6.0,354.0,1.537,6.1
tm411257,Kevin James: Never Don't Give Up,MOVIE,2018,62,comedy,US,6.2,1468.0,3.783,6.3
tm403197,Heaven Without People,MOVIE,2017,91,drama,LB,7.6,1253.0,1.401,7.0
tm368729,My Birthday Song,MOVIE,2018,95,thriller,IN,5.6,282.0,0.712,5.5
tm138667,Taramani,MOVIE,2017,150,"drama, romance",IN,7.5,1639.0,2.616,6.6
tm314272,Love.com,MOVIE,2017,92,"romance, comedy",BR,5.8,757.0,5.452,6.8
tm436266,Born Racer,MOVIE,2018,88,"action, drama, documentation",NZ,6.1,262.0,1.917,7.7
tm432313,Manu,MOVIE,2018,182,"thriller, romance",IN,7.6,1081.0,1.4,7.0
tm433215,Exes Baggage,MOVIE,2018,104,"drama, romance",PH,6.4,269.0,2.271,8.2
tm408781,Teefa in Trouble,MOVIE,2018,155,"drama, comedy, action, crime, romance",PK,7.0,3659.0,3.176,7.6
tm429186,Up Among the Stars,MOVIE,2018,86,"drama, european",ES,6.2,498.0,4.367,5.6
tm459024,Food on the Go,MOVIE,2017,66,"documentation, european","IT, AR",6.3,215.0,1.568,6.0
tm411288,Nigerian Prince,MOVIE,2018,104,"thriller, drama, crime","NG, US",5.7,397.0,2.91,5.4
ts85515,Bangkok Love Stories 2: Innocence,SHOW,2018,44,"drama, romance",TH,6.6,202.0,3.473,8.2
ts82500,Treehouse Detectives,SHOW,2018,24,animation,,7.6,92.0,1.382,8.5
tm481188,Isoken,MOVIE,2017,100,"romance, comedy, drama",NG,6.4,322.0,2.263,4.7
ts83820,The Judgement,SHOW,2018,48,"drama, crime",TH,7.1,97.0,1.429,7.7
tm313472,The Lost Brother,MOVIE,2017,112,"thriller, crime, drama, european",AR,6.5,1710.0,4.703,6.9
tm430057,Weapon of Choice,MOVIE,2018,90,"documentation, european","AT, IQ, US",4.8,162.0,1.283,5.2
tm316744,Lucas Brothers: On Drugs,MOVIE,2017,49,comedy,US,5.7,837.0,2.445,5.2
tm361312,A StoryBots Christmas,MOVIE,2017,25,"animation, comedy, family, fantasy",US,5.8,160.0,3.828,6.2
ts84372,YG Future Strategy Office,SHOW,2018,26,comedy,KR,6.7,209.0,2.519,7.1
tm407349,The Birth Reborn 2,MOVIE,2018,91,documentation,BR,6.6,5.0,1.4,5.8
tm327951,The Doll 2,MOVIE,2017,116,"horror, thriller",ID,5.1,550.0,5.769,5.6
tm447261,Free Rein: The Twelve Neighs of Christmas,MOVIE,2018,58,"drama, comedy, family",US,6.6,5637.0,10.23,6.9
tm321149,Fishtronaut: The Movie,MOVIE,2018,88,"animation, action, family",BR,7.5,73.0,6.934,8.0
tm684591,Freej Al Taibeen,MOVIE,2018,100,"comedy, sport",AE,5.8,9.0,0.644,2.0
tm197806,For Here or to Go?,MOVIE,2017,105,"comedy, drama",US,6.7,628.0,1.398,7.0
tm404449,Ayotzinapa: The Turtle's Pace,MOVIE,2018,80,documentation,MX,7.4,206.0,1.302,6.6
tm352865,Rodney Carrington: Here Comes the Truth,MOVIE,2017,66,"comedy, documentation",XX,4.5,164.0,1.615,5.1
tm412515,Coffee for All,MOVIE,2017,69,"documentation, european","AR, IT",5.6,398.0,1.902,5.8
tm415938,No One Will Ever Know,MOVIE,2018,102,drama,MX,6.2,135.0,1.751,5.7
tm344562,Listen,MOVIE,2017,109,"drama, romance",LB,6.6,230.0,0.6,8.0
tm317274,Can't Help Falling in Love,MOVIE,2017,119,"romance, comedy, drama",PH,6.9,902.0,2.812,7.6
tm348845,Marc Maron: Too Real,MOVIE,2017,70,comedy,US,7.2,1943.0,2.996,6.8
tm361588,Mission Kathmandu: The Adventures of Nelly & Simon,MOVIE,2017,84,"animation, comedy",CA,5.1,456.0,6.488,5.6
tm434676,Joe Rogan: Strange Times,MOVIE,2018,63,comedy,US,7.3,4357.0,2.777,7.1
tm346867,Lynne Koplitz: Hormonal Beast,MOVIE,2017,51,comedy,US,6.3,431.0,2.105,5.6
ts84341,What She Put on the Table,SHOW,2017,85,drama,TW,7.3,30.0,2.319,1.0
tm319127,Vir Das: Abroad Understanding,MOVIE,2017,65,comedy,"IN, US",6.9,1710.0,2.464,6.9
ts83663,A Taiwanese Tale of Two Cities,SHOW,2018,69,drama,TW,6.1,159.0,1.4,8.0
tm416458,The Insomnia Club,MOVIE,2018,84,"comedy, drama",MX,6.2,501.0,2.128,6.3
tm409376,Pickpockets,MOVIE,2018,100,"crime, drama, thriller",CO,5.4,1192.0,9.362,5.1
ts81857,Club de Cuervos Presents: The Ballad of Hugo Sánchez,SHOW,2018,33,"comedy, drama",MX,6.5,824.0,5.086,7.8
tm430660,Munafik 2,MOVIE,2018,104,horror,MY,5.5,1685.0,3.906,5.7
tm421161,W. Kamau Bell: Private School Negro,MOVIE,2018,65,comedy,US,6.4,789.0,1.353,6.3
tm347060,Poster Boys,MOVIE,2017,128,comedy,IN,5.4,1553.0,3.588,5.4
tm478147,The Lost Café,MOVIE,2018,76,"drama, comedy","NG, NO",7.0,28.0,1.4,5.0
ts82564,Jimmy: The True Story of a True Idiot,SHOW,2018,46,"drama, comedy",JP,6.8,78.0,1.342,5.0
tm430059,The Hows of Us,MOVIE,2018,117,"drama, romance, comedy",PH,6.7,2708.0,3.409,6.7
tm434179,Two Catalonias,MOVIE,2018,116,"documentation, history, european",ES,6.4,677.0,5.288,6.6
tm445258,Marriage Palace,MOVIE,2018,102,comedy,XX,6.2,184.0,0.84,7.0
ts81632,A House of Blocks,SHOW,2017,85,"drama, horror",TW,2.3,137.0,1.772,8.3
tm346334,Out of Thin Air,MOVIE,2017,85,"crime, documentation","IS, GB",6.3,2304.0,3.187,6.1
ts113031,Droppin' Cash: Los Angeles,SHOW,2018,23,reality,,3.4,117.0,1.274,5.5
tm294696,Bygones Be Bygones,MOVIE,2017,103,comedy,TR,6.2,4054.0,1.827,5.4
tm332500,Finally Found Someone,MOVIE,2017,118,"comedy, romance",PH,5.7,233.0,4.359,6.2
tm325610,Chris D'Elia: Man on Fire,MOVIE,2017,65,"comedy, documentation",US,6.5,1729.0,3.004,6.2
ts83025,Baby Ballroom,SHOW,2017,45,documentation,,7.7,206.0,1.28,8.0
tm351505,The Reservoir Game,MOVIE,2017,100,documentation,KR,6.0,35.0,1.569,8.8
tm423315,Pacíficum,MOVIE,2017,74,documentation,PE,6.5,128.0,1.119,5.5
tm423593,Aruna & Her Palate,MOVIE,2018,106,"drama, romance",ID,7.2,770.0,2.302,6.6
tm434126,Rafinha Bastos: Ultimatum,MOVIE,2018,62,comedy,BR,6.5,219.0,2.044,6.8
ts87591,Justice: Qalb Al Adala,SHOW,2017,42,"drama, crime",US,5.4,160.0,0.6,7.2
tm332572,Meghnadbodh Rohoshyo,MOVIE,2017,122,thriller,IN,6.3,510.0,1.923,5.4
tm411508,Mahi NRI,MOVIE,2017,132,"drama, comedy",IN,6.0,84.0,1.21,2.0
tm439678,Solo el amor,MOVIE,2018,93,"drama, romance, music, comedy",AR,4.8,71.0,5.549,5.3
tm311193,Seeking a Man,MOVIE,2017,100,"romance, comedy, drama",EG,6.3,631.0,1.676,6.4
tm430426,El Diesel,MOVIE,2018,105,"crime, thriller, action",EG,4.5,455.0,2.001,6.1
tm418894,Franco Escamilla: Por La Anécdota,MOVIE,2018,66,comedy,MX,6.9,320.0,14.563,9.0
ts58061,Memories of Love,SHOW,2018,44,"drama, romance",CN,5.7,17.0,5.027,2.7
ts75320,A Boy Named Flora A,SHOW,2017,89,"drama, comedy",TW,7.9,323.0,1.699,7.0
tm446104,Fantastica,MOVIE,2018,114,"comedy, fantasy",PH,3.6,212.0,1.882,6.1
tm352951,Smaller and Smaller Circles,MOVIE,2017,111,"crime, thriller",PH,6.7,239.0,1.444,6.2
tm354136,"El Especial de Alex Fernández, el Especial",MOVIE,2017,52,comedy,MX,6.7,74.0,0.954,6.7
tm447514,Vir Das: Losing It,MOVIE,2018,67,comedy,US,7.0,1254.0,2.349,7.6
tm374395,Vanjagar Ulagam,MOVIE,2018,161,"thriller, action, crime, drama",IN,6.1,258.0,1.4,4.8
tm376844,Penalty Kick,MOVIE,2018,89,comedy,"MX, CO",3.7,283.0,5.405,5.3
tm426238,Pulang,MOVIE,2018,120,"romance, drama, action",MY,6.7,594.0,2.151,5.9
tm346390,Brad Paisley's Comedy Rodeo,MOVIE,2017,63,comedy,US,5.7,155.0,1.4,6.5
ts104093,Dance & Sing With True,SHOW,2018,2,"family, animation",CA,6.4,6.0,0.84,10.0
ts82887,The Could've-Gone-All-the-Way Committee,SHOW,2018,24,"comedy, drama",JP,6.8,104.0,1.875,6.5
tm369315,Garbage,MOVIE,2018,105,"thriller, drama",IN,3.7,1016.0,1.112,4.2
tm320756,Tracy Morgan: Staying Alive,MOVIE,2017,60,comedy,XX,6.3,1206.0,2.077,6.4
ts83407,Follow This,SHOW,2018,18,documentation,US,4.9,711.0,0.902,6.0
tm345225,Gurgaon,MOVIE,2017,107,"crime, thriller",IN,6.5,2216.0,2.95,5.0
tm408257,Todo lo que sería Lucas Lauriente,MOVIE,2018,74,comedy,"AR, US",6.7,110.0,0.739,7.5
tm371188,#FriendButMarried,MOVIE,2018,102,"romance, comedy, drama",ID,6.8,714.0,1.257,6.7
tm429174,Gun City,MOVIE,2018,127,"thriller, action, crime, history, european","ES, FR",6.3,3895.0,6.61,6.4
tm362047,Todd Barry: Spicy Honey,MOVIE,2017,60,comedy,US,6.8,855.0,2.682,7.3
tm351171,My Travel Buddy,MOVIE,2017,115,comedy,TR,6.1,6747.0,6.46,5.7
tm434776,Mo Amer: The Vagabond,MOVIE,2018,56,"comedy, documentation",US,7.3,838.0,2.374,5.7
tm444576,Puppy Star Christmas,MOVIE,2018,90,"family, comedy",US,3.6,249.0,4.446,5.7
tm814861,Noblemen,MOVIE,2018,108,drama,IN,5.6,300.0,1.706,6.0
tm363181,Ladies First,MOVIE,2017,39,"documentation, comedy, romance",IN,3.9,25.0,5.889,7.5
tm466084,Voulez-vous rire avec moi ce soir?,MOVIE,2018,93,"documentation, european",FR,6.8,43.0,0.973,9.3
tm413082,Recovery Boys,MOVIE,2018,90,documentation,US,6.7,720.0,5.645,6.6
tm449860,King of Boys,MOVIE,2018,169,"drama, crime",NG,5.8,423.0,4.754,6.6
tm431169,Late Life: The Chien-Ming Wang Story,MOVIE,2018,97,"documentation, sport","TW, US",7.1,474.0,2.624,6.3
tm476959,What Did I Mess,MOVIE,2018,100,"comedy, romance",LB,7.1,701.0,0.749,6.0
tm458074,"Edmilson Filho: Notas, Comedy about Relationships",MOVIE,2018,79,comedy,BR,4.9,22.0,1.157,5.0
tm353791,Seven Sundays,MOVIE,2017,128,"drama, comedy",PH,7.6,467.0,3.214,8.6
tm246330,Pandigai,MOVIE,2017,150,"romance, action, thriller",IN,6.3,285.0,1.211,6.5
tm426994,Brij Mohan Amar Rahe!,MOVIE,2018,100,"comedy, drama, crime",IN,6.9,3783.0,1.703,5.3
tm364769,Pahuna: The Little Visitors,MOVIE,2017,138,drama,"NP, IN",7.5,403.0,2.346,8.1
tm442354,Adhugo,MOVIE,2018,110,drama,IN,5.9,68.0,0.925,7.0
tm423802,Luciano Mellera: Infantiloide,MOVIE,2018,66,"comedy, drama, crime",AR,7.5,1517.0,2.501,7.4
tm426367,Coco y Raulito: Carrusel de ternura,MOVIE,2018,56,comedy,MX,6.6,40.0,0.976,7.0
tm312738,Jindua,MOVIE,2017,140,"romance, family",IN,6.3,283.0,1.094,9.3
tm358746,A Witches' Ball,MOVIE,2017,90,"fantasy, comedy, family",CA,5.1,386.0,5.151,6.7
tm416341,HiGH&LOW The Movie 3: Final Mission,MOVIE,2017,118,"drama, action",JP,7.1,656.0,5.265,6.4
tm368448,Eve's Apple,MOVIE,2017,90,"documentation, european",ES,5.8,87.0,1.65,6.5
tm420311,Ana e Vitória,MOVIE,2018,115,"romance, comedy, music",BR,6.4,610.0,6.488,7.2
tm316658,Frat Star,MOVIE,2017,85,"drama, comedy",US,3.6,677.0,4.049,4.9
tm325650,King of Peking,MOVIE,2017,88,"drama, comedy","AU, US, CN",6.4,368.0,1.549,6.2
tm424162,Secrets in the Hot Spring,MOVIE,2018,109,"horror, comedy",TW,6.0,774.0,4.289,6.6
tm368350,Jonaki,MOVIE,2018,96,"fantasy, drama, european","FR, IN, SG",6.8,255.0,0.905,6.2
tm438105,Into the Wind,MOVIE,2018,76,"drama, european",CZ,4.1,49.0,1.278,4.5
tm373864,Agustín Aristarán: Soy Rada,MOVIE,2018,60,comedy,AR,6.2,126.0,0.745,5.5
tm323300,Joshua: Teenager vs. Superpower,MOVIE,2017,78,documentation,US,7.3,1554.0,3.08,7.2
tm327619,Aditi Mittal: Things They Wouldn't Let Me Say,MOVIE,2017,62,comedy,IN,4.3,333.0,1.858,4.6
tm407881,Fary Is the New Black,MOVIE,2018,74,"comedy, european",FR,5.8,136.0,3.585,6.844
tm435333,DTC –Yukemuri Junjo Hen– from HiGH&LOW,MOVIE,2018,102,"comedy, drama",JP,7.0,63.0,1.833,1.0
tm367105,Alejandro Riaño: Especial de stand up,MOVIE,2018,60,comedy,CO,4.9,69.0,1.47,5.0
tm307698,My Ex & Whys,MOVIE,2017,120,"romance, drama",PH,6.0,573.0,2.605,6.3
tm373134,Night of Knots,MOVIE,2018,100,comedy,TR,5.4,1300.0,1.4,3.6
tm446558,Hedefim Sensin,MOVIE,2018,105,comedy,TR,6.2,4459.0,2.292,5.6
tm336227,Catching Feelings,MOVIE,2017,115,"romance, comedy, drama",ZA,5.8,552.0,2.703,4.4
tm242887,Sei,MOVIE,2018,128,"drama, romance, thriller, action, crime",IN,4.2,67.0,1.09,4.3
tm413266,Pup Star: World Tour,MOVIE,2018,87,"music, comedy, family","JP, US, CA",3.8,208.0,4.533,5.7
tm1063790,A Man for The Weekend,MOVIE,2017,94,"romance, comedy",CM,4.5,13.0,1.036,2.0
tm438423,For the Broken Hearted,MOVIE,2018,92,drama,PH,6.7,95.0,1.189,2.0
tm447328,ReMastered: Who Killed Jam Master Jay?,MOVIE,2018,58,"music, documentation",US,6.5,786.0,1.705,6.5
tm376421,HiGH&LOW The Movie 2: End of Sky,MOVIE,2017,124,action,JP,7.1,396.0,3.198,7.7
tm328041,Doob,MOVIE,2017,102,drama,"BD, IN",6.1,1898.0,2.191,5.7
tm445852,Three Words to Forever,MOVIE,2018,106,"drama, family, comedy, romance",XX,6.8,110.0,2.04,10.0
tm438005,First Love,MOVIE,2018,122,"drama, romance",PH,5.9,150.0,1.743,5.9
tm436704,Super Monsters Save Halloween,MOVIE,2018,24,"animation, family",US,5.4,27.0,2.752,7.3
tm348191,Love You to the Stars and Back,MOVIE,2017,111,"drama, romance, comedy",PH,7.4,542.0,3.14,8.1
tm469399,Music Teacher,MOVIE,2018,101,"romance, drama, music",IN,6.2,693.0,1.149,6.0
tm305227,Daniel Sosa: Sosafado,MOVIE,2017,77,comedy,MX,5.4,102.0,0.724,6.3
tm350116,B. A. Pass 2,MOVIE,2017,136,drama,IN,2.2,483.0,3.448,7.0
tm361161,DreamWorks Home: For the Holidays,MOVIE,2017,45,"scifi, fantasy, animation, comedy, family",GB,4.8,149.0,5.629,5.2
tm349418,The Royal Hibiscus Hotel,MOVIE,2018,90,"comedy, romance",NG,5.4,290.0,2.636,4.4
tm450512,Pinky Memsaab,MOVIE,2018,124,"drama, family",PK,6.3,527.0,0.632,9.2
tm415245,Crossroads: One Two Jaga,MOVIE,2018,80,"crime, drama",MY,6.5,640.0,0.937,6.3
tm345960,Alan Saldaña: mi vida de pobre,MOVIE,2017,53,comedy,MX,6.3,71.0,0.961,6.5
tm417488,Mama's Boy,MOVIE,2018,104,comedy,EG,6.1,1020.0,2.255,6.1
tm370781,Natalia Valdebenito: El especial,MOVIE,2018,76,comedy,CL,5.0,84.0,1.031,7.3
tm362878,Dilan 1990,MOVIE,2018,109,"drama, romance",ID,7.0,3332.0,4.878,7.5
tm358370,Love and Shukla,MOVIE,2017,117,"romance, comedy, drama",IN,7.3,960.0,1.695,8.2
tm369453,Mau Nieto: viviendo sobrio… desde el bar,MOVIE,2018,57,comedy,MX,6.7,81.0,1.4,6.2
tm815509,Mrs. Miracle Animals: An Squirrel's Princess Bride,MOVIE,2017,28,"comedy, fantasy, animation, family",,4.7,98.0,1.005,2.0
tm358188,Alexis de Anda: Mea Culpa,MOVIE,2017,54,comedy,MX,4.9,101.0,0.728,4.3
tm442805,My Travel Buddy 2,MOVIE,2018,111,"family, comedy",TR,5.8,3256.0,3.506,6.0
tm307383,Ghost Hunting,MOVIE,2017,94,"documentation, european","FR, PS, CH, QA",7.1,222.0,1.897,6.3
tm414746,Carlos Ballarta: furia ñera,MOVIE,2018,62,comedy,MX,7.2,213.0,4.29,7.2
tm324753,Marco Luque - We are together,MOVIE,2017,73,comedy,BR,4.3,77.0,2.509,5.2
tm314138,Felipe Neto: My Life Makes No Sense,MOVIE,2017,90,"comedy, documentation",BR,4.4,247.0,1.533,6.6
tm244473,Blessed Benefit,MOVIE,2017,83,"drama, comedy, european","NL, JO, DE",6.6,671.0,2.286,6.3
tm478654,Salam - The First ****** Nobel Laureate,MOVIE,2018,75,documentation,US,7.8,418.0,1.672,7.3
ts80859,Here to Heart,SHOW,2018,45,"drama, romance",CN,7.5,225.0,3.082,8.2
tm460198,Catch.er,MOVIE,2017,81,"crime, drama",NG,4.5,30.0,1.4,6.0
tm369210,Ricardo Quevedo: Hay gente así,MOVIE,2018,58,comedy,CO,6.3,105.0,1.258,7.0
tm404569,Shubh Aarambh,MOVIE,2017,126,"comedy, drama, family",IN,6.7,124.0,1.676,6.0
tm367613,Mr. Chandramouli,MOVIE,2018,122,"romance, comedy, sport",IN,5.1,236.0,1.062,4.7
tm350945,Posesif,MOVIE,2017,102,"drama, comedy, romance",ID,7.4,920.0,4.901,7.8
tm438250,"I, Potro",MOVIE,2018,50,"comedy, sport","MX, AR",6.2,498.0,4.494,5.9
tm369456,Fakkah Fuzz: Almost Banned,MOVIE,2018,60,comedy,XX,4.2,57.0,1.806,4.5
tm368284,Arango y Sanint: Ríase el show,MOVIE,2018,62,comedy,CO,4.0,42.0,1.218,4.0
tm376709,Jani Dueñas: Grandes fracasos de ayer y hoy,MOVIE,2018,77,comedy,"US, CL, MX",4.8,71.0,1.061,6.0
tm316923,Kartini: Princess of Java,MOVIE,2017,118,"drama, family, history, european",ID,7.6,511.0,2.116,8.1
tm375836,Adel Karam: Live from Beirut,MOVIE,2018,59,comedy,LB,5.3,150.0,0.84,7.0
tm450769,Nathicharami,MOVIE,2018,116,drama,IN,7.1,320.0,1.623,7.2
tm452767,Next Enti?,MOVIE,2018,157,"comedy, drama, romance",XX,4.5,163.0,1.344,3.8
tm430666,Hantu Kak Limah,MOVIE,2018,111,"horror, comedy",MY,5.6,678.0,2.125,6.9
tm369079,Todd Glass: Act Happy,MOVIE,2018,62,comedy,US,5.1,368.0,2.254,5.7
tm416134,Fernando Sanjiao: Hombre,MOVIE,2018,63,comedy,AR,6.3,57.0,1.219,6.5
tm404828,Yoo Byung Jae: Too Much Information,MOVIE,2018,63,comedy,KR,5.3,53.0,0.6,6.3
tm321035,Mawlana,MOVIE,2017,130,"thriller, drama",EG,6.9,864.0,1.577,6.4
tm441915,Elf Pets: Santa's St. Bernards Save Christmas,MOVIE,2018,26,"animation, family, comedy, fantasy",US,5.3,95.0,1.648,2.0
tm361633,Potato Potahto,MOVIE,2017,104,comedy,GH,4.1,212.0,1.829,2.8
ts229123,Little Singham,SHOW,2018,12,"animation, action",IN,3.5,99.0,0.6,4.0
tm368006,Harith Iskander: I Told You So,MOVIE,2018,61,comedy,US,4.6,173.0,2.411,5.5
tm430459,La Leyenda del Diamante,MOVIE,2018,87,"action, fantasy, horror, western, family, scifi",MX,3.3,51.0,12.871,5.25
tm440324,Santo cachón,MOVIE,2018,87,comedy,CO,4.7,56.0,2.665,6.0
ts78444,Luna Petunia Return to Amazia,SHOW,2018,24,animation,US,4.8,47.0,2.75,6.0
tm411528,Enissa Amani: Ehrenwort,MOVIE,2018,65,"comedy, european",US,5.5,194.0,1.143,5.6
ts84555,The Unknown Hitman: The Story of El Cholo Adrián,SHOW,2017,50,"action, crime",MX,6.6,145.0,4.376,10.0
tm153164,Puriyaatha Puthir,MOVIE,2017,140,thriller,IN,6.5,1049.0,1.612,7.1
tm320949,Simplemente Manu NNa,MOVIE,2017,71,comedy,MX,5.4,51.0,1.4,3.8
tm428877,Babamın Ceketi,MOVIE,2018,100,comedy,TR,4.9,862.0,2.017,5.1
tm314677,Silence Is Welcome,MOVIE,2017,94,drama,MX,5.1,106.0,2.331,4.6
ts54112,Life Plan A and B,SHOW,2017,80,drama,TW,7.8,116.0,1.332,7.0
tm306680,Grillo vs Grillo,MOVIE,2017,95,"comedy, european",XX,5.3,130.0,1.123,6.0
tm430748,Neevevaro,MOVIE,2018,130,"thriller, action, drama, romance",IN,6.9,809.0,1.677,6.5
tm369452,Sebastián Marcelo Wainraich,MOVIE,2018,49,comedy,AR,6.4,106.0,1.03,6.5
ts80445,The Honeymoon Stand Up Special,SHOW,2018,32,comedy,,6.8,519.0,1.251,6.0
tm465864,Hajwala 2: Mysterious Mission,MOVIE,2018,115,"action, comedy",AE,3.9,93.0,1.533,4.0
tm433087,Rise: Ini Kalilah,MOVIE,2018,102,drama,MY,5.1,41.0,1.715,7.5
tm336084,Echcharikkai,MOVIE,2018,134,"thriller, horror, crime, drama",IN,6.3,312.0,1.697,4.9
tm360763,Verses of Love 2,MOVIE,2017,125,"drama, romance",ID,5.5,609.0,2.821,6.8
tm370472,Kavin Jay : Everybody Calm Down!,MOVIE,2018,53,"comedy, documentation",XX,5.9,236.0,1.655,4.6
tm368697,Unexpectedly Yours,MOVIE,2017,120,"comedy, romance",PH,6.7,180.0,2.461,7.5
tm420789,Lilli,MOVIE,2018,91,thriller,IN,5.7,281.0,1.033,6.1
ts97584,Highland: Thailand's Marijuana Awakening,SHOW,2017,20,documentation,US,6.2,24.0,0.663,8.0
tm458186,Komola Rocket,MOVIE,2018,95,drama,BD,7.4,1037.0,2.181,6.0
tm430496,D.L. Hughley: Contrarian,MOVIE,2018,58,comedy,US,6.5,610.0,2.29,5.2
tm327926,Panoptic,MOVIE,2017,79,documentation,"AE, LB",6.3,60.0,0.928,5.0
tm327636,Joe Mande's Award-Winning Comedy Special,MOVIE,2017,66,"comedy, documentation",US,6.1,509.0,2.079,6.3
tm366383,Deliha 2,MOVIE,2018,106,comedy,TR,4.7,2594.0,5.949,5.9
tm349134,Fabrizio Copano: solo pienso en mí,MOVIE,2017,59,comedy,CL,5.0,34.0,0.808,5.8
tm285712,Jen Kirkman: Just Keep Livin'?,MOVIE,2017,69,comedy,US,6.8,1290.0,1.904,6.7
tm426260,Si Doel the Movie,MOVIE,2018,85,"family, romance, drama, comedy",ID,6.8,417.0,1.447,7.4
ts76645,The Umbrella Academy,SHOW,2019,50,"comedy, drama, fantasy, scifi, action",US,8.0,230211.0,388.952,8.7
ts216746,The Secret of Skinwalker Ranch,SHOW,2020,42,"horror, reality, thriller, documentation",US,6.0,2625.0,30.911,8.5
ts89840,Virgin River,SHOW,2019,44,"drama, romance",US,7.4,36459.0,169.37,8.034
tm441050,The Gentlemen,MOVIE,2019,113,"crime, action, comedy","US, GB",7.8,325385.0,67.919,7.687
ts87466,Demon Slayer: Kimetsu no Yaiba,SHOW,2019,25,"scifi, action, animation, horror, fantasy, thriller",JP,8.7,93604.0,94.263,8.809
ts88361,"Love, Death & Robots",SHOW,2019,13,"scifi, animation, thriller, horror, comedy, fantasy, drama, action",US,8.4,131937.0,156.46,8.3
ts87248,In the Dark,SHOW,2019,41,"drama, comedy, action, crime, horror",US,7.5,11409.0,39.136,7.9
ts90311,Vinland Saga,SHOW,2019,24,"animation, action, drama, war, history",JP,8.8,32535.0,15.663,8.6
ts80962,Tuca & Bertie,SHOW,2019,24,"comedy, animation",US,7.3,7023.0,18.246,7.2
ts86497,Russian Doll,SHOW,2019,28,"comedy, drama",US,7.8,91649.0,18.072,7.5
ts254656,Jurassic World: Camp Cretaceous,SHOW,2020,24,"action, animation, scifi, family",US,7.5,8022.0,259.059,8.0
ts57327,The Witcher,SHOW,2019,58,"scifi, action, horror, drama, fantasy",US,8.2,472202.0,101.869,8.244
ts216679,Bridgerton,SHOW,2020,62,"drama, history, romance",US,7.3,129085.0,106.118,8.2
ts237109,Control Z,SHOW,2020,38,"drama, thriller",MX,6.9,8895.0,473.002,8.2
ts81007,After Life,SHOW,2019,28,"comedy, drama",GB,8.4,129243.0,19.931,7.843
tm510203,A Call to Spy,MOVIE,2019,123,"crime, drama, thriller, war, history",US,6.6,7091.0,11.78,6.8
ts86912,Surviving R. Kelly,SHOW,2019,59,"documentation, crime, music",US,7.5,4906.0,3.97,7.8
ts252505,Are You Afraid of the Dark?,SHOW,2019,42,"thriller, horror, family, drama, fantasy",US,7.0,2216.0,63.359,7.5
ts191559,The UnXplained,SHOW,2019,42,documentation,US,7.1,1011.0,8.132,8.6
ts89259,The Queen's Gambit,SHOW,2020,56,"drama, sport",US,8.6,420100.0,82.702,8.624
ts83555,"Roswell, New Mexico",SHOW,2019,41,"scifi, drama, romance",US,6.1,12343.0,46.094,8.1
ts82915,Sex Education,SHOW,2019,52,"drama, comedy",GB,8.3,251168.0,273.962,8.358
ts82914,Dead to Me,SHOW,2019,31,"thriller, crime, drama, comedy",US,8.0,74989.0,26.155,7.299
ts215046,Capitani,SHOW,2019,29,"crime, drama, thriller",LU,6.6,4912.0,28.789,6.715
ts90234,I Think You Should Leave with Tim Robinson,SHOW,2019,16,comedy,US,7.9,11900.0,8.873,6.6
ts88613,Formula 1: Drive to Survive,SHOW,2019,38,"documentation, sport",GB,8.6,38345.0,40.781,8.4
ts81120,The Last Dance,SHOW,2020,50,"documentation, history, sport",US,9.1,115915.0,27.702,8.2
ts87953,Locke & Key,SHOW,2020,48,"drama, thriller, scifi, horror, fantasy",US,7.4,72031.0,48.22,8.1
ts235655,Outer Banks,SHOW,2020,49,"thriller, action, drama, romance, crime",US,7.5,45815.0,39.319,8.555
ts84146,Emily in Paris,SHOW,2020,29,"drama, comedy, romance",US,6.9,86631.0,42.991,7.995
tm681578,The Rental,MOVIE,2020,88,"drama, horror, thriller",US,5.7,30613.0,53.311,5.6
ts221904,Unbelievable,SHOW,2019,48,"drama, crime",US,8.4,98384.0,20.378,8.1
ts55762,Kingdom,SHOW,2019,48,"action, scifi, thriller, history, drama, horror",KR,8.3,44874.0,42.052,8.4
tm369594,I'm Thinking of Ending Things,MOVIE,2020,134,"drama, thriller, fantasy",US,6.6,83093.0,17.61,6.6
tm244149,The Irishman,MOVIE,2019,209,"crime, drama, history, thriller",US,7.8,376379.0,21.075,7.6
ts100116,Blown Away,SHOW,2019,26,"reality, comedy, history, documentation",CA,7.1,3034.0,23.841,7.2
ts219101,Marianne,SHOW,2019,45,"thriller, drama, horror",FR,7.4,14895.0,22.746,7.7
ts87453,Space Force,SHOW,2020,30,comedy,US,6.7,63379.0,21.173,6.6
ts222988,Love on the Spectrum,SHOW,2019,42,"reality, romance, documentation",AU,8.6,5846.0,5.852,7.9
ts235758,Never Have I Ever,SHOW,2020,28,"comedy, drama",US,7.8,47000.0,47.843,8.183
tm496322,Extraction,MOVIE,2020,116,"crime, drama, action, thriller",US,6.7,196105.0,51.91,7.4
ts224901,The Stranger,SHOW,2020,45,"thriller, crime, drama",GB,7.3,48298.0,11.603,7.4
tm863808,My Octopus Teacher,MOVIE,2020,84,documentation,"ZA, GB",8.1,52771.0,19.276,8.0
tm827638,Synchronic,MOVIE,2019,102,"crime, drama, horror, scifi, thriller",US,6.2,29455.0,13.498,6.3
ts84633,The Promised Neverland,SHOW,2019,23,"animation, thriller, scifi, action, drama, horror, fantasy",JP,8.3,36018.0,42.367,8.843
tm460124,"Yes, God, Yes",MOVIE,2020,78,"comedy, drama","GB, US",6.1,15155.0,41.666,6.4
ts88379,Dracula,SHOW,2020,88,"drama, action, thriller, fantasy, horror",GB,6.8,45971.0,25.177,7.142
tm824398,The Platform,MOVIE,2019,95,"scifi, thriller, horror, european",ES,7.0,213699.0,47.725,7.003
tm911973,Enola Holmes,MOVIE,2020,123,"crime, drama, action",US,6.6,162511.0,22.461,7.3
ts249891,The Comey Rule,SHOW,2020,82,"war, drama",US,7.4,8829.0,9.22,7.5
tm849003,The Old Guard,MOVIE,2020,125,"fantasy, action, thriller",US,6.6,158247.0,20.588,7.2
ts89564,Black Summer,SHOW,2019,39,"scifi, thriller, action, drama, horror",US,6.5,29318.0,30.795,7.1
tm845489,His House,MOVIE,2020,93,"thriller, drama, horror",GB,6.5,39988.0,27.065,6.5
tm403709,Marriage Story,MOVIE,2019,136,"drama, romance, comedy",GB,7.9,298303.0,28.268,7.8
ts224303,The Daily Life of the Immortal King,SHOW,2020,19,"scifi, animation, comedy, action, fantasy",CN,7.2,1331.0,121.132,8.6
tm362198,Scary Stories to Tell in the Dark,MOVIE,2019,108,"horror, thriller","US, CA, CN",6.2,74754.0,36.326,6.5
tm368699,The Devil All the Time,MOVIE,2020,138,"crime, drama, thriller, horror",US,7.1,122321.0,22.872,7.3
tm828369,Lunana: A Yak in the Classroom,MOVIE,2019,109,"drama, family","BT, CN",7.4,3257.0,6.869,7.4
tm502532,Fantastic Fungi,MOVIE,2019,81,documentation,US,7.4,8430.0,9.263,7.3
tm417392,The King,MOVIE,2019,140,"history, war, drama, romance","US, AU",7.2,124438.0,25.987,7.2
ts219660,Alice in Borderland,SHOW,2020,47,"action, drama, scifi, thriller, fantasy",JP,7.6,49446.0,71.018,8.2
ts57213,The Dark Crystal: Age of Resistance,SHOW,2019,51,"scifi, family, animation, fantasy, horror, drama, action","US, GB",8.4,24419.0,23.53,7.8
ts82913,When They See Us,SHOW,2019,74,"drama, crime, history",US,8.9,116560.0,20.965,8.2
tm414584,Rambo: Last Blood,MOVIE,2019,101,"drama, action, crime, thriller, western","US, CN",6.1,96740.0,88.199,6.5
ts221200,The Haunting of Bly Manor,SHOW,2020,55,"thriller, drama, scifi, horror",US,7.3,99047.0,29.636,7.8
tm817504,1BR,MOVIE,2019,90,"thriller, drama, horror",US,5.8,12397.0,15.943,6.1
tm412937,Trading Paint,MOVIE,2019,87,"drama, thriller, action, sport, european","GB, US",4.4,1996.0,8.786,5.6
ts237107,Sweet Magnolias,SHOW,2020,50,"drama, romance",US,7.3,17689.0,17.137,7.9
tm456156,Sweetheart,MOVIE,2019,82,"horror, thriller, drama, fantasy, scifi",US,5.8,8191.0,12.174,6.5
tm943790,Summerland,MOVIE,2020,102,"romance, war, drama",GB,7.0,6827.0,9.77,7.6
tm239927,Official Secrets,MOVIE,2019,112,"drama, thriller, history, crime, war, romance","GB, US",7.3,46901.0,13.217,7.249
ts89210,Warrior Nun,SHOW,2020,43,"action, drama, scifi, fantasy",US,6.8,30243.0,45.891,7.9
tm919961,Pieces of a Woman,MOVIE,2020,127,drama,"CA, HU, US",7.0,48664.0,10.502,7.098
tm427335,Freaks,MOVIE,2019,105,"scifi, thriller, drama","US, CA",6.7,35021.0,56.909,6.8
tm431321,21 Bridges,MOVIE,2019,99,"action, drama, crime, thriller",US,6.6,65845.0,29.285,6.7
tm417553,6 Underground,MOVIE,2019,128,"thriller, comedy, action",US,6.1,172083.0,68.45,6.327
tm821789,Mank,MOVIE,2020,131,"comedy, drama",US,6.8,72295.0,13.068,6.8
tm834851,I Care a Lot,MOVIE,2020,118,"drama, thriller, comedy, crime","GB, US",6.3,129321.0,30.192,6.6
ts223210,Don't F**k with Cats: Hunting an Internet Killer,SHOW,2019,62,"documentation, crime",GB,8.0,51559.0,13.548,7.7
tm827648,El Camino: A Breaking Bad Movie,MOVIE,2019,123,"crime, drama, thriller, action",US,7.3,216847.0,42.566,6.91
tm460948,Always Be My Maybe,MOVIE,2019,102,"romance, comedy",US,6.8,55686.0,11.434,6.6
ts107724,The Defeated,SHOW,2020,55,"history, thriller, drama",DE,7.0,5902.0,7.002,6.846
tm847085,The Social Dilemma,MOVIE,2020,94,"drama, documentation",US,7.6,80916.0,20.38,7.5
tm494295,Straight Up,MOVIE,2019,95,"comedy, romance",US,6.8,2445.0,6.099,6.9
tm916405,The Outpost,MOVIE,2020,123,"history, action, war, drama","BG, US",6.8,32952.0,31.294,6.9
tm823545,Disappearance at Clifton Hill,MOVIE,2020,100,"thriller, drama",CA,5.4,3612.0,5.746,5.4
tm244207,Triple Frontier,MOVIE,2019,125,"thriller, action, crime, drama",US,6.4,125883.0,28.54,6.3
tm849004,Eurovision Song Contest: The Story of Fire Saga,MOVIE,2020,123,"music, comedy",US,6.5,92086.0,10.817,6.4
ts218802,The Family,SHOW,2019,50,"documentation, sport, reality",US,6.4,3491.0,6.904,6.9
ts287836,Into the Night,SHOW,2020,36,"scifi, drama, thriller",BE,7.1,31559.0,22.983,7.5
tm423666,The Wandering Earth,MOVIE,2019,126,"scifi, action, drama, thriller",CN,5.9,30297.0,25.187,6.4
tm818266,The Forgotten Battle,MOVIE,2020,124,"drama, war, history, documentation, european","BE, LT, NL",7.1,27275.0,33.974,7.2
ts225651,Feel Good,SHOW,2020,25,"drama, comedy, romance",GB,7.5,10690.0,9.986,7.4
tm813695,After We Collided,MOVIE,2020,105,"drama, romance",US,5.0,30522.0,236.101,7.251
tm448792,In the Shadow of the Moon,MOVIE,2019,115,"scifi, crime, thriller","US, CA",6.2,52206.0,23.952,6.2
tm1121246,Code 8,MOVIE,2019,99,"scifi, action, crime, thriller, drama","CA, GB, US",6.1,39469.0,18.193,6.2
tm447963,Fractured,MOVIE,2019,99,thriller,US,6.4,72478.0,35.497,6.7
ts104401,Ragnarok,SHOW,2020,47,"thriller, action, drama, fantasy, scifi",NO,7.5,36863.0,118.364,8.067
tm832345,365 Days,MOVIE,2020,114,"romance, drama, european",PL,3.3,84940.0,48.792,7.044
ts304505,Love Is Blind,SHOW,2020,54,"reality, romance",US,6.1,7863.0,1.4,7.7
ts103702,Young Wallander,SHOW,2020,45,"thriller, crime, drama",GB,6.9,11377.0,72.638,7.1
ts88577,Hollywood,SHOW,2020,50,"drama, history",US,7.5,36052.0,11.855,7.6
ts85398,Our Planet,SHOW,2019,50,documentation,GB,9.3,42259.0,19.942,8.8
ts91039,The Chef Show,SHOW,2019,31,documentation,US,8.2,5107.0,7.305,7.8
ts257301,Big Timber,SHOW,2020,48,reality,CA,6.6,705.0,19.64,7.0
ts95997,Raising Dion,SHOW,2019,43,"scifi, drama",US,7.1,14799.0,33.326,7.8
tm428856,I Am Mother,MOVIE,2019,114,"scifi, horror, drama, thriller",AU,6.7,89926.0,20.904,6.696
tm983787,Ava,MOVIE,2020,96,"thriller, crime, action, drama",US,5.4,54279.0,155.235,5.753
tm840196,The Trial of the Chicago 7,MOVIE,2020,130,"drama, history, thriller",US,7.7,173103.0,15.07,7.8
tm455636,The Dirt,MOVIE,2019,108,"drama, comedy, music",US,6.9,48445.0,15.86,7.518
ts82912,Ratched,SHOW,2020,54,"drama, history, thriller, crime",US,7.2,54291.0,35.227,7.8
tm824331,Can You Keep a Secret?,MOVIE,2019,94,"romance, comedy",US,5.3,16421.0,12.579,6.553
ts84663,The Politician,SHOW,2019,43,"comedy, drama",US,7.5,22182.0,14.713,7.4
tm441231,Murder Mystery,MOVIE,2019,90,"comedy, crime, romance, action","IT, MC, US, CA",6.0,124599.0,22.376,6.2
tm843444,Da 5 Bloods,MOVIE,2020,156,"war, drama",US,6.5,50520.0,16.232,6.6
tm832916,The Midnight Sky,MOVIE,2020,118,"drama, scifi, thriller, fantasy",US,5.6,82362.0,22.231,5.8
ts242210,The Cursed,SHOW,2020,62,"thriller, scifi, drama, fantasy",KR,7.1,466.0,4.435,7.9
ts221749,Dorohedoro,SHOW,2020,25,"scifi, action, comedy, fantasy, horror, animation",JP,8.1,8262.0,23.072,8.6
ts86165,The Society,SHOW,2019,56,"drama, scifi, thriller",US,7.0,28647.0,21.138,7.7
ts225522,Unorthodox,SHOW,2020,54,drama,DE,8.0,76083.0,15.173,7.9
ts116814,The Twelve,SHOW,2019,48,"thriller, drama",BE,7.4,5174.0,9.883,7.0
ts246072,Barbarians,SHOW,2020,47,"drama, action, history",DE,7.2,23709.0,37.819,7.396
tm458553,Wine Country,MOVIE,2019,103,"comedy, drama",US,5.4,21213.0,11.397,5.5
ts218569,The Movies That Made Us,SHOW,2019,47,"documentation, family, history",US,7.6,6288.0,10.08,7.4
tm886464,The Wrong Missy,MOVIE,2020,90,"romance, comedy",US,5.7,39237.0,31.686,6.2
tm417416,Five Feet Apart,MOVIE,2019,116,"romance, drama",US,7.2,63916.0,86.377,8.3
tm439163,Brahms: The Boy II,MOVIE,2020,86,"thriller, horror, drama","CN, US, AU, CA",4.7,17048.0,29.249,6.017
tm426428,After,MOVIE,2019,102,"drama, romance",US,5.2,53460.0,238.494,7.166
ts84661,Cursed,SHOW,2020,55,"action, scifi, fantasy, drama",US,5.8,29864.0,30.279,7.4
tm441232,Someone Great,MOVIE,2019,92,"romance, comedy",US,6.1,22277.0,14.238,6.4
ts220751,Lego Jurassic World: Legend of Isla Nublar,SHOW,2019,22,"comedy, family, scifi, animation, action",CA,6.7,289.0,13.663,7.2
tm450262,Last Breath,MOVIE,2019,85,"documentation, european","BE, SE, GB",7.7,5800.0,5.855,7.7
ts83082,Living with Yourself,SHOW,2019,26,"drama, scifi, comedy",US,7.2,30624.0,9.447,6.8
ts113842,Giri/Haji,SHOW,2019,58,"drama, thriller, crime",GB,7.8,14008.0,14.215,7.7
tm435520,The Two Popes,MOVIE,2019,125,"drama, comedy, history",US,7.6,122069.0,11.465,7.5
tm443615,Rebecca,MOVIE,2020,123,"romance, drama, thriller",GB,6.0,41232.0,11.042,6.3
tm432765,The Wind,MOVIE,2019,86,"western, thriller, horror",US,5.5,8242.0,10.601,5.6
ts129445,The Spy,SHOW,2019,53,"drama, history",FR,7.9,41237.0,16.993,7.6
tm456436,Bad Trip,MOVIE,2020,87,"comedy, reality","CA, US",6.5,24537.0,73.507,6.1
ts241486,Pokémon Journeys: The Series,SHOW,2020,22,"animation, action, scifi, comedy, family, fantasy",JP,6.9,563.0,1.4,6.0
tm470240,The Half of It,MOVIE,2020,104,"comedy, romance, drama",US,6.9,36576.0,17.948,7.2
tm458585,Dolemite Is My Name,MOVIE,2019,118,"drama, comedy, history",US,7.2,60334.0,11.036,7.0
tm678022,The Prom,MOVIE,2020,130,"comedy, drama, music, romance",US,5.9,26197.0,1.596,6.2
ts237560,Jeffrey Epstein: Filthy Rich,SHOW,2020,57,"documentation, crime",US,7.1,23816.0,9.369,7.2
ts269397,Bogdan Boner: Egzorcysta,SHOW,2020,12,"animation, comedy",PL,7.3,105.0,10.114,4.0
tm361746,Ophelia,MOVIE,2019,114,"drama, romance, history, war, thriller","GB, US",6.6,10357.0,17.715,7.3
ts105825,The Valhalla Murders,SHOW,2019,47,"crime, drama, thriller, scifi",IS,7.1,13467.0,11.145,6.8
tm821143,Ma Rainey's Black Bottom,MOVIE,2020,94,"drama, music",US,6.9,50988.0,10.662,6.7
ts113506,The Last Czars,SHOW,2019,45,"romance, documentation, drama, history, war",GB,7.3,8248.0,9.163,7.4
tm453862,The Call,MOVIE,2020,112,"scifi, thriller, drama, crime, horror",KR,7.1,30772.0,33.987,7.6
tm849022,Hillbilly Elegy,MOVIE,2020,117,drama,US,6.7,41469.0,12.825,6.8
ts89339,Selling Sunset,SHOW,2019,36,reality,US,6.4,6217.0,8.686,7.0
ts88909,Glow Up: Britain's Next Make-Up Star,SHOW,2019,54,reality,GB,6.8,2095.0,5.621,7.0
ts103133,I Am Not Okay with This,SHOW,2020,21,"drama, fantasy, scifi, comedy",US,7.5,58674.0,27.985,8.2
tm358770,Paradise Hills,MOVIE,2019,95,"scifi, thriller, fantasy, european","US, ES",5.3,22454.0,17.062,6.022
ts83491,WHAT / IF,SHOW,2019,54,"drama, thriller, romance",US,6.3,15243.0,19.664,6.6
tm420826,The Highwaymen,MOVIE,2019,133,"drama, thriller, crime",US,6.9,89893.0,14.256,6.7
ts281928,Unsolved Mysteries,SHOW,2020,49,"documentation, drama, thriller, crime",US,7.3,9492.0,18.654,7.8
tm372066,Fast Color,MOVIE,2019,102,"scifi, thriller, drama",US,6.0,6276.0,8.954,6.0
ts223981,Cheer,SHOW,2020,56,"documentation, sport, reality",US,8.1,6271.0,8.36,7.4
ts89014,DC Super Hero Girls,SHOW,2019,10,"scifi, animation, family, action, comedy, fantasy, drama",US,7.1,1282.0,12.626,8.2
ts83657,The Order,SHOW,2019,48,"scifi, drama, thriller, fantasy, horror",US,6.7,27943.0,27.883,7.9
tm499045,Occupation: Rainfall,MOVIE,2020,128,"scifi, action",AU,5.2,14219.0,16.63,6.5
ts250997,Down to Earth with Zac Efron,SHOW,2020,39,"documentation, history, reality",US,8.0,6586.0,17.742,7.8
tm444017,"Extremely Wicked, Shockingly Evil and Vile",MOVIE,2019,110,"crime, thriller, drama",US,6.7,92156.0,19.891,7.0
ts215012,Kipo and the Age of Wonderbeasts,SHOW,2020,23,"comedy, family, fantasy, scifi, animation, action",US,8.3,5618.0,24.191,8.4
tm433462,We Summon the Darkness,MOVIE,2020,91,"thriller, horror, comedy, music",US,5.2,10483.0,8.183,5.5
ts103329,Ghost in the Shell: SAC_2045,SHOW,2020,25,"scifi, action, animation, crime, drama, thriller",JP,6.2,2397.0,11.482,6.5
tm927718,The Paper Tigers,MOVIE,2020,110,"comedy, action",US,6.3,4341.0,4.665,6.9
ts215683,The Untamed,SHOW,2019,44,"action, drama, thriller, romance, comedy, fantasy, horror",CN,8.8,6181.0,30.895,8.5
tm548602,Between Two Ferns: The Movie,MOVIE,2019,82,comedy,US,6.1,32036.0,12.486,6.0
ts236531,Too Hot to Handle,SHOW,2020,42,"reality, romance",US,4.6,12230.0,20.633,6.8
tm325325,The Game Changers,MOVIE,2019,88,documentation,US,7.8,19942.0,11.211,7.4
tm845484,Dick Johnson Is Dead,MOVIE,2020,89,"documentation, drama",US,7.4,6511.0,7.932,7.4
tm332071,Velvet Buzzsaw,MOVIE,2019,113,"thriller, horror, comedy",US,5.7,60629.0,16.079,5.3
ts80709,Another Life,SHOW,2019,42,"scifi, drama, thriller",US,5.2,35536.0,56.037,6.1
ts256007,Love & Anarchy,SHOW,2020,31,"comedy, drama, romance",SE,7.4,7896.0,13.59,7.3
ts86908,L.A.'s Finest,SHOW,2019,47,"crime, drama, action, comedy, thriller",US,6.1,7000.0,21.788,7.3
ts105441,Greatest Events of WWII in Colour,SHOW,2019,50,"documentation, history, war",GB,8.7,8622.0,7.929,8.6
ts227305,Tiger King,SHOW,2020,44,"documentation, crime",US,7.5,77790.0,9.63,7.0
tm943774,The Old Ways,MOVIE,2020,90,"fantasy, horror, thriller, drama",US,5.4,6035.0,9.583,7.2
ts88469,Undercover,SHOW,2019,49,"drama, crime, thriller",BE,7.8,17005.0,17.659,8.0
tm428557,The Laundromat,MOVIE,2019,96,"drama, history, comedy, crime",US,6.3,49391.0,10.319,6.0
tm878333,Pokémon the Movie: Secrets of the Jungle,MOVIE,2020,99,"family, fantasy, animation, action, scifi",JP,6.4,1942.0,110.86,7.027
tm893480,Project Power,MOVIE,2020,113,"crime, scifi, action, thriller",US,6.0,86407.0,22.48,6.5
tm413660,In the Tall Grass,MOVIE,2019,102,"drama, thriller, scifi, horror","CA, US",5.4,55276.0,15.188,5.5
ts284800,Criminal: UK,SHOW,2019,44,"crime, drama, thriller",GB,7.6,18213.0,12.302,7.429
tm820190,#Alive,MOVIE,2020,98,"horror, thriller, action, drama",KR,6.3,38313.0,58.967,7.3
ts88262,Traitors,SHOW,2019,51,"war, drama, thriller, history",GB,6.6,3130.0,4.526,6.8
ts286390,Merli: Dare to Know,SHOW,2019,48,"comedy, drama",ES,7.6,1868.0,52.228,8.4
ts224907,Backstreet Rookie,SHOW,2020,62,"drama, comedy, romance, action",KR,7.4,2216.0,29.819,7.5
ts161737,Dare Me,SHOW,2019,43,"thriller, crime, drama, reality",US,6.6,5254.0,15.001,7.9
ts187541,Hotel Del Luna,SHOW,2019,80,"romance, action, comedy, drama, fantasy, horror, scifi",KR,8.2,8405.0,32.042,8.7
tm464662,Tread,MOVIE,2020,88,"crime, documentation",US,7.1,3074.0,2.637,6.7
tm455568,Paddleton,MOVIE,2019,89,"drama, comedy",US,7.1,13791.0,7.339,7.0
ts88283,Wu Assassins,SHOW,2019,44,"scifi, action, crime, drama, fantasy",US,6.4,12921.0,15.475,7.3
tm471967,Lost Girls,MOVIE,2020,95,"thriller, drama, crime",US,6.1,21588.0,12.547,6.1
tm447788,Fyre,MOVIE,2019,98,"documentation, crime, music",US,7.2,45728.0,9.805,6.9
tm361998,The Wolf's Call,MOVIE,2019,115,"thriller, action, scifi, war, drama, european",FR,6.9,17468.0,15.545,7.6
ts105047,To the Lake,SHOW,2019,51,"thriller, drama, scifi",RU,7.2,12713.0,13.757,7.5
tm451078,Pokemon the Movie: Mewtwo Strikes Back - Evolution,MOVIE,2019,98,"animation, action, fantasy, family",JP,5.7,5475.0,146.188,6.7
tm414341,The Red Sea Diving Resort,MOVIE,2019,129,"history, drama, thriller","CA, US",6.6,28051.0,14.205,6.9
ts215691,Teenage Bounty Hunters,SHOW,2020,49,"comedy, drama, action, crime",US,7.6,11426.0,16.492,7.9
tm450375,Thackeray,MOVIE,2019,139,"drama, history, action",IN,5.3,3365.0,2.821,5.3
ts90729,Away,SHOW,2020,50,"drama, scifi, romance",US,6.6,23787.0,16.426,6.8
tm437221,Charlie Says,MOVIE,2019,104,"drama, documentation, crime",US,5.9,4474.0,11.349,5.9
tm845496,Crip Camp: A Disability Revolution,MOVIE,2020,107,"documentation, history",US,7.7,7428.0,10.547,7.3
ts242820,Floor is Lava,SHOW,2020,31,reality,US,5.3,2429.0,9.617,7.8
ts288350,Julie and the Phantoms,SHOW,2020,2,"scifi, fantasy, music, comedy, drama, family, documentation",US,8.4,9725.0,13.926,8.584
tm449105,Polar,MOVIE,2019,118,"action, drama, crime, thriller, european","DE, US",6.3,88281.0,30.208,6.3
tm418847,The Silence,MOVIE,2019,90,"drama, thriller, fantasy, horror, scifi, european",DE,5.3,44818.0,35.51,6.04
ts89744,How to Sell Drugs Online (Fast),SHOW,2019,32,"comedy, crime, drama, romance",DE,7.9,31516.0,26.381,8.3
ts82361,Ultraman,SHOW,2019,24,"animation, action, scifi, fantasy, drama",JP,6.8,2089.0,30.084,7.1
tm498803,Spenser Confidential,MOVIE,2020,111,"action, comedy, drama, thriller, crime",US,6.2,86593.0,21.502,6.545
ts250801,Dark Desire,SHOW,2020,34,"thriller, drama",MX,6.5,7420.0,122.06,7.3
tm315255,Ip Man 4: The Finale,MOVIE,2019,107,"action, drama, history","CN, HK",7.0,31692.0,19.541,7.2
ts223986,The Circle,SHOW,2020,52,reality,US,7.2,6901.0,7.905,7.7
tm853783,David Attenborough: A Life on Our Planet,MOVIE,2020,83,documentation,GB,8.9,31625.0,15.935,8.5
ts216522,BEASTARS,SHOW,2019,23,"animation, drama, crime, fantasy, romance, thriller",JP,7.7,9782.0,66.572,8.7
ts82851,Messiah,SHOW,2020,45,"drama, thriller",US,7.6,42667.0,19.659,7.4
tm411750,Doom: Annihilation,MOVIE,2019,96,"action, scifi, thriller, horror",US,3.7,9281.0,29.955,4.9
ts252758,Get Organized with The Home Edit,SHOW,2020,42,reality,US,5.4,1506.0,6.857,6.7
ts84993,Daybreak,SHOW,2019,47,"scifi, drama, fantasy, horror, action, comedy, thriller",US,6.6,19654.0,18.304,7.3
ts224859,The Pharmacist,SHOW,2020,54,"documentation, crime",US,7.7,7261.0,3.063,8.4
tm469991,I Lost My Body,MOVIE,2019,81,"fantasy, drama, romance, animation, european",FR,7.5,32380.0,11.079,7.5
tm434553,Cut Throat City,MOVIE,2020,123,"thriller, drama, action, crime",US,4.8,2594.0,10.445,6.6
ts269690,Schulz Saves America,SHOW,2020,17,comedy,US,7.3,1086.0,1.4,7.3
tm428558,High Flying Bird,MOVIE,2019,90,"drama, sport",US,6.2,8616.0,7.304,5.7
tm927037,The Water Man,MOVIE,2020,92,"action, thriller, drama, family, fantasy",US,5.4,3880.0,13.201,6.2
ts88699,Northern Rescue,SHOW,2019,44,"drama, family",CA,6.9,4202.0,9.477,7.0
ts223240,Itaewon Class,SHOW,2020,70,"drama, romance",KR,8.2,12780.0,36.591,8.5
tm884511,The Lost Husband,MOVIE,2020,109,"romance, drama",US,6.1,4739.0,7.282,7.0
tm285317,IO,MOVIE,2019,96,"scifi, romance, drama",US,4.7,34180.0,25.116,4.9
tm817709,Rocks,MOVIE,2019,93,drama,GB,7.4,4711.0,7.28,6.7
tm824477,Over the Moon,MOVIE,2020,95,"comedy, family, fantasy, scifi, romance, animation","CN, US",6.3,22034.0,75.251,7.3
tm927480,Kiss the Ground,MOVIE,2020,84,documentation,US,8.2,6736.0,6.272,8.1
ts88151,Quicksand,SHOW,2019,46,"drama, crime, thriller",SE,7.5,21276.0,16.469,7.3
tm444247,This Changes Everything,MOVIE,2019,97,documentation,US,7.6,1580.0,4.764,6.5
tm355783,Eli,MOVIE,2019,98,"horror, thriller, drama",US,5.8,35214.0,31.78,6.0
tm449195,The Boy Who Harnessed the Wind,MOVIE,2019,113,"drama, history","US, MW, GB",7.6,37527.0,35.031,7.9
tm925486,Jiu Jitsu,MOVIE,2020,102,"action, scifi, fantasy, thriller, comedy","US, CY",2.9,8693.0,96.709,5.0
tm934040,American Murder: The Family Next Door,MOVIE,2020,83,"documentation, thriller, crime",US,7.2,27193.0,11.309,7.3
ts225101,Start-Up,SHOW,2020,80,"drama, comedy, romance",KR,8.1,9697.0,32.075,8.4
ts79695,Sintonia,SHOW,2019,44,"drama, crime, music",BR,6.6,1172.0,42.611,8.2
tm469193,Atlantics,MOVIE,2019,106,"fantasy, drama, romance","BE, FR, SN",6.7,9405.0,11.349,6.7
ts223404,It's Okay to Not Be Okay,SHOW,2020,76,"drama, comedy, romance",KR,8.6,22346.0,50.095,8.6
ts89075,Her Private Life,SHOW,2019,75,"comedy, drama, romance",KR,7.7,3826.0,14.707,7.933
tm420455,Rim of the World,MOVIE,2019,99,"scifi, action, comedy",US,5.2,23987.0,22.933,6.0
ts236747,Middleditch & Schwartz,SHOW,2020,51,comedy,US,8.6,5310.0,2.329,8.0
tm925584,The Vanished,MOVIE,2020,115,"thriller, action, crime",US,5.7,10378.0,13.281,6.0
tm914535,2 Hearts,MOVIE,2020,100,"drama, romance",US,6.2,3801.0,16.578,7.7
ts90019,Bonding,SHOW,2019,17,"drama, comedy",US,7.1,16027.0,19.49,7.4
tm423140,Avengement,MOVIE,2019,90,"action, crime, thriller",GB,6.5,15685.0,17.407,6.8
tm348403,A Shaun the Sheep Movie: Farmageddon,MOVIE,2019,87,"family, comedy, animation, fantasy, scifi","GB, FR",6.8,13485.0,16.792,6.93
ts87364,Conversations with a Killer: The Ted Bundy Tapes,SHOW,2019,59,"documentation, crime, history",US,7.8,27439.0,14.137,7.6
tm878842,The Edge of All We Know,MOVIE,2020,99,documentation,US,6.6,2422.0,7.7,6.8
tm453099,Rolling Thunder Revue: A Bob Dylan Story by Martin Scorsese,MOVIE,2019,142,"documentation, music, history",US,7.6,6730.0,9.859,7.2
tm446176,American Factory,MOVIE,2019,110,documentation,US,7.4,21694.0,12.978,7.2
ts250912,Fear City: New York vs The Mafia,SHOW,2020,52,"crime, documentation",US,7.1,7354.0,10.282,6.9
ts219162,Inside Bill's Brain: Decoding Bill Gates,SHOW,2019,53,documentation,US,7.9,10892.0,6.426,7.5
tm316311,Wasp Network,MOVIE,2020,128,"thriller, drama, crime","BR, FR, ES, BE",5.9,10368.0,10.195,6.1
tm375883,Klaus,MOVIE,2019,96,"fantasy, comedy, family, animation, european",ES,8.1,143737.0,20.85,8.3
ts268560,The Uncanny Counter,SHOW,2020,64,"drama, thriller, action, fantasy, horror",KR,8.1,6033.0,28.255,8.8
ts306090,GREAT PRETENDER,SHOW,2020,23,"drama, action, animation, comedy, crime",JP,7.9,4902.0,13.641,7.6
tm974366,We Can Be Heroes,MOVIE,2020,97,"fantasy, drama, family, action, comedy",US,4.7,14759.0,72.986,6.2
tm443179,All the Bright Places,MOVIE,2020,108,"romance, drama",US,6.5,28355.0,81.765,7.7
tm498034,The Last Blockbuster,MOVIE,2020,86,documentation,US,6.7,5448.0,8.213,6.6
tm446609,The Great Hack,MOVIE,2019,114,"documentation, history",US,7.1,22838.0,15.376,6.9
ts105542,The Baker and the Beauty,SHOW,2020,32,"comedy, drama, romance",US,7.3,4270.0,8.545,8.1
ts83107,V Wars,SHOW,2019,42,"scifi, drama, horror",US,6.0,13745.0,19.7,7.7
ts251782,High Score,SHOW,2020,42,"documentation, history",US,7.4,7912.0,13.282,7.6
tm810547,Night in Paradise,MOVIE,2020,131,"thriller, drama, action, crime",KR,6.7,6747.0,61.796,6.9
tm919864,The Disciple,MOVIE,2020,128,"drama, music",IN,7.1,2567.0,3.49,6.8
ts88721,Special,SHOW,2019,22,"comedy, drama",US,7.6,9434.0,6.88,6.7
ts89347,Street Food,SHOW,2019,31,documentation,US,7.9,2760.0,4.101,7.9
ts236091,Oh My Baby,SHOW,2020,68,"comedy, family, drama, romance",KR,7.2,213.0,4.131,7.0
tm827508,The Boys in the Band,MOVIE,2020,121,drama,US,6.8,15376.0,11.082,6.8
tm845415,Miss Americana,MOVIE,2020,85,"music, documentation",US,7.4,19482.0,16.672,7.9
ts89747,High Seas,SHOW,2019,42,"crime, drama, comedy",ES,6.8,7359.0,20.911,7.0
ts81646,Chambers,SHOW,2019,44,"drama, thriller, fantasy, horror",US,6.4,8455.0,13.586,6.8
tm822246,The Forty-Year-Old Version,MOVIE,2020,123,"comedy, drama, music",US,7.2,5003.0,11.646,6.9
ts108392,The Letter for the King,SHOW,2020,47,"action, family, fantasy, scifi",GB,5.9,7468.0,8.039,7.1
tm948128,Audrey,MOVIE,2020,100,"documentation, history","US, CH",7.1,1960.0,8.723,7.1
ts222455,The Devil Next Door,SHOW,2019,46,"crime, documentation, history","US, IL",7.6,13370.0,6.571,7.2
tm828069,Calm with Horses,MOVIE,2020,100,"crime, drama","IE, GB",6.8,5649.0,6.1,6.4
tm935309,Skylines,MOVIE,2020,113,"scifi, action","FR, LT, GB",4.7,8139.0,92.324,5.6
ts106536,White Lines,SHOW,2020,55,"drama, thriller, crime",GB,6.6,16768.0,14.393,6.8
tm458467,Girl on the Third Floor,MOVIE,2019,93,"horror, thriller, drama",US,4.7,10005.0,10.168,5.3
ts84586,Spinning Out,SHOW,2020,49,"drama, sport",US,7.6,14066.0,14.067,8.1
ts89251,Tales of the City,SHOW,2019,56,drama,US,7.4,7930.0,10.445,7.5
ts90937,Stateless,SHOW,2020,53,drama,AU,7.5,9327.0,8.085,6.8
ts86978,Power Rangers Beast Morphers,SHOW,2019,22,"action, animation, scifi, thriller, comedy, drama, fantasy",ES,6.5,602.0,1.802,9.7
tm426638,Vita & Virginia,MOVIE,2019,110,"drama, romance, european","GB, IE",5.7,3823.0,8.037,6.9
tm852996,Captain Underpants: Epic Choice-o-rama,MOVIE,2020,37,"comedy, fantasy, family, animation, action, scifi",US,6.4,80.0,4.5,8.0
ts87471,Darwin's Game,SHOW,2020,25,"action, scifi, animation, thriller, drama",JP,7.2,2440.0,14.208,7.86
tm464557,The Perfect Date,MOVIE,2019,93,"romance, comedy",US,5.8,38796.0,51.174,6.5
ts86946,Osmosis,SHOW,2019,42,"drama, scifi, romance",FR,5.7,3041.0,8.783,5.9
ts86726,Tidying Up with Marie Kondo,SHOW,2019,40,reality,US,6.6,3568.0,4.47,6.8
tm554944,Love Wedding Repeat,MOVIE,2020,100,"comedy, romance","GB, IT",5.5,20412.0,10.708,5.66
tm845437,Disclosure,MOVIE,2020,107,documentation,US,8.2,5421.0,13.019,8.2
tm463385,Framing John DeLorean,MOVIE,2019,109,"drama, documentation",US,6.5,2331.0,4.842,6.2
tm856375,The Decline,MOVIE,2020,83,"thriller, action",CA,6.0,8782.0,7.679,6.2
tm822907,Patsy & Loretta,MOVIE,2019,88,"music, drama",US,6.8,1062.0,4.824,6.6
tm952590,What Lies Below,MOVIE,2020,87,"horror, thriller, scifi",US,4.3,8290.0,35.418,5.4
tm918706,The Sleepover,MOVIE,2020,103,"action, comedy, family",US,5.6,10399.0,9.88,6.5
ts243036,Selena: The Series,SHOW,2020,38,"drama, music",US,6.9,4505.0,45.91,7.5
tm831061,Magamuni,MOVIE,2019,157,"drama, thriller, crime",IN,7.8,2207.0,1.418,6.9
ts271247,LEGO City Adventures,SHOW,2019,13,"animation, action, comedy, family",US,6.7,194.0,7.24,7.4
ts255926,Dash & Lily,SHOW,2020,25,"drama, comedy, romance",US,7.5,16978.0,16.738,8.2
tm827216,Bill Burr: Paper Tiger,MOVIE,2019,67,comedy,"GB, US",8.1,10979.0,6.16,7.3
ts76382,Carmen Sandiego,SHOW,2019,25,"animation, action, thriller, family",US,7.9,5744.0,16.916,8.1
ts89282,Toy Boy,SHOW,2019,61,"drama, thriller, crime, action",ES,6.5,7526.0,23.996,7.7
tm497383,Sergio,MOVIE,2020,118,"drama, history, romance, documentation","JO, TH, US, AL",6.2,9698.0,11.893,6.7
tm475252,The Lift Boy,MOVIE,2019,107,"drama, comedy",IN,7.1,2666.0,1.422,6.8
tm887450,Made You Look: A True Story About Fake Art,MOVIE,2020,96,"documentation, crime",CA,7.0,4230.0,4.929,7.0
ts321758,Vagabond,SHOW,2019,63,"drama, thriller, romance, action",KR,8.2,7982.0,29.264,8.475
tm898474,The Swarm,MOVIE,2020,101,"horror, drama, fantasy, european",FR,5.3,6892.0,11.418,5.817
tm852097,A Whisker Away,MOVIE,2020,104,"fantasy, drama, romance, animation, family",JP,6.7,9818.0,64.583,8.0
tm471878,Fatima,MOVIE,2020,113,"drama, war","PT, US",6.5,3232.0,8.184,7.2
tm827142,Dave Chappelle: Sticks & Stones,MOVIE,2019,65,comedy,US,8.4,26075.0,7.885,7.646
ts256309,Aunty Donna's Big Ol House of Fun,SHOW,2020,20,comedy,AU,7.9,6318.0,4.316,7.5
ts219080,Caliphate,SHOW,2020,48,"drama, war, thriller, crime",SE,8.2,18134.0,12.662,7.3
ts256764,Heaven Official's Blessing,SHOW,2020,24,"scifi, drama, action, animation","CN, US",8.2,1475.0,7.437,8.6
tm828317,Tell Me Who I Am,MOVIE,2019,85,"thriller, documentation, drama",GB,7.6,14466.0,6.542,7.5
tm918734,Concrete Cowboy,MOVIE,2020,111,"western, drama","US, GB",6.3,8660.0,8.139,6.2
tm818502,"Live Twice, Love Once",MOVIE,2019,101,"comedy, drama, european",ES,7.2,6588.0,14.209,7.5
ts223308,Astronomy Club: The Sketch Show,SHOW,2019,20,comedy,US,6.9,598.0,1.4,7.2
tm490222,Uncorked,MOVIE,2020,104,"drama, comedy",US,6.4,5588.0,8.757,6.1
ts215178,Grand Army,SHOW,2020,52,drama,US,7.4,6723.0,9.697,8.0
ts213820,Next in Fashion,SHOW,2020,50,reality,US,7.3,3646.0,4.72,8.0
ts89326,Persona,SHOW,2019,22,drama,KR,6.6,1196.0,5.056,6.5
ts223759,Killer Inside: The Mind of Aaron Hernandez,SHOW,2020,67,"documentation, crime, sport",US,7.4,16934.0,7.173,7.4
tm452826,Poms,MOVIE,2019,91,"comedy, drama, sport","GB, US",6.0,6274.0,9.696,6.6
tm928541,Barbie: Princess Adventure,MOVIE,2020,71,"animation, family",US,5.5,474.0,79.617,7.3
tm858954,Nobody Sleeps in the Woods Tonight,MOVIE,2020,102,"horror, thriller, drama, romance, fantasy, european",PL,4.9,11603.0,91.502,5.0
tm845549,The Reason I Jump,MOVIE,2020,82,"documentation, drama","US, GB",7.5,835.0,2.638,7.2
tm432022,Violet Evergarden: The Movie,MOVIE,2020,140,"fantasy, animation, drama, romance",JP,8.3,6099.0,19.795,8.5
ts192440,Garth Brooks: The Road I'm On,SHOW,2019,86,"documentation, reality",US,7.4,287.0,0.699,10.0
ts225912,Biohackers,SHOW,2020,42,"drama, scifi, action, thriller",DE,6.8,9577.0,11.461,7.5
ts93066,The I-Land,SHOW,2019,40,"drama, scifi, reality",US,4.6,16918.0,16.064,5.66
tm475783,Jo Koy: Comin’ In Hot,MOVIE,2019,60,comedy,US,7.3,1049.0,2.53,7.1
ts219561,"The Mind, Explained",SHOW,2019,22,documentation,US,8.0,5312.0,9.751,7.8
tm452851,The Operative,MOVIE,2019,120,"thriller, drama, action","IL, US, FR, DE",5.7,6250.0,18.028,5.7
ts85480,Carole & Tuesday,SHOW,2019,24,"scifi, drama, animation, music",JP,7.8,2038.0,9.913,7.4
ts89958,Arthdal Chronicles,SHOW,2019,80,"drama, action, fantasy, history, romance",KR,8.3,4351.0,16.156,8.114
ts88485,Green Eggs and Ham,SHOW,2019,28,"animation, comedy, action, family, drama, fantasy, romance",US,8.1,2631.0,13.878,8.6
ts252856,Challenger: The Final Flight,SHOW,2020,45,"documentation, history",US,7.8,6927.0,14.707,7.1
tm465724,See You Yesterday,MOVIE,2019,86,"scifi, thriller, action, crime, drama",US,5.2,10725.0,7.583,5.6
tm849005,The Willoughbys,MOVIE,2020,92,"comedy, fantasy, animation, drama, family",CA,6.3,18662.0,22.543,7.1
ts225787,Unabomber: In His Own Words,SHOW,2020,44,"crime, documentation",US,7.2,3446.0,4.465,7.4
ts254592,Song Exploder,SHOW,2020,25,"documentation, music",US,7.4,776.0,1.366,8.0
ts218500,Dragons: Rescue Riders,SHOW,2019,24,"action, comedy, family, fantasy, animation, scifi",US,5.9,314.0,10.237,7.0
tm451512,Close,MOVIE,2019,95,"action, thriller, drama","US, GB",5.7,24755.0,17.405,5.82
ts224796,The Ghost Bride,SHOW,2020,51,drama,"TW, MY",6.2,739.0,7.036,7.0
tm369389,The Silence of Others,MOVIE,2019,95,"documentation, history, european","US, CA, FR, ES",8.0,2096.0,9.886,8.2
tm933375,Cuties,MOVIE,2020,96,"drama, european",FR,3.4,30338.0,10.271,5.3
tm471922,An Easy Girl,MOVIE,2019,92,"comedy, drama, european",FR,5.6,5045.0,16.345,5.6
tm465231,Nate Bargatze: The Tennessee Kid,MOVIE,2019,60,comedy,US,7.6,1835.0,2.578,7.5
tm922788,The Babysitter: Killer Queen,MOVIE,2020,101,"comedy, horror",US,5.8,38684.0,83.924,6.4
ts87473,7SEEDS,SHOW,2019,25,"scifi, drama, animation, romance, action, horror",JP,6.3,1420.0,32.402,8.0
ts89881,Mr. Iglesias,SHOW,2019,29,comedy,US,7.1,6857.0,7.974,7.7
ts237751,Gameboys,SHOW,2020,27,"drama, romance",PH,8.4,1118.0,8.164,8.5
ts104449,The Liberator,SHOW,2020,49,"action, drama, war, animation",US,7.5,6128.0,19.173,7.1
tm827501,Tall Girl,MOVIE,2019,101,"comedy, drama, romance, family",US,5.2,23452.0,25.358,6.4
tm936236,Cadaver,MOVIE,2020,86,"thriller, horror, drama","FI, NO",5.1,9860.0,39.028,5.6
ts251067,The Baby-Sitters Club,SHOW,2020,27,"comedy, drama, family",US,7.3,3966.0,29.598,8.0
ts223344,The Gift,SHOW,2019,43,"thriller, drama, scifi, fantasy",TR,7.0,21802.0,16.327,7.7
ts214861,Prank Encounters,SHOW,2019,23,"reality, comedy, horror, scifi",US,5.2,2728.0,15.251,7.3
tm120072,Let It Snow,MOVIE,2019,93,"romance, comedy",US,5.8,21828.0,14.599,6.101
ts93054,Trinkets,SHOW,2019,26,"drama, comedy, crime",US,7.0,10725.0,17.648,8.089
tm936396,Holidate,MOVIE,2020,104,"romance, comedy",US,6.1,63070.0,13.344,7.1
tm676311,Sightless,MOVIE,2020,89,"drama, thriller",US,5.5,8368.0,9.633,7.0
tm464351,The Last Thing He Wanted,MOVIE,2020,116,"thriller, crime, drama","GB, US",4.3,15238.0,12.128,4.9
tm493175,ZZ Top: That Little Ol' Band from Texas,MOVIE,2019,91,"music, documentation",GB,7.5,1732.0,4.222,7.5
ts237513,Ju-On: Origins,SHOW,2020,29,"drama, horror",JP,6.1,4546.0,20.607,6.8
ts87986,Dolly Parton's Heartstrings,SHOW,2019,66,"drama, music, comedy",US,7.6,2107.0,4.747,7.3
ts93611,October Faction,SHOW,2020,41,"horror, scifi, drama, fantasy",US,6.1,10961.0,8.382,6.8
ts85619,Hache,SHOW,2019,45,"crime, drama, thriller",ES,6.5,1638.0,14.23,6.6
tm283581,Super Deluxe,MOVIE,2019,176,"comedy, thriller, drama, action, crime",IN,8.4,13680.0,7.084,7.8
tm447439,System Crasher,MOVIE,2019,118,"drama, european",DE,7.8,12874.0,10.356,7.7
tm885775,Unbreakable Kimmy Schmidt: Kimmy vs. the Reverend,MOVIE,2020,80,"comedy, scifi, romance",US,6.9,5376.0,8.317,6.4
ts100359,Medical Police,SHOW,2020,24,comedy,US,5.9,4203.0,9.85,6.7
ts235862,My Unfamiliar Family,SHOW,2020,73,drama,KR,7.8,109.0,15.464,8.0
ts105608,Puerta 7,SHOW,2020,41,"crime, drama, thriller",AR,5.6,560.0,6.19,7.1
ts93482,The Last Kids on Earth,SHOW,2019,35,"animation, comedy, family, horror, scifi",US,7.2,1358.0,13.206,8.4
tm835486,Jenny Slate: Stage Fright,MOVIE,2019,66,"comedy, reality",US,5.8,1291.0,3.462,5.9
ts103360,The Barrier,SHOW,2020,53,"scifi, fantasy, thriller, action, drama, war",ES,6.8,3506.0,21.052,7.1
ts236501,Valeria,SHOW,2020,41,"comedy, drama, romance",ES,6.5,5701.0,24.53,7.5
tm511940,Lying and Stealing,MOVIE,2019,100,"crime, drama, comedy",US,5.4,5818.0,20.588,6.0
tm837756,I'm No Longer Here,MOVIE,2019,112,drama,"MX, US",7.3,7918.0,17.342,7.7
tm460829,Children of the Sea,MOVIE,2019,110,"thriller, animation, fantasy, action, scifi, drama, family",JP,6.5,2850.0,17.945,7.2
ts106126,The Bonfire of Destiny,SHOW,2019,50,"drama, history",FR,7.6,4560.0,10.26,7.4
tm877456,9to5: The Story of A Movement,MOVIE,2020,89,"documentation, history",US,7.4,238.0,1.777,6.8
ts190462,Gentefied,SHOW,2020,30,"comedy, drama",US,7.3,2697.0,3.205,7.8
tm459512,To All the Boys: P.S. I Still Love You,MOVIE,2020,102,"romance, comedy, drama",US,6.0,37471.0,38.468,6.898
ts225430,Mystic Pop-up Bar,SHOW,2020,70,"drama, scifi, comedy, fantasy",KR,8.0,2073.0,7.735,8.286
ts218888,BNA,SHOW,2020,24,"scifi, action, animation, fantasy",JP,7.2,2605.0,18.263,8.4
tm847998,Hubie Halloween,MOVIE,2020,103,"horror, comedy, thriller, fantasy",US,5.2,48575.0,18.454,6.0
ts88352,Designated Survivor: 60 Days,SHOW,2019,74,"thriller, war, drama, crime",KR,8.1,1274.0,7.252,8.4
tm931686,Vampires vs. the Bronx,MOVIE,2020,86,"comedy, horror",US,5.6,9815.0,11.147,5.9
ts237096,Trial by Media,SHOW,2020,62,"crime, documentation",US,7.1,3172.0,2.792,7.3
ts83810,Cannon Busters,SHOW,2019,24,"scifi, action, animation, fantasy","US, FR, JP",6.6,1200.0,4.263,6.4
tm461366,The Coldest Game,MOVIE,2019,104,"thriller, history, sport, european",PL,6.2,10749.0,9.345,6.2
tm467299,Anthony Jeselnik: Fire in the Maternity Ward,MOVIE,2019,64,comedy,US,7.2,3605.0,4.278,7.0
ts254537,"Good Morning, Verônica",SHOW,2020,45,"crime, drama, thriller",BR,7.5,3673.0,13.922,7.4
ts86413,AJ and the Queen,SHOW,2020,51,"comedy, drama",US,7.4,8129.0,10.486,7.7
ts252341,Chef's Table: BBQ,SHOW,2020,44,documentation,US,7.8,1006.0,3.433,7.9
ts90413,Gigantosaurus,SHOW,2019,13,animation,"FR, US",6.4,173.0,10.686,7.0
ts275111,Rainbow High,SHOW,2020,6,"comedy, family, animation",US,5.8,141.0,2.632,9.8
ts87008,Turn Up Charlie,SHOW,2019,27,"comedy, drama, music",GB,7.0,7431.0,5.235,7.2
tm855600,The Stand In,MOVIE,2020,97,"comedy, drama",US,4.7,3439.0,7.135,5.6
tm503508,Earthquake Bird,MOVIE,2019,107,"romance, thriller, crime, drama","GB, JP",5.9,14519.0,10.326,5.9
tm824165,Falling Inn Love,MOVIE,2019,98,"romance, comedy",US,5.6,19559.0,19.061,6.529
tm425698,The Wedding Guest,MOVIE,2019,96,thriller,"IN, GB",5.8,5678.0,6.608,5.7
tm446625,Miles Davis: Birth of the Cool,MOVIE,2019,116,"documentation, music",US,7.4,1771.0,4.877,7.4
ts225716,Family Business,SHOW,2019,33,"comedy, family",FR,7.4,4051.0,12.624,7.3
ts88312,The Eddy,SHOW,2020,58,"drama, music","FR, US",7.1,2926.0,8.046,6.6
ts222917,Kevin Hart: Don't F**k This Up,SHOW,2019,32,documentation,US,6.4,2020.0,1.443,6.2
tm850723,Altered Carbon: Resleeved,MOVIE,2020,75,"scifi, animation, crime, drama, thriller, action",JP,6.5,6127.0,81.179,6.5
tm855483,Have a Good Trip: Adventures in Psychedelics,MOVIE,2020,85,"documentation, comedy",US,6.8,7707.0,12.231,6.9
ts101408,The Mess You Leave Behind,SHOW,2020,45,"crime, drama, thriller",ES,6.7,9053.0,27.981,6.916
ts189629,"Nisman. The Prosecutor, the President and the Spy",SHOW,2019,62,"history, thriller, documentation, crime",AR,7.6,581.0,1.923,6.6
ts215378,Love 101,SHOW,2020,46,"drama, romance, comedy",TR,7.5,14206.0,14.642,8.1
tm524282,Invader ZIM: Enter the Florpus,MOVIE,2019,71,"drama, animation, action, family, fantasy, comedy, scifi, thriller, horror",US,7.4,5796.0,10.288,7.6
tm857051,Forensic,MOVIE,2020,134,"crime, thriller",IN,6.8,5124.0,5.848,6.6
ts223126,The Confession Killer,SHOW,2019,48,"crime, documentation",US,7.4,8984.0,4.44,7.3
ts90621,Kota Factory,SHOW,2019,39,"drama, comedy",IN,9.1,69316.0,9.584,8.3
tm451548,The Fable,MOVIE,2019,123,"comedy, action",JP,6.5,1838.0,3.501,6.5
tm469008,How High 2,MOVIE,2019,89,comedy,US,3.0,1123.0,17.294,6.6
tm816038,Violet Evergarden: Eternity and the Auto Memories Doll,MOVIE,2019,90,"family, animation, drama, fantasy",JP,7.4,4692.0,21.408,8.2
ts236725,Lenox Hill,SHOW,2020,48,documentation,US,8.6,2311.0,6.268,6.8
tm812916,The Stronghold,MOVIE,2020,105,"crime, thriller, action, european",FR,6.9,10013.0,100.742,7.479
ts255880,Dream Home Makeover,SHOW,2020,27,reality,US,5.6,1101.0,8.584,7.6
ts113637,The Alcàsser Murders,SHOW,2019,61,"documentation, crime",ES,7.1,2127.0,7.573,7.4
tm845535,Coded Bias,MOVIE,2020,86,documentation,"US, CN, GB",6.7,2311.0,3.365,7.3
tm447159,The Kindness of Strangers,MOVIE,2019,114,"drama, european","US, FR, SE, GB, DE, DK, CA",6.4,3747.0,8.158,6.5
ts89119,The Disappearance of Madeleine McCann,SHOW,2019,55,"crime, documentation",GB,6.6,10691.0,6.571,6.8
ts251617,Connected,SHOW,2020,44,"documentation, comedy",US,7.5,1724.0,4.812,8.2
ts103890,The InBESTigators,SHOW,2019,19,"comedy, crime, family",AU,8.1,804.0,7.564,8.8
tm938793,I Am Woman,MOVIE,2020,116,"drama, music, romance, history",AU,6.5,2296.0,15.377,6.9
tm897732,Bigfoot Family,MOVIE,2020,97,"animation, family","BE, FR",5.8,2723.0,12.91,7.1
tm924991,Death of Me,MOVIE,2020,95,"horror, thriller","US, TH",4.4,6176.0,36.207,5.0
ts277126,Black Space,SHOW,2020,46,"crime, drama, thriller",IL,6.7,1834.0,4.268,7.3
ts110703,Interior Design Masters,SHOW,2019,54,reality,GB,6.4,1420.0,3.167,6.9
ts84129,No Good Nick,SHOW,2019,29,"comedy, family, drama",US,5.9,2920.0,11.386,7.1
tm893799,Lost Bullet,MOVIE,2020,92,"thriller, action, crime","BE, FR",6.3,9479.0,12.144,6.7
ts237104,History 101,SHOW,2020,22,"documentation, history",GB,6.8,4100.0,7.172,7.0
tm430171,Screwball,MOVIE,2019,105,"history, documentation",US,7.1,1713.0,4.692,6.2
tm848996,Tigertail,MOVIE,2020,91,drama,US,6.6,3589.0,6.618,6.9
tm846964,A Fall from Grace,MOVIE,2020,120,"thriller, drama, fantasy",US,5.8,15341.0,13.235,7.091
tm902330,Ghosts of War,MOVIE,2020,94,"war, fantasy, horror, thriller",GB,5.5,9953.0,37.368,6.0
tm450478,Under the Eiffel Tower,MOVIE,2019,87,"romance, comedy",US,5.4,1031.0,4.634,5.9
ts89583,Trailer Park Boys: The Animated Series,SHOW,2019,25,"animation, comedy",CA,7.5,2983.0,12.449,7.3
ts238242,The Great Heist,SHOW,2020,42,"crime, drama, thriller",CO,7.3,2561.0,22.871,7.3
tm500565,Friendsgiving,MOVIE,2020,95,"comedy, drama",US,4.4,2875.0,6.446,4.6
tm887369,Jerry Seinfeld: 23 Hours to Kill,MOVIE,2020,60,comedy,US,6.7,5128.0,4.296,6.2
tm844642,Michelle Wolf: Joke Show,MOVIE,2019,59,comedy,US,7.2,1621.0,3.234,6.8
tm981451,Death to 2020,MOVIE,2020,71,comedy,"GB, US",6.8,38522.0,10.954,6.6
tm822832,Lingua Franca,MOVIE,2020,95,drama,"PH, US",6.5,698.0,2.528,6.1
ts236051,The Least Expected Day: Inside the Movistar Team 2019,SHOW,2020,30,"documentation, sport",ES,7.4,765.0,3.051,7.1
tm678851,Article 15,MOVIE,2019,130,"crime, drama, thriller",IN,8.2,33033.0,6.181,7.7
tm935895,The Life Ahead,MOVIE,2020,94,"drama, european","IT, US",6.8,14170.0,13.394,6.7
tm893816,Desperados,MOVIE,2020,105,"comedy, romance",US,5.2,10269.0,8.691,6.1
ts223238,My Holo Love,SHOW,2020,53,"drama, scifi, romance",KR,7.6,2511.0,24.845,8.6
ts88296,Ares,SHOW,2020,29,"thriller, horror, drama",NL,5.7,4389.0,7.928,6.9
ts86744,Romance Is a Bonus Book,SHOW,2019,63,"drama, comedy, romance",KR,8.0,5278.0,15.982,8.076
ts106141,The Chosen One,SHOW,2019,44,"thriller, drama",BR,5.7,701.0,7.873,8.2
tm860965,Dave Chappelle: The Kennedy Center Mark Twain Prize,MOVIE,2020,86,comedy,US,7.4,2179.0,5.378,7.3
tm890674,Becoming,MOVIE,2020,89,documentation,US,6.8,6349.0,9.982,7.5
ts189422,Home for Christmas,SHOW,2019,29,"comedy, drama, romance",NO,7.7,13794.0,8.298,7.3
tm447520,Sebastian Maniscalco: Stay Hungry,MOVIE,2019,65,comedy,US,7.0,1324.0,2.991,6.4
tm977997,Captain Underpants: Mega Blissmas,MOVIE,2020,46,"animation, comedy, family",US,5.2,160.0,18.41,5.8
ts89028,Delhi Crime,SHOW,2019,35,"drama, crime",IN,8.5,19158.0,11.392,8.2
ts187070,Pup Academy,SHOW,2019,27,"family, comedy",US,6.5,512.0,13.06,7.0
ts252122,The Possessed,SHOW,2020,9,"thriller, horror",KR,5.7,931.0,0.6,10.0
ts111206,Fast & Furious Spy Racers,SHOW,2019,24,"family, animation, action, drama, comedy, crime",US,5.7,1467.0,57.899,6.946
ts90995,1994,SHOW,2019,178,"documentation, history",MX,7.6,524.0,2.626,8.7
tm812998,Miracle in Cell No. 7,MOVIE,2019,132,drama,TR,8.2,47771.0,65.548,8.3
ts223192,Hospital Playlist,SHOW,2020,93,"drama, comedy",KR,8.8,5099.0,27.612,8.983
ts254600,The Playbook,SHOW,2020,34,"documentation, sport",US,7.4,1395.0,8.281,6.8
tm857430,The Occupant,MOVIE,2020,103,"thriller, european, horror, drama",ES,6.4,17289.0,8.774,6.3
ts226588,100 Humans: Life's Questions. Answered.,SHOW,2020,37,"documentation, reality",US,5.7,4055.0,3.447,6.4
ts242244,Japan Sinks: 2020,SHOW,2020,26,"action, scifi, animation, drama",JP,6.4,2992.0,11.82,7.3
ts268608,The Ripper,SHOW,2020,49,"documentation, crime",GB,7.1,9461.0,4.87,6.9
ts189405,Killer Ratings,SHOW,2019,50,"documentation, crime",BR,7.6,1711.0,3.109,7.6
tm452573,Gabriel Iglesias: One Show Fits All,MOVIE,2019,90,"comedy, documentation",US,7.2,1830.0,5.845,6.8
ts254916,The Cabin with Bert Kreischer,SHOW,2020,27,"comedy, reality",,6.6,1637.0,4.845,8.8
tm834664,Nikki Glaser: Bangin',MOVIE,2019,63,comedy,US,6.1,1669.0,4.226,6.6
ts251028,Detention,SHOW,2020,49,"drama, horror, thriller",TW,6.3,512.0,4.759,7.9
ts103213,Queen Sono,SHOW,2020,43,"thriller, action, crime, drama",ZA,5.9,1240.0,2.243,7.5
tm493511,The Sky Is Pink,MOVIE,2019,143,"family, drama, romance",IN,7.5,8664.0,6.395,7.8
ts268508,Alien Worlds,SHOW,2020,44,"documentation, scifi, animation",GB,6.5,3596.0,12.757,6.8
ts92547,Rise of Empires: Ottoman,SHOW,2020,45,"drama, history, war, documentation, action",TR,7.9,22274.0,14.297,7.2
ts88744,Losers,SHOW,2019,8,"documentation, sport, comedy, european",GB,7.6,1766.0,1.065,7.4
tm883441,Money Heist: The Phenomenon,MOVIE,2020,57,documentation,ES,7.4,3482.0,43.094,7.5
tm922532,Freaks – You're One of Us,MOVIE,2020,93,"fantasy, thriller, drama, action, scifi",DE,5.4,5809.0,11.865,5.7
ts217719,Basketball or Nothing,SHOW,2019,34,"documentation, sport",US,7.4,623.0,3.315,8.3
ts226602,How to Fix a Drug Scandal,SHOW,2020,53,"documentation, crime",US,7.0,3298.0,4.32,7.4
ts255104,Deaf U,SHOW,2020,19,"reality, documentation, drama",US,6.4,466.0,7.534,5.8
ts101060,Merry Happy Whatever,SHOW,2019,26,comedy,US,6.4,4542.0,4.855,6.6
ts222367,We Are the Wave,SHOW,2019,49,drama,DE,6.2,2687.0,8.768,6.0
ts86365,Rilakkuma and Kaoru,SHOW,2019,12,"animation, comedy, drama, family",JP,8.2,1616.0,8.237,7.4
tm453850,Time to Hunt,MOVIE,2020,135,"thriller, drama, action, scifi, crime",KR,6.3,5621.0,14.681,7.2
ts91124,Love Alarm,SHOW,2019,52,"scifi, drama, romance, comedy",KR,6.8,5534.0,106.624,8.5
ts222634,Nobody's Looking,SHOW,2019,26,"comedy, drama, fantasy",BR,7.7,2024.0,3.534,7.6
ts223589,"Sex, Explained",SHOW,2020,22,documentation,US,6.9,3215.0,63.817,6.6
tm472195,Almost Love,MOVIE,2019,94,"comedy, drama, romance",US,5.7,1133.0,4.298,6.4
ts317497,The Neighbor,SHOW,2019,29,"comedy, action",ES,6.5,2152.0,11.332,6.5
ts256783,We Are the Champions,SHOW,2020,32,documentation,US,7.1,1415.0,8.238,6.3
tm455059,We Die Young,MOVIE,2019,93,"thriller, drama, action, crime, european","BG, US",5.2,4181.0,17.605,6.9
tm893680,Jo Koy: In His Elements,MOVIE,2020,55,comedy,US,5.4,469.0,3.871,5.6
tm888080,The Last Days of American Crime,MOVIE,2020,149,"action, crime, thriller, scifi, drama",US,3.7,11465.0,9.916,6.7
tm854669,Taylor Tomlinson: Quarter-Life Crisis,MOVIE,2020,61,comedy,US,7.4,3791.0,4.627,7.266
ts222933,Who Killed Little Gregory?,SHOW,2019,60,"documentation, crime, thriller, drama",FR,7.4,2952.0,3.312,7.6
ts223982,Until Dawn,SHOW,2020,21,"reality, comedy",FR,2.4,149.0,1.727,2.8
ts89876,Lunatics,SHOW,2019,36,comedy,US,6.5,3179.0,3.871,6.2
ts218277,Apache: The Life of Carlos Tevez,SHOW,2019,47,"crime, drama, sport, thriller",AR,7.2,1616.0,15.604,7.6
ts315066,Vampires,SHOW,2020,40,"scifi, fantasy, horror, drama",FR,5.7,1289.0,14.702,7.5
ts223659,Jamtara – Sabka Number Ayega,SHOW,2020,27,"drama, crime",IN,7.2,6319.0,4.971,7.6
ts219422,When the Camellia Blooms,SHOW,2019,55,"drama, romance, thriller, comedy",KR,7.9,2459.0,9.96,8.4
tm458127,Human Nature,MOVIE,2019,107,"documentation, thriller",US,7.7,1608.0,3.416,7.2
ts225102,Record of Youth,SHOW,2020,73,"drama, romance",KR,7.2,2381.0,16.785,8.3
ts88336,Dating Around,SHOW,2019,27,"reality, romance",US,6.3,1208.0,5.019,5.5
ts102933,Les de l'hoquei,SHOW,2019,51,"drama, sport",ES,6.8,437.0,7.492,7.7
tm454375,Benchwarmers 2: Breaking Balls,MOVIE,2019,90,"comedy, sport",US,4.1,967.0,6.37,4.5
tm838687,Holiday in the Wild,MOVIE,2019,85,"romance, comedy, drama",US,6.1,15216.0,12.279,6.5
ts224072,Self Made: Inspired by the Life of Madam C.J. Walker,SHOW,2020,47,"drama, history",US,7.3,11711.0,10.598,7.5
ts254568,The Last Word,SHOW,2020,41,"drama, comedy",DE,7.0,961.0,4.113,6.7
tm848995,Jingle Jangle: A Christmas Journey,MOVIE,2020,122,"fantasy, music, family",US,6.4,18374.0,28.329,6.65
ts105192,The Unlisted,SHOW,2019,24,"scifi, thriller, family",AU,6.5,968.0,8.926,7.6
tm470560,Circus of Books,MOVIE,2019,92,"documentation, history",US,7.1,4624.0,7.515,6.9
ts219895,Tiny Pretty Things,SHOW,2020,56,"thriller, drama",US,5.9,9252.0,23.608,7.692
tm883189,Dangerous Lies,MOVIE,2020,96,"thriller, horror, drama, comedy, crime",US,5.3,16943.0,11.808,6.4
tm1127695,The Endless Trench,MOVIE,2019,148,"drama, history, thriller, war, action, european","ES, FR",7.2,6400.0,10.223,7.0
tm469400,Brené Brown: The Call to Courage,MOVIE,2019,76,"documentation, drama",US,7.7,1552.0,4.84,7.1
tm670553,Your Name Engraved Herein,MOVIE,2020,118,"drama, romance",TW,7.2,5938.0,9.885,8.2
tm942240,Dance of the Forty One,MOVIE,2020,99,"drama, history","BR, MX",6.8,4386.0,10.872,7.9
tm839411,Me Against You: Mr. S's Vendetta,MOVIE,2020,64,"comedy, family, european",IT,1.6,370.0,8.374,8.2
ts226468,Summertime,SHOW,2020,43,"drama, comedy, romance",IT,6.0,2732.0,54.788,6.9
tm823355,Inside Man: Most Wanted,MOVIE,2019,106,"action, thriller, crime",US,5.6,3967.0,19.139,6.6
ts110635,Luna Nera,SHOW,2020,45,"drama, fantasy, thriller, scifi",IT,5.9,2996.0,17.252,7.7
ts87224,Always a Witch,SHOW,2019,38,"scifi, drama, fantasy",CO,6.2,2474.0,18.361,7.1
ts192297,Morphle,SHOW,2019,10,"animation, family","NL, GB",5.2,83.0,0.832,10.0
tm857187,Tom Segura: Ball Hog,MOVIE,2020,70,comedy,US,7.3,2967.0,4.265,6.8
tm814671,Secret Obsession,MOVIE,2019,97,"drama, thriller",US,4.4,21578.0,18.658,5.5
ts87372,Ultramarine Magmell,SHOW,2019,24,"animation, action, fantasy",JP,6.0,627.0,10.92,7.0
ts93981,Monarca,SHOW,2019,44,drama,MX,7.8,3264.0,31.761,7.6
ts103209,Exhibit A,SHOW,2019,36,"documentation, thriller, crime, family",US,6.3,1055.0,7.419,7.4
ts218564,"Breakfast, Lunch & Dinner",SHOW,2019,44,documentation,US,6.7,1066.0,1.067,8.0
tm472411,Iron Fists and Kung Fu Kicks,MOVIE,2019,108,"documentation, history",AU,6.6,1146.0,6.234,7.0
tm826368,American Son,MOVIE,2019,90,drama,US,5.8,7004.0,7.334,6.1
tm824559,"Bikram: Yogi, Guru, Predator",MOVIE,2019,86,"crime, documentation",US,6.7,7525.0,8.238,6.4
tm376739,Bethany Hamilton: Unstoppable,MOVIE,2019,99,"documentation, sport",US,7.4,736.0,2.099,7.9
ts108593,The Unsettling,SHOW,2019,23,"crime, fantasy, horror, scifi, thriller",US,5.2,717.0,7.614,6.7
ts223948,The Goop Lab,SHOW,2020,33,"documentation, reality",,2.5,3333.0,2.106,3.2
ts223456,Pandemic: How to Prevent an Outbreak,SHOW,2020,48,documentation,US,6.3,2762.0,6.633,6.9
tm814644,Coffee & Kareem,MOVIE,2020,88,"crime, action, comedy",US,5.1,13535.0,11.17,5.5
tm458326,Walk. Ride. Rodeo.,MOVIE,2019,100,drama,US,6.4,2407.0,14.069,7.071
tm449594,Brother,MOVIE,2019,96,"drama, european",FR,6.7,1066.0,7.102,6.6
ts226617,The Innocence Files,SHOW,2020,64,"documentation, crime, drama",US,8.0,2622.0,3.368,7.4
tm454824,Silver Skates,MOVIE,2020,136,"history, romance, action, drama, family",RU,7.1,5946.0,13.837,7.9
ts270439,Best Leftovers Ever!,SHOW,2020,36,reality,US,5.6,526.0,1.467,6.8
tm853113,Thomas & Friends: Marvelous Machinery,MOVIE,2020,59,"fantasy, animation, action, family",,6.1,16.0,1.21,2.0
tm885805,Debt Collectors,MOVIE,2020,97,"action, comedy, crime",US,5.8,4347.0,15.007,6.1
ts91087,One Spring Night,SHOW,2019,47,"drama, romance",KR,7.9,2601.0,14.852,8.4
ts90645,Drug Squad: Costa del Sol,SHOW,2019,64,"drama, crime, action, thriller, romance",ES,6.7,571.0,5.835,7.0
tm453994,The Body Remembers When the World Broke Open,MOVIE,2019,105,"drama, european","NO, CA",6.9,757.0,3.842,7.3
ts104483,Typewriter,SHOW,2019,50,"thriller, horror, drama",IN,6.5,3887.0,7.08,6.6
ts106015,Kengan Ashura,SHOW,2019,25,"animation, action, sport",JP,8.0,4869.0,85.14,8.3
tm458328,Badla,MOVIE,2019,120,"thriller, crime, drama",IN,7.8,27539.0,10.588,7.4
tm470836,The Show Must Go On: The Queen + Adam Lambert Story,MOVIE,2019,81,"music, documentation",US,7.8,1979.0,5.053,7.5
tm840438,Mike Birbiglia: The New One,MOVIE,2019,85,comedy,,7.7,1845.0,1.696,7.4
ts89231,You vs. Wild,SHOW,2019,19,"reality, action",US,6.6,2606.0,3.864,6.7
tm495609,Game Over,MOVIE,2019,102,"drama, thriller, horror, scifi",IN,7.0,7402.0,3.286,6.3
ts105645,Historical Roasts,SHOW,2019,29,comedy,US,5.3,1716.0,1.408,5.6
tm833638,The Forest of Love,MOVIE,2019,151,"drama, crime, horror, thriller",JP,6.3,2522.0,13.715,6.5
ts288353,Omniscient,SHOW,2020,46,"scifi, drama, thriller",BR,6.5,2128.0,7.159,6.7
ts110637,Mortel,SHOW,2019,52,"horror, scifi, crime, drama, fantasy",FR,6.4,1452.0,8.205,7.5
tm453903,Elisa & Marcela,MOVIE,2019,118,"drama, romance, european",ES,6.6,4780.0,10.823,7.4
tm461829,The Hard Way,MOVIE,2019,94,action,US,4.8,3250.0,16.86,5.4
tm446581,The Edge of Democracy,MOVIE,2019,121,"documentation, history",BR,7.3,14758.0,6.333,7.8
tm831873,The Crimes That Bind,MOVIE,2020,99,"crime, drama, thriller",AR,6.7,3973.0,10.408,6.4
ts90063,Put Your Head on My Shoulder,SHOW,2019,41,"drama, comedy, romance",CN,8.0,2191.0,29.769,8.4
tm868777,"Love, Guaranteed",MOVIE,2020,90,"comedy, romance",US,5.6,17352.0,12.174,6.5
tm483997,The Kissing Booth 2,MOVIE,2020,134,"comedy, romance",GB,5.7,31123.0,57.949,7.793
tm838876,Undercover Brother 2,MOVIE,2019,85,"comedy, action",US,3.4,690.0,4.658,3.9
ts225718,La Révolution,SHOW,2020,46,"drama, thriller, action, fantasy",FR,6.6,5598.0,8.472,6.9
tm819054,Dear Mother,MOVIE,2020,98,"comedy, drama","BE, FR",5.8,1425.0,7.182,5.9
ts236388,The Circle France,SHOW,2020,47,reality,FR,7.4,719.0,1.33,8.7
ts216474,The Trial,SHOW,2019,50,"crime, thriller, drama",IT,7.2,3151.0,7.175,7.5
ts86927,Touch Your Heart,SHOW,2019,63,"drama, comedy, romance",KR,7.6,3252.0,22.161,8.419
tm915043,The F**k-It List,MOVIE,2020,103,comedy,US,5.1,5866.0,12.194,6.2
ts187443,The Minions of Midas,SHOW,2020,53,"crime, drama, thriller",ES,6.6,4134.0,17.311,7.0
tm827304,LEGO Marvel Spider-Man: Vexed by Venom,MOVIE,2019,21,"animation, action, comedy, family",US,5.6,311.0,9.62,7.2
tm954303,Ni de coña,MOVIE,2020,90,"comedy, european","CO, ES",2.8,387.0,4.509,4.8
ts217356,Betaal,SHOW,2020,47,"thriller, action, horror",IN,5.4,8998.0,7.04,6.6
ts213544,Rookie Historian Goo Hae-Ryung,SHOW,2019,43,"romance, comedy, drama, history",KR,8.1,2060.0,24.761,8.333
ts251061,Legend of Exorcism,SHOW,2020,20,"scifi, action, fantasy, animation",CN,7.7,93.0,16.041,9.5
tm467467,Homecoming: A Film by Beyoncé,MOVIE,2019,137,"documentation, music",US,7.5,7085.0,10.614,8.2
ts312044,Beyblade Burst Surge,SHOW,2020,23,animation,JP,8.3,30.0,7.501,9.7
ts221174,Ricky Zoom,SHOW,2019,12,"animation, family",CN,6.3,95.0,1.375,7.2
tm467848,NiNoKuni,MOVIE,2019,106,"family, fantasy, romance, animation, action",JP,6.1,3338.0,19.73,6.7
tm917974,Hard Kill,MOVIE,2020,98,"thriller, action",US,3.3,19750.0,13.322,5.1
tm848443,World Famous Lover,MOVIE,2020,156,"romance, drama",IN,5.0,3206.0,2.038,6.0
ts223895,"Hi Bye, Mama!",SHOW,2020,63,"scifi, comedy, drama, fantasy",KR,7.9,1639.0,27.87,8.1
tm917822,The 2nd,MOVIE,2020,93,"action, drama",US,3.8,8590.0,12.089,5.5
ts269501,BREAK IT ALL: The History of Rock in Latin America,SHOW,2020,50,"documentation, music",AR,7.6,1230.0,7.752,7.6
ts269442,The Surgeon's Cut,SHOW,2020,54,documentation,,8.5,1027.0,3.714,7.7
tm889018,Nobody Knows I'm Here,MOVIE,2020,91,"drama, music",CL,6.5,4148.0,12.69,6.9
tm843768,John Mulaney & The Sack Lunch Bunch,MOVIE,2019,70,"comedy, family",US,7.4,3532.0,5.581,7.1
tm846166,Pets United,MOVIE,2019,89,"comedy, animation","CN, DE, GB",3.7,2754.0,65.129,5.9
tm819107,Aziz Ansari: Right Now,MOVIE,2019,65,comedy,US,7.5,5161.0,4.989,7.4
tm886086,Seized,MOVIE,2020,85,"action, thriller",US,5.3,2270.0,12.92,6.6
tm847629,Dolly Parton: Here I Am,MOVIE,2019,89,"documentation, music",GB,7.3,1502.0,3.26,7.7
ts89048,My First First Love,SHOW,2019,48,drama,KR,7.5,2246.0,25.264,8.3
ts88937,Shadow,SHOW,2019,43,"crime, action, drama, thriller",ZA,6.5,969.0,1.143,6.5
ts82739,Women of the Night,SHOW,2019,47,"drama, crime","NL, BE",6.3,879.0,7.418,6.8
ts251615,(Un)Well,SHOW,2020,52,"documentation, reality",US,6.4,1068.0,3.075,6.7
ts89832,Abyss,SHOW,2019,63,"scifi, crime, fantasy, romance, comedy",KR,7.1,2324.0,15.15,8.3
ts216493,The Naked Director,SHOW,2019,50,"drama, comedy",JP,7.7,6147.0,252.688,7.5
tm375446,Asphalt Burning,MOVIE,2020,100,"comedy, action, european","NO, DE",5.1,2315.0,18.974,5.4
tm881859,A Secret Love,MOVIE,2020,83,"documentation, drama",US,7.8,4409.0,12.806,7.4
ts217891,SAINT SEIYA: Knights of the Zodiac,SHOW,2019,24,"animation, action, scifi, fantasy",US,4.5,1846.0,82.799,7.337
tm986700,All My Friends Are Dead,MOVIE,2020,95,"comedy, drama, thriller, crime",PL,5.8,6299.0,9.518,5.9
tm674099,Rose Island,MOVIE,2020,117,"drama, comedy",IT,7.0,20555.0,12.682,7.1
tm434830,The Grizzlies,MOVIE,2019,106,"drama, sport",CA,7.4,2194.0,4.171,7.6
ts88841,The School Nurse Files,SHOW,2020,51,"scifi, fantasy, comedy, drama",KR,6.4,1195.0,10.551,7.8
ts104840,Skylines,SHOW,2019,57,"crime, drama, music, documentation, reality",DE,7.5,2658.0,3.678,7.1
tm814734,Kidnapping Stella,MOVIE,2019,89,"crime, thriller",DE,4.9,6008.0,13.895,5.3
tm912373,Jim Jefferies: Intolerant,MOVIE,2020,66,comedy,US,7.2,2872.0,5.264,7.2
tm916997,Work It,MOVIE,2020,93,"comedy, music",US,6.1,13242.0,14.953,7.7
tm465408,Burning Cane,MOVIE,2019,77,drama,US,5.5,633.0,2.604,5.8
tm932595,A Babysitter's Guide to Monster Hunting,MOVIE,2020,94,"fantasy, family, comedy",US,5.4,4172.0,39.595,6.2
tm454156,In Family I Trust,MOVIE,2019,94,"romance, comedy, european",ES,6.2,3194.0,5.414,6.3
tm889679,Roped,MOVIE,2020,90,"drama, romance, family, comedy",US,5.4,1436.0,10.847,6.3
ts251560,Do Do Sol Sol La La Sol,SHOW,2020,60,"comedy, drama, music, romance",KR,7.3,1539.0,5.02,7.8
tm502151,A Remarkable Tale,MOVIE,2019,93,"comedy, drama, european",ES,5.3,1251.0,7.463,5.7
ts223242,Was It Love?,SHOW,2020,69,"drama, comedy, romance",KR,7.1,907.0,4.721,8.1
ts268099,LEGO Marvel Avengers: Climate Conundrum,SHOW,2020,39,"animation, family, action",US,6.5,80.0,4.271,4.3
tm927286,Making The Witcher,MOVIE,2020,37,documentation,GB,6.8,456.0,19.659,7.6
tm881162,Athlete A,MOVIE,2020,104,"documentation, crime, sport",US,7.6,10861.0,11.88,7.7
tm319139,Saaho,MOVIE,2019,171,"thriller, action, crime, drama, romance",IN,5.0,19610.0,7.256,6.1
tm461159,Trouble,MOVIE,2019,88,"action, family, comedy, music, animation",CA,5.8,3281.0,17.173,6.7
tm305433,Rocko's Modern Life: Static Cling,MOVIE,2019,45,"animation, comedy, family, fantasy, scifi, action",US,6.9,3865.0,10.256,6.5
tm980097,Holiday on Mars,MOVIE,2020,93,"scifi, comedy",IT,2.7,583.0,6.491,3.4
tm485801,So My Grandma's a Lesbian!,MOVIE,2019,94,"comedy, romance, european","ES, PT",4.3,1122.0,6.736,5.3
ts253722,Sing On!,SHOW,2020,36,"reality, music",US,6.4,399.0,2.441,8.5
ts268890,Lovestruck in the City,SHOW,2020,30,"drama, romance",KR,7.6,2372.0,18.949,7.763
ts114080,Twice Upon a Time,SHOW,2019,48,"drama, romance, scifi, thriller, comedy",FR,6.2,1020.0,13.245,6.6
ts251512,Immigration Nation,SHOW,2020,63,documentation,US,7.4,1112.0,9.729,7.0
ts90356,Terrace House: Tokyo 2019-2020,SHOW,2019,45,"reality, drama",JP,7.4,706.0,9.3,7.1
ts222325,Magical Andes,SHOW,2019,34,documentation,DE,7.8,538.0,1.813,8.7
ts89291,Mythomaniac,SHOW,2019,46,"comedy, drama",FR,6.8,1303.0,3.965,6.3
ts225544,The Trials of Gabriel Fernandez,SHOW,2020,55,"crime, documentation",US,8.1,11276.0,9.821,7.5
tm836662,Go!,MOVIE,2020,102,"family, sport",AU,5.9,2913.0,9.409,6.8
ts251618,Tiny Creatures,SHOW,2020,25,"documentation, drama, family",GB,5.0,1241.0,6.667,6.9
ts85451,45 RPM,SHOW,2019,57,"drama, music",ES,7.1,513.0,3.804,6.9
tm457856,ReMastered: The Two Killings of Sam Cooke,MOVIE,2019,74,"documentation, music",,7.2,2269.0,3.611,6.9
ts226403,The Circle Brazil,SHOW,2020,50,reality,BR,6.8,785.0,2.586,7.3
ts90902,Search: WWW,SHOW,2019,63,"drama, comedy, family, romance",KR,7.8,1405.0,24.844,8.4
tm464435,Grass Is Greener,MOVIE,2019,97,documentation,US,7.1,1345.0,2.882,6.9
ts218176,The Big Show Show,SHOW,2020,26,"comedy, family",US,6.3,2426.0,8.046,7.5
ts222380,Brotherhood,SHOW,2019,51,"drama, action, crime, thriller",BR,7.5,1356.0,7.195,8.6
ts236653,Cooked With Cannabis,SHOW,2020,35,reality,US,6.6,351.0,1.517,10.0
ts252166,Private Lives,SHOW,2020,67,"crime, thriller, drama, action, comedy, romance",KR,6.6,620.0,8.209,6.4
tm823488,David Foster: Off the Record,MOVIE,2019,98,documentation,CA,7.0,577.0,3.314,7.0
tm816992,Double World,MOVIE,2020,110,"fantasy, action","CN, HK",6.1,4160.0,14.66,6.7
ts255809,Carmel: Who Killed Maria Marta?,SHOW,2020,58,"documentation, crime",AR,7.0,2463.0,33.319,7.5
ts237208,The Big Flower Fight,SHOW,2020,39,reality,"US, GB",7.4,1206.0,3.011,6.9
ts88271,Flavorful Origins,SHOW,2019,12,documentation,CN,7.6,603.0,7.066,8.3
ts256853,The King's Avatar,SHOW,2019,36,"action, fantasy",CN,8.2,1135.0,17.297,9.0
ts87320,Can You Hear Me?,SHOW,2019,23,"comedy, drama",CA,7.6,697.0,6.936,9.0
tm451502,Kolaiyuthir Kaalam,MOVIE,2019,109,"horror, thriller, drama",IN,2.6,411.0,4.14,4.2
tm884369,"Best Wishes, Warmest Regards: A Schitt's Creek Farewell",MOVIE,2020,44,documentation,CA,8.6,1445.0,3.016,8.9
tm454096,Only Mine,MOVIE,2019,87,"drama, thriller",US,4.6,3165.0,14.846,5.3
tm850454,Tom Papa: You're Doing Great!,MOVIE,2020,60,comedy,US,7.2,866.0,4.955,6.1
ts251272,Skin Decision: Before and After,SHOW,2020,40,reality,US,5.8,413.0,1.408,8.0
tm814150,How I Became a Super Hero,MOVIE,2020,97,"action, comedy, drama, fantasy, thriller",FR,5.8,5194.0,125.201,6.2
ts90980,It's Bruno!,SHOW,2019,3,"comedy, animation",US,7.4,2922.0,3.208,6.9
ts185885,Oktoberfest: Beer & Blood,SHOW,2020,48,"drama, history, thriller",DE,6.8,2177.0,6.856,7.0
tm864480,Unknown Origins,MOVIE,2020,96,"crime, drama, thriller, comedy, action","AR, ES",6.1,6769.0,8.534,6.1
ts227412,Shaun the Sheep: Adventures from Mossy Bottom,SHOW,2020,12,"animation, comedy, family",GB,8.1,572.0,3.911,8.8
ts91741,Three Days of Christmas,SHOW,2019,58,drama,,6.8,1249.0,5.236,6.8
tm518467,Dragon Rider,MOVIE,2020,91,"animation, comedy, family, fantasy, action, european","ES, BE, DE",5.6,1597.0,14.144,7.3
ts254293,The American Barbecue Showdown,SHOW,2020,43,reality,US,7.1,1207.0,9.677,6.2
tm844250,Ala Vaikunthapurramuloo,MOVIE,2020,165,"action, drama, comedy",IN,7.3,17029.0,9.691,6.8
tm816593,"Frankenstein's Monster's Monster, Frankenstein",MOVIE,2019,32,comedy,US,5.8,2198.0,4.051,6.0
ts251119,Hook,SHOW,2020,43,"drama, romance, sport",TH,6.5,25.0,2.137,6.3
ts237111,Almost Happy,SHOW,2020,27,comedy,AR,6.8,934.0,4.813,7.2
ts233530,Win the Wilderness: Alaska,SHOW,2020,59,"documentation, reality",,6.9,739.0,1.889,7.0
tm366245,Drive,MOVIE,2019,147,"thriller, crime, drama, action",IN,3.1,7671.0,19.937,5.4
tm948100,Footfairy,MOVIE,2020,115,"crime, thriller",IN,4.9,358.0,1.021,5.0
tm857399,Marc Maron: End Times Fun,MOVIE,2020,71,"comedy, documentation",US,6.8,1934.0,2.864,7.0
tm941382,Stand by Me Doraemon 2,MOVIE,2020,96,"scifi, animation, comedy, drama, family, fantasy",JP,7.5,3791.0,17.83,7.6
tm571805,Otherhood,MOVIE,2019,100,comedy,"US, GB",6.1,11275.0,9.31,6.2
tm931330,BLACKPINK: Light Up the Sky,MOVIE,2020,79,"documentation, music",US,7.3,6427.0,10.809,8.4
ts351349,Street Food: Latin America,SHOW,2020,35,documentation,US,7.8,1313.0,8.231,7.2
tm494731,Sextuplets,MOVIE,2019,97,comedy,US,4.4,8528.0,27.608,6.3
tm470378,ReMastered: Devil at the Crossroads,MOVIE,2019,48,"documentation, music",US,7.0,2748.0,9.663,6.9
tm1081074,Justine,MOVIE,2019,105,drama,US,6.7,719.0,2.418,6.8
ts105601,Archibald's Next Big Thing,SHOW,2019,23,"family, fantasy, scifi, animation, comedy, action",US,7.5,289.0,6.453,8.0
ts269844,Paava Kadhaigal,SHOW,2020,37,"drama, family",IN,8.1,6710.0,1.4,8.1
ts101874,Frontera Verde,SHOW,2019,41,"crime, drama, thriller, scifi",CO,7.2,2523.0,8.869,6.8
ts89656,The Legend of White Snake,SHOW,2019,46,"drama, scifi, fantasy",CN,7.3,237.0,8.369,8.2
tm452962,Eye for an Eye,MOVIE,2019,107,"drama, thriller, crime, action, european","US, FR, ES",6.6,7625.0,10.68,6.7
ts217389,Masaba Masaba,SHOW,2020,28,"comedy, drama",IN,6.7,1760.0,8.408,9.0
ts236332,Absurd Planet,SHOW,2020,20,documentation,US,3.9,1483.0,10.16,5.9
ts85510,Rhythm + Flow,SHOW,2019,56,"reality, music",US,7.6,1600.0,4.572,8.2
ts187386,My Perfect Landing,SHOW,2020,25,family,CA,6.4,175.0,5.31,9.2
tm894619,Feel the Beat,MOVIE,2020,107,"comedy, drama, family","US, CA",6.3,10967.0,18.004,7.7
tm458893,"Oh, Ramona!",MOVIE,2019,109,"comedy, romance, european",RO,4.8,8895.0,20.224,5.7
tm897170,Furie,MOVIE,2019,98,"thriller, drama, horror",FR,5.6,2766.0,12.402,5.8
ts254767,"Whose Vote Counts, Explained",SHOW,2020,25,documentation,,7.3,1158.0,4.924,7.6
tm449590,Rattlesnake,MOVIE,2019,85,"horror, thriller, crime, drama",US,4.6,8629.0,14.704,5.2
tm884581,Rich in Love,MOVIE,2020,104,"comedy, romance, music",BR,6.0,2687.0,15.16,7.8
ts104168,El Dragón: Return of a Warrior,SHOW,2019,45,"action, drama",US,6.8,1872.0,36.514,7.4
ts221363,Criminal: Germany,SHOW,2019,44,"drama, crime",DE,7.6,5209.0,6.928,7.1
ts222049,Who Killed Malcolm X?,SHOW,2019,43,"crime, history, documentation",US,7.6,2152.0,2.1,7.5
tm898262,Coven,MOVIE,2020,92,"drama, history, thriller, horror, action","ES, FR, AR",6.4,4754.0,7.981,6.752
tm462611,Ready to Mingle,MOVIE,2019,97,"romance, comedy",MX,5.9,2370.0,9.653,6.8
tm844513,M8 - When Death Rescues Life,MOVIE,2019,84,"thriller, drama",BR,7.0,630.0,2.772,7.8
tm854876,Out of My League,MOVIE,2020,90,"romance, comedy, drama, european",IT,6.1,2734.0,12.019,7.0
ts237071,The Forest of Love: Deep Cut,SHOW,2020,40,"drama, crime, horror, thriller",JP,6.8,453.0,6.072,7.0
tm987599,Best of Stand-up 2020,MOVIE,2020,76,comedy,US,5.4,632.0,5.473,5.9
tm462778,Jimmy Carr: The Best of Ultimate Gold Greatest Hits,MOVIE,2019,58,comedy,US,7.3,2325.0,4.353,6.9
tm890660,The Paramedic,MOVIE,2020,94,"thriller, action, crime, drama",ES,5.7,12396.0,11.497,6.1
tm421560,Let's Dance,MOVIE,2019,109,"drama, comedy, music, family","BE, FR",5.9,1412.0,6.772,6.5
tm857397,A Life of Speed: The Juan Manuel Fangio Story,MOVIE,2020,92,"documentation, sport",AR,6.9,1854.0,5.826,7.2
tm472766,Kardec,MOVIE,2019,110,drama,BR,6.1,1543.0,9.57,6.7
tm460360,4 latas,MOVIE,2019,105,"comedy, drama, european","ES, FR",5.9,3268.0,7.463,5.8
tm973536,Kevin Hart: Zero F**ks Given,MOVIE,2020,69,comedy,US,6.0,3422.0,5.211,7.0
ts191121,Reality Z,SHOW,2020,31,"comedy, horror, scifi",BR,5.6,2487.0,11.161,6.8
ts213232,Awake: The Million Dollar Game,SHOW,2019,38,reality,US,5.9,783.0,0.706,6.2
tm462660,Inhuman Kiss,MOVIE,2019,122,"horror, drama, romance",TH,6.4,1783.0,11.895,6.3
ts251378,Mystery Lab,SHOW,2020,26,"comedy, family, documentation, animation",BR,7.4,782.0,1.858,7.4
ts218890,Drifting Dragons,SHOW,2020,24,"animation, action, scifi, fantasy",JP,6.0,591.0,6.905,7.7
ts88552,Go! Live Your Way,SHOW,2019,40,"drama, romance, comedy, family",AR,6.7,641.0,26.206,9.1
ts87361,Back with the Ex,SHOW,2019,45,"reality, comedy",AU,6.2,632.0,1.4,8.3
ts296153,Ashley Garcia: Genius in Love,SHOW,2020,29,comedy,US,6.7,1211.0,11.279,7.8
tm946604,What We Wanted,MOVIE,2020,94,drama,AT,5.9,1808.0,4.668,6.0
tm514257,The Legacy of the Bones,MOVIE,2019,121,"crime, thriller, european",ES,6.3,8876.0,11.988,6.6
tm933826,Serious Men,MOVIE,2020,115,"drama, comedy",IN,6.8,7505.0,2.765,7.0
tm835432,Sky High,MOVIE,2020,121,"action, crime, thriller, drama, european",ES,5.6,3532.0,27.138,6.217
tm933447,Michael McIntyre: Showman,MOVIE,2020,62,comedy,,7.1,1255.0,2.023,7.7
tm453098,Svaha: The Sixth Finger,MOVIE,2019,122,"thriller, crime, horror",KR,6.2,3947.0,12.74,6.6
ts270465,SanPa: Sins of the Savior,SHOW,2020,60,"documentation, history, crime",IT,7.8,1526.0,1.775,7.6
tm886283,Legacy of Lies,MOVIE,2020,101,"thriller, action","NL, PL, UA, GB, US",5.0,3493.0,10.179,5.6
ts214192,El Final del Paraíso,SHOW,2019,50,"drama, action",MX,5.1,221.0,105.774,4.0
tm920096,Definition Please,MOVIE,2020,91,"drama, comedy",,5.5,168.0,1.785,1.0
ts250871,The Business of Drugs,SHOW,2020,43,"documentation, crime",US,7.2,1671.0,5.588,7.0
ts252141,Alien TV,SHOW,2020,24,"family, animation, comedy",AU,6.1,299.0,9.927,6.6
ts87488,Malibu Rescue: The Series,SHOW,2019,24,"comedy, family, action",US,5.4,993.0,12.306,7.7
ts222606,Black Dog,SHOW,2019,80,"drama, action",KR,7.6,176.0,5.171,9.1
tm475501,Wanda Sykes: Not Normal,MOVIE,2019,66,comedy,US,7.2,1842.0,3.26,6.8
tm464888,Love Aaj Kal,MOVIE,2020,141,"romance, comedy, drama",IN,6.8,16075.0,3.983,6.1
tm880059,All Day and a Night,MOVIE,2020,121,drama,US,5.9,3752.0,7.586,6.2
tm933639,Wish Upon a Unicorn,MOVIE,2020,93,"fantasy, family",US,5.3,183.0,22.103,7.1
tm675171,The Black Godfather,MOVIE,2019,118,"documentation, music",US,7.4,1363.0,3.454,6.8
ts314648,The Witcher: A Look Inside the Episodes,SHOW,2020,6,documentation,GB,7.1,158.0,9.73,5.3
ts214579,Dino Girl Gauko,SHOW,2019,9,"fantasy, scifi, animation, comedy, family",JP,6.9,71.0,5.127,9.0
ts270742,Korean Pork Belly Rhapsody,SHOW,2020,48,documentation,KR,7.8,67.0,2.067,8.5
ts228502,The Iliza Shlesinger Sketch Show,SHOW,2020,19,comedy,US,4.9,923.0,1.96,8.0
tm455410,Grand-Daddy Day Care,MOVIE,2019,91,"comedy, family",FR,4.9,875.0,6.649,6.6
ts214462,The Queen and the Conqueror,SHOW,2020,46,"drama, history",CO,6.5,178.0,3.778,10.0
ts104485,The Stranded,SHOW,2019,49,"drama, action",TH,6.2,1279.0,14.772,7.2
ts214280,You Cannot Hide,SHOW,2019,45,"action, crime",MX,6.4,1121.0,33.416,7.1
tm450673,The Last Laugh,MOVIE,2019,98,comedy,US,5.6,5859.0,9.83,5.4
tm855827,Pete Davidson: Alive from New York,MOVIE,2020,49,comedy,US,6.1,4212.0,4.737,6.1
tm1108868,Sin City,MOVIE,2019,101,"thriller, drama",,3.1,32.0,1.43,3.7
tm812781,Katherine Ryan: Glitter Room,MOVIE,2019,65,comedy,US,6.7,1956.0,2.821,6.8
ts88133,Well-Intended Love,SHOW,2019,45,"drama, romance",CN,7.2,1466.0,14.059,7.8
tm494531,Seventeen,MOVIE,2019,99,"drama, european",ES,7.2,3940.0,7.786,7.3
ts89361,The Idhun Chronicles,SHOW,2020,27,"action, scifi, animation, fantasy",ES,5.3,568.0,9.044,7.5
ts268758,Mismatched,SHOW,2020,33,"comedy, drama, romance",IN,5.5,3712.0,3.402,6.8
tm912400,Jack Whitehall: I'm Only Joking,MOVIE,2020,58,comedy,GB,6.6,1519.0,3.128,6.1
tm465513,Bulletproof 2,MOVIE,2020,97,"action, comedy, drama",US,3.5,615.0,12.219,6.7
tm944331,Shawn Mendes: In Wonder,MOVIE,2020,83,"documentation, music",US,6.4,2049.0,10.122,8.2
ts236769,"Coronavirus, Explained",SHOW,2020,23,documentation,US,7.6,2254.0,5.929,7.4
tm823302,Alice Júnior,MOVIE,2019,90,"romance, comedy, drama, animation",BR,6.8,541.0,2.977,6.8
tm496648,School Life,MOVIE,2019,111,"drama, comedy, european",FR,6.5,2592.0,11.031,7.0
tm430106,El Pepe: A Supreme Life,MOVIE,2019,74,documentation,"RS, UY, AR",7.1,1887.0,4.752,7.5
ts306187,Family Reunion,SHOW,2019,29,"comedy, family",US,6.4,2632.0,18.784,8.6
ts236182,Brews Brothers,SHOW,2020,28,"comedy, drama",US,5.1,1966.0,2.033,5.2
ts188840,Seis Manos,SHOW,2019,27,"crime, drama, fantasy, animation, action",US,7.1,1607.0,9.498,6.9
ts268648,Anitta: Made in Honório,SHOW,2020,30,"documentation, music",BR,6.9,409.0,2.634,5.5
tm817542,Hikaru Utada Laughter in the Dark Tour 2018,MOVIE,2019,141,"music, documentation, comedy",JP,8.2,92.0,2.275,8.0
tm918043,Raat Akeli Hai,MOVIE,2020,149,"crime, thriller, drama",IN,7.3,17570.0,4.929,7.2
tm454861,Patria,MOVIE,2019,89,"documentation, history, war",MX,7.2,105.0,2.152,6.6
tm450698,The Ruthless,MOVIE,2019,111,"crime, drama, european","FR, IT",6.2,6237.0,12.973,6.2
ts103935,Bolívar: Una lucha admirable,SHOW,2019,52,"action, drama, romance",CO,7.3,760.0,28.05,7.6
tm889629,Lady Driver,MOVIE,2020,104,"drama, sport",US,5.7,1538.0,13.497,6.3
tm895839,Under the Riccione Sun,MOVIE,2020,101,"romance, comedy, drama",IT,5.5,2463.0,13.561,6.2
ts89696,Tijuana,SHOW,2019,41,"drama, crime",MX,6.9,333.0,3.965,7.7
ts190452,Stolen Away,SHOW,2020,48,"thriller, action, crime, drama",ES,7.1,2344.0,14.787,7.1
ts215869,Extreme Engagement,SHOW,2019,38,"reality, documentation",,5.6,384.0,1.128,8.0
ts90280,Yankee,SHOW,2019,38,"drama, crime",MX,5.8,701.0,8.38,6.6
tm474548,Good Sam,MOVIE,2019,90,"romance, drama, comedy",US,5.7,2951.0,8.029,6.0
tm946718,Funny Boy,MOVIE,2020,109,drama,"CA, LK",6.4,913.0,1.489,6.0
ts100354,Monzón: A Knockout Blow,SHOW,2019,45,"sport, crime, drama, history",AR,7.9,744.0,3.878,8.3
ts88471,Girls from Ipanema,SHOW,2019,46,"drama, romance",BR,7.8,3483.0,10.758,7.2
tm466255,Kevin Hart: Irresponsible,MOVIE,2019,60,comedy,US,6.5,4506.0,6.514,6.7
tm832903,Airplane Mode,MOVIE,2020,96,"comedy, drama, romance",BR,5.1,2603.0,11.49,6.3
tm450832,Paradise Beach,MOVIE,2019,93,"action, thriller, crime, drama, european",FR,4.6,2242.0,12.684,5.2
tm450462,Petta,MOVIE,2019,172,"action, drama",IN,7.3,9778.0,6.578,7.1
tm882887,LA Originals,MOVIE,2020,92,documentation,"US, AR",7.2,1820.0,7.016,7.1
ts86928,The Crowned Clown,SHOW,2019,75,"drama, action, history, romance",KR,8.0,938.0,6.289,8.7
tm960414,A California Christmas,MOVIE,2020,106,"romance, comedy, drama",US,5.8,9831.0,11.246,6.4
ts90640,The Writer,SHOW,2019,37,"drama, crime",LB,8.2,32.0,1.771,10.0
tm945168,Secrets of the Saqqara Tomb,MOVIE,2020,113,"documentation, history","EG, US",7.2,6326.0,12.143,7.4
ts84639,revisions,SHOW,2019,23,"animation, action, scifi",JP,5.9,612.0,4.35,7.0
ts251094,Indian Matchmaking,SHOW,2020,36,"reality, documentation, romance","US, IN",6.2,3085.0,3.863,8.8
tm466954,Alien Warfare,MOVIE,2019,88,"action, scifi, thriller",US,2.6,3527.0,18.55,4.1
ts86940,COMEDIANS of the world,SHOW,2019,30,comedy,,6.5,450.0,3.703,6.7
ts89315,Huge in France,SHOW,2019,31,comedy,FR,6.7,2832.0,1.672,5.4
tm413558,Funan,MOVIE,2019,82,"drama, history, war, animation, european","FR, LU, BE, KH",6.8,935.0,3.37,7.0
ts87698,Examination of Conscience,SHOW,2019,52,"documentation, crime, history",ES,7.8,427.0,2.183,8.8
tm679284,The Knight Before Christmas,MOVIE,2019,92,"comedy, drama, fantasy, romance",US,5.5,17862.0,15.628,6.5
tm925858,Black Beach,MOVIE,2020,115,"drama, fantasy, action, thriller","US, BE, ES",5.6,1572.0,6.955,6.0
tm972010,Hospital,MOVIE,2020,89,"horror, thriller",TW,3.1,383.0,8.015,6.0
tm483420,Ella Fitzgerald: Just One of Those Things,MOVIE,2019,89,"documentation, music",GB,6.9,447.0,2.938,7.1
ts91034,Leila,SHOW,2019,46,"scifi, war, drama",IN,4.9,8906.0,2.799,7.0
tm821164,Enter the Anime,MOVIE,2019,58,documentation,"US, JP",2.6,1647.0,4.75,5.7
tm514494,Offering to the Storm,MOVIE,2020,139,"crime, thriller, european","DE, ES",6.2,6391.0,18.674,6.5
ts87489,Trigger Warning with Killer Mike,SHOW,2019,26,"documentation, comedy",US,6.9,1254.0,1.353,7.1
tm825102,Our Planet: Behind the Scenes,MOVIE,2019,63,documentation,"US, GB",8.3,1723.0,10.121,7.8
ts217045,Levius,SHOW,2019,25,"animation, action, scifi",JP,6.9,539.0,7.629,7.9
ts235979,The Victims' Game,SHOW,2020,59,"drama, crime, thriller",TW,7.3,1408.0,3.275,7.5
ts88169,Possessed,SHOW,2019,64,"thriller, drama, comedy, crime, horror, romance",KR,6.7,784.0,8.09,7.5
ts256297,The Devil Punisher,SHOW,2020,70,"scifi, fantasy, romance",TW,5.8,161.0,5.671,9.0
tm932609,The Binding,MOVIE,2020,93,"horror, thriller, drama",IT,4.8,4203.0,31.54,5.4
tm447755,Back of the Net,MOVIE,2019,86,"drama, family, comedy",AU,5.1,704.0,9.121,6.8
tm448767,Knock Down the House,MOVIE,2019,86,documentation,US,7.2,12496.0,8.876,7.4
tm462277,Romeo Akbar Walter,MOVIE,2019,139,"thriller, action, drama",IN,6.6,5773.0,5.086,6.5
ts252661,La Línea: Shadow of Narco,SHOW,2020,30,"documentation, crime",ES,6.4,394.0,11.722,6.7
tm814894,Parchís: the Documentary,MOVIE,2019,105,"documentation, music",ES,6.8,542.0,2.838,6.7
ts256606,Trial 4,SHOW,2020,55,"documentation, crime",US,7.4,2083.0,6.71,7.1
tm843276,Memories of a Teenager,MOVIE,2019,93,drama,AR,6.5,816.0,10.489,7.9
tm949267,Notes for My Son,MOVIE,2020,83,drama,AR,6.4,928.0,5.006,7.6
tm919106,Rising Phoenix,MOVIE,2020,105,"documentation, sport",GB,8.1,1683.0,9.54,8.2
tm494847,Made in China,MOVIE,2019,128,"comedy, drama, romance, thriller, crime, european",IN,6.2,4382.0,4.416,6.5
ts254817,A Perfect Crime,SHOW,2020,43,"documentation, crime",DE,7.3,1394.0,6.559,7.6
ts215166,Scams,SHOW,2019,24,"action, crime, drama",JP,6.4,384.0,3.322,6.8
tm943718,Operation Christmas Drop,MOVIE,2020,95,"romance, family, comedy",US,5.8,11444.0,8.102,6.5
ts251621,World's Most Wanted,SHOW,2020,47,"documentation, crime",US,7.1,2532.0,3.723,8.0
tm837690,Eeb Allay Ooo!,MOVIE,2020,97,"drama, comedy",IN,7.2,1586.0,2.007,8.0
tm484989,The Influence,MOVIE,2019,99,"documentation, horror, european",ES,4.6,3738.0,15.659,4.8
ts216513,The Healing Powers of Dude,SHOW,2020,25,"family, fantasy, action, comedy, drama",,6.4,902.0,10.053,7.2
tm879609,Brave Blue World,MOVIE,2019,50,documentation,"CA, GB",6.7,791.0,5.305,6.5
tm897418,DNA,MOVIE,2020,90,"drama, history",FR,5.9,1052.0,5.874,6.2
tm863890,Rising High,MOVIE,2020,94,"comedy, drama",DE,5.9,5029.0,10.793,6.7
tm420181,Spelling the Dream,MOVIE,2020,82,documentation,US,6.9,720.0,2.957,7.7
tm847623,Rogue Warfare: Death of a Nation,MOVIE,2020,103,"war, action",US,3.3,380.0,3.373,4.8
tm925218,Monster Run,MOVIE,2020,104,"fantasy, scifi, thriller, action, drama","CN, HK",5.2,417.0,4.601,4.8
ts188991,Someone Has to Die,SHOW,2020,50,"drama, thriller, crime","ES, MX",6.3,4841.0,9.426,7.3
ts90511,Crime Diaries: Night Out,SHOW,2019,44,crime,MX,7.3,865.0,11.376,7.3
tm977464,Youth v Gov,MOVIE,2020,110,documentation,,6.7,70.0,1.841,10.0
ts191285,The Prince of Tennis,SHOW,2019,45,"drama, sport",CN,7.6,216.0,3.97,9.2
tm946360,Really Love,MOVIE,2020,95,"romance, drama",US,6.1,847.0,5.788,6.4
tm984935,Rhys Nicholson: Live at the Athenaeum,MOVIE,2020,65,comedy,,7.5,316.0,1.628,7.7
tm917325,Dragons: Rescue Riders: Secrets of the Songwing,MOVIE,2020,45,"animation, action, comedy, family, fantasy",US,5.0,181.0,15.106,8.0
tm838954,Wira,MOVIE,2019,108,"action, drama",MY,6.3,476.0,2.33,5.4
tm675154,Malaal,MOVIE,2019,136,"drama, romance, action",IN,5.8,1066.0,1.644,5.3
tm844662,Ronny Chieng: Asian Comedian Destroys America!,MOVIE,2019,63,comedy,US,7.4,3224.0,3.464,7.0
tm918853,All Together Now,MOVIE,2020,92,drama,US,6.5,4388.0,7.402,6.8
tm460815,Luka Chuppi,MOVIE,2019,126,"comedy, romance, drama",IN,6.3,11345.0,7.384,6.1
ts90466,Hong Kong West Side Stories,SHOW,2019,23,"drama, comedy",HK,5.7,6.0,1.541,8.3
tm856424,Bheeshma,MOVIE,2020,151,"comedy, romance, action",IN,6.5,4028.0,2.2,6.6
tm470252,Calum von Moger: Unbroken,MOVIE,2019,93,documentation,US,6.2,851.0,5.267,7.4
tm919082,Octonauts and the Caves of Sac Actun,MOVIE,2020,72,"family, animation, comedy",GB,6.2,181.0,14.626,6.7
tm843938,18 Presents,MOVIE,2020,110,"drama, fantasy, european",IT,6.9,3791.0,10.49,7.5
ts226410,Handsome Siblings,SHOW,2020,46,"comedy, drama, fantasy, romance, action",CN,7.9,629.0,8.864,8.3
tm455161,Panipat,MOVIE,2019,171,"history, war, romance, action, drama",IN,5.2,5615.0,4.63,7.1
tm452440,Cinderela Pop,MOVIE,2019,94,"romance, comedy, family, music",BR,4.5,1061.0,15.803,6.5
tm849407,Isi & Ossi,MOVIE,2020,113,"romance, comedy",DE,6.4,8309.0,11.061,6.9
tm465427,Maria,MOVIE,2019,89,"action, crime, drama, thriller",PH,5.0,2065.0,9.293,6.3
tm851346,Residue,MOVIE,2020,90,drama,US,6.5,576.0,2.368,5.3
tm475339,Beats,MOVIE,2019,109,drama,US,6.3,5219.0,12.175,6.8
tm892081,Eric Andre: Legalize Everything,MOVIE,2020,51,comedy,US,6.1,2535.0,2.704,6.3
ts78324,Pinky Malinky,SHOW,2019,13,"comedy, family, animation",US,5.5,1015.0,7.955,4.5
tm954543,Wheels of Fortune,MOVIE,2020,107,comedy,US,5.3,804.0,2.616,5.2
tm975398,Christmas Crossfire,MOVIE,2020,106,"thriller, comedy, crime",DE,4.8,1373.0,6.882,4.5
ts113748,Twelve Forever,SHOW,2019,14,"family, fantasy, animation, action, comedy",US,6.6,682.0,3.485,6.6
tm948916,The Scary House,MOVIE,2020,100,"thriller, family, fantasy, drama, horror, european","AT, DE",5.4,3787.0,6.883,5.6
ts222625,A Little Thing Called First Love,SHOW,2019,45,"comedy, drama, romance",CN,7.9,387.0,16.225,9.2
ts90508,Flinch,SHOW,2019,24,reality,GB,4.3,717.0,3.863,5.6
ts221041,My Dear Warrior,SHOW,2019,44,"drama, romance, fantasy",TH,4.9,21.0,2.737,9.3
ts223084,Nowhere Man,SHOW,2019,47,"crime, action, drama, thriller",TW,5.5,371.0,3.301,6.6
ts269157,Room 2806: The Accusation,SHOW,2020,49,"documentation, crime",FR,7.0,2327.0,2.939,7.3
tm910999,Xico's Journey,MOVIE,2020,85,"family, fantasy, animation",MX,5.1,544.0,48.067,6.6
ts101503,Team Kaylie,SHOW,2019,29,"comedy, family",US,4.1,347.0,9.46,8.2
tm830833,"Hello, Privilege. It's Me, Chelsea",MOVIE,2019,64,documentation,US,4.5,1993.0,3.819,5.6
tm819497,"Berlin, Berlin",MOVIE,2020,80,"comedy, drama, romance",DE,3.8,543.0,6.306,5.5
tm836674,The Main Event,MOVIE,2020,102,"family, comedy, action, fantasy, sport",US,4.8,2327.0,15.911,6.7
ts269740,How To Ruin Christmas,SHOW,2020,50,"drama, comedy",ZA,6.0,503.0,2.344,10.0
tm373452,Kannum Kannum Kollaiyadithaal,MOVIE,2020,162,"comedy, romance, drama, thriller",IN,7.7,6851.0,5.585,6.8
tm982100,"ariana grande: excuse me, i love you",MOVIE,2020,97,"documentation, music",US,6.3,2591.0,23.124,8.4
ts90789,Jailbirds,SHOW,2019,41,"reality, thriller, crime",US,7.0,1176.0,1.976,7.6
tm945825,Bobbleheads: The Movie,MOVIE,2020,82,"animation, family",US,2.3,366.0,12.656,5.3
tm885669,The Christmas Chronicles: Part Two,MOVIE,2020,112,"fantasy, family, comedy",US,6.0,29538.0,44.178,6.6
tm945435,Octonauts and the Great Barrier Reef,MOVIE,2020,47,"animation, action, comedy, family",XX,6.5,141.0,4.123,10.0
tm474061,Malibu Rescue,MOVIE,2019,69,"family, action, comedy",US,4.9,1277.0,12.447,6.4
tm837843,It Takes a Lunatic,MOVIE,2019,120,"documentation, drama","US, GB, DE",6.6,174.0,4.07,5.6
tm856593,Bert Kreischer: Hey Big Boy,MOVIE,2020,62,comedy,US,7.0,1973.0,3.936,7.2
tm948607,Midnight at the Magnolia,MOVIE,2020,87,"comedy, romance",CA,5.8,5373.0,8.396,6.3
tm351938,Girls with Balls,MOVIE,2019,77,"horror, comedy, european","FR, BE",3.9,3272.0,11.913,4.3
tm470597,A Kid from Coney Island,MOVIE,2019,89,"documentation, sport","US, CN",7.0,554.0,2.112,6.8
tm426630,Soni,MOVIE,2019,97,"crime, drama",IN,7.1,2788.0,2.862,6.9
tm483602,Malang,MOVIE,2020,135,"romance, action, crime, drama, thriller",IN,6.5,10490.0,4.904,7.4
tm886214,Mrs. Serial Killer,MOVIE,2020,106,"thriller, drama, crime",IN,4.2,19484.0,5.325,6.4
tm919903,Tragic Jungle,MOVIE,2020,96,"drama, thriller","FR, MX, CO",5.6,937.0,3.58,6.2
tm455981,Rubaru Roshni,MOVIE,2019,110,documentation,IN,8.6,591.0,1.489,7.7
tm836638,The Man Without Gravity,MOVIE,2019,107,"fantasy, drama, comedy","BE, FR, IT",5.8,2547.0,5.813,7.2
ts105589,Rhyme Time Town,SHOW,2020,21,"animation, comedy, family",US,7.6,78.0,3.171,8.2
tm847008,Shine Your Eyes,MOVIE,2020,102,"drama, thriller","BR, FR",6.5,321.0,3.042,7.0
tm452929,The Little Switzerland,MOVIE,2019,86,"comedy, european",ES,4.8,1260.0,4.751,4.6
tm845532,Mucho Mucho Amor: The Legend of Walter Mercado,MOVIE,2020,96,documentation,US,7.2,3312.0,7.262,7.5
tm818786,Menendez: The Day of the Lord,MOVIE,2020,93,"drama, horror, thriller","ES, MX",4.9,1008.0,4.112,5.8
tm834715,Single Slipper Size - 7,MOVIE,2019,120,"thriller, drama",IN,8.4,3143.0,1.938,8.3
tm830795,Happy Old Year,MOVIE,2019,113,"drama, romance",TH,7.2,2245.0,4.183,6.8
tm450095,37 Seconds,MOVIE,2019,115,drama,JP,7.4,2713.0,6.572,7.4
tm833382,Keeping the Bees,MOVIE,2019,93,drama,TR,5.8,834.0,1.779,6.0
ts222802,Once Upon a Time in Lingjian Mountain,SHOW,2019,44,"action, scifi, comedy, drama, fantasy, romance",CN,7.4,280.0,6.064,7.4
tm477006,Psycho,MOVIE,2020,134,"drama, crime, thriller",IN,6.2,4153.0,3.872,4.6
ts243256,Social Distance,SHOW,2020,20,"drama, comedy",US,5.7,664.0,12.324,6.8
ts250803,Say I Do,SHOW,2020,54,reality,"GB, US",7.7,531.0,1.323,7.7
tm825952,Simon Amstell: Set Free,MOVIE,2019,51,comedy,US,6.5,815.0,1.823,6.1
tm863992,The Most Dangerous Man in Europe,MOVIE,2020,68,"documentation, history, war",ES,6.8,215.0,4.58,6.9
ts112733,Bard of Blood,SHOW,2019,44,"action, drama, thriller",IN,6.8,13005.0,4.509,7.4
ts90095,Jinn,SHOW,2019,32,"drama, scifi, horror, fantasy, thriller",JO,3.4,10097.0,4.756,6.5
tm466832,Dragon Quest: Your Story,MOVIE,2019,102,"action, fantasy, animation, family, comedy",JP,6.5,2831.0,13.817,6.8
tm845020,Jack Whitehall: Christmas with my Father,MOVIE,2019,64,"comedy, documentation",,6.0,951.0,0.761,6.4
tm871330,Full Out 2: You Got This!,MOVIE,2020,90,family,US,4.6,521.0,7.344,6.5
tm458418,Tune in for Love,MOVIE,2019,122,"romance, drama",KR,7.1,4102.0,31.093,7.9
tm817087,#AnneFrank. Parallel Stories,MOVIE,2019,92,"drama, history, documentation",IT,6.5,1548.0,8.19,7.1
tm461827,Who Would You Take to a Deserted Island?,MOVIE,2019,90,"comedy, drama, european",ES,5.3,2487.0,9.328,5.0
tm947555,Sarah Cooper: Everything's Fine,MOVIE,2020,49,comedy,US,5.5,1726.0,3.177,5.3
tm372035,Paris Is Us,MOVIE,2019,84,"drama, european",FR,4.6,1425.0,7.113,4.3
ts250920,Home Game,SHOW,2020,29,"documentation, sport",US,7.0,855.0,2.907,6.4
tm819016,The Path of the Anaconda,MOVIE,2019,73,documentation,CO,6.7,279.0,3.686,6.1
tm838765,A Christmas Prince: The Royal Baby,MOVIE,2019,84,"romance, family",US,5.4,6764.0,15.638,6.4
tm818588,All the Freckles in the World,MOVIE,2019,90,"comedy, sport, romance",MX,5.2,1290.0,12.438,6.1
tm811971,Oprah Winfrey Presents: When They See Us Now,MOVIE,2019,61,documentation,,7.7,2350.0,4.98,8.1
ts112667,Go! Go! Cory Carson,SHOW,2020,9,"comedy, family, animation",US,7.9,242.0,7.048,8.7
tm845850,Out of the Clear Blue Sky,MOVIE,2019,112,"drama, music, comedy, romance","MX, US",6.5,1447.0,16.945,8.2
ts104507,Triad Princess,SHOW,2019,43,"drama, comedy",TW,6.7,699.0,3.771,7.1
tm884616,Quiet,MOVIE,2020,102,drama,CL,6.4,325.0,2.508,6.8
tm850822,Fortune Feimster: Sweet & Salty,MOVIE,2020,61,"comedy, drama",,6.8,997.0,1.835,6.2
tm931158,Gather,MOVIE,2020,74,documentation,US,7.8,202.0,2.187,7.4
tm677746,Bombay Rose,MOVIE,2019,97,"drama, romance, animation","FR, IN, QA",6.2,608.0,5.39,6.7
tm452867,Jo Pil-ho: The Dawning Rage,MOVIE,2019,127,"drama, action, crime, thriller",KR,6.3,2193.0,10.819,6.0
ts222803,Maradona in Mexico,SHOW,2019,33,"documentation, sport, comedy, drama","AR, PE",7.3,1124.0,3.572,7.1
tm464527,ReMastered: The Miami Showband Massacre,MOVIE,2019,70,"documentation, crime, music",,7.0,1400.0,1.698,7.0
tm458721,Amy Schumer: Growing,MOVIE,2019,61,comedy,US,5.4,3872.0,5.334,6.2
tm492043,Motichoor Chaknachoor,MOVIE,2019,150,"comedy, romance",IN,5.8,2856.0,1.56,6.7
tm881891,Chris D'Elia: No Pain,MOVIE,2020,55,comedy,US,5.9,1789.0,2.862,6.5
tm929630,A New York Christmas Wedding,MOVIE,2020,88,"drama, romance",US,5.3,1123.0,3.965,5.8
tm935993,Classmates Minus,MOVIE,2020,122,"drama, comedy",TW,7.1,1625.0,8.326,7.5
tm901947,Little Big Women,MOVIE,2020,123,drama,TW,7.2,2330.0,8.954,7.8
ts88821,I Hear You,SHOW,2019,44,"drama, comedy, romance",CN,7.2,601.0,10.936,7.9
ts89336,Charlie's Colorforms City,SHOW,2019,23,"animation, family",US,6.7,154.0,3.312,8.5
ts87680,Playing with Fire,SHOW,2019,43,drama,MX,5.9,965.0,20.807,6.2
ts89331,My Husband Won't Fit,SHOW,2019,35,"drama, romance",JP,6.7,818.0,8.368,6.3
tm976632,Indoo Ki Jawani,MOVIE,2020,115,"comedy, drama",IN,3.0,6075.0,2.121,4.4
tm469025,Franco Escamilla: bienvenido al mundo,MOVIE,2019,54,comedy,,7.0,231.0,13.43,8.6
tm921416,Class of '83,MOVIE,2020,98,"drama, crime, thriller, action",IN,5.8,5628.0,3.481,5.8
ts87599,Somewhere Only We Know,SHOW,2019,58,"drama, romance",CN,7.2,167.0,6.808,9.0
tm849937,Jungle Beat: The Movie,MOVIE,2020,84,"family, animation, scifi, comedy, fantasy",MU,5.4,1029.0,21.935,7.0
tm861718,Villain,MOVIE,2020,97,"crime, drama, thriller, action",GB,5.9,3324.0,4.029,5.9
tm937044,Bigflo & Oli: Hip Hop Frenzy,MOVIE,2020,100,"documentation, music",FR,6.7,122.0,4.118,7.1
ts252318,Million Dollar Beach House,SHOW,2020,28,reality,US,4.2,816.0,1.672,5.7
tm442199,Shanghai Fortress,MOVIE,2019,107,"scifi, war, action",CN,4.3,2383.0,27.126,5.6
tm455197,Kabir Singh,MOVIE,2019,172,"drama, romance, crime, action",IN,7.0,31918.0,7.633,6.9
tm840224,Seth Meyers: Lobby Baby,MOVIE,2019,61,comedy,US,7.4,2592.0,3.921,7.0
tm459329,Firebrand,MOVIE,2019,116,drama,IN,5.1,280.0,2.824,7.3
tm453727,Deadly Switch,MOVIE,2019,86,thriller,US,4.5,1374.0,7.914,5.6
tm818154,Whitney Cummings: Can I Touch It?,MOVIE,2019,59,comedy,US,6.5,1751.0,2.961,6.7
ts225539,Hyena,SHOW,2020,62,"drama, crime, romance",KR,7.7,793.0,4.022,8.7
ts89330,Stay Tuned!,SHOW,2019,44,comedy,JP,7.5,357.0,1.89,9.0
tm832843,Jeff Dunham: Beside Himself,MOVIE,2019,58,comedy,US,6.9,1102.0,4.022,7.5
tm919210,Uma Maheswara Ugra Roopasya,MOVIE,2020,136,"comedy, drama",IN,7.7,1663.0,2.026,6.8
tm851912,Gunjan Saxena: The Kargil Girl,MOVIE,2020,112,"action, drama, war",IN,5.6,34567.0,6.318,7.4
tm941531,The Beast,MOVIE,2020,90,"crime, action, drama, thriller",IT,5.2,4323.0,9.785,6.3
tm938466,Kitty Love: An Homage to Cats,MOVIE,2020,60,"documentation, european",NL,5.1,472.0,1.932,4.4
ts251616,Sing On! Germany,SHOW,2020,38,"reality, music",DE,5.5,138.0,1.597,8.7
tm977478,Nate: A One Man Show,MOVIE,2020,59,comedy,US,6.6,346.0,1.634,6.2
tm912190,Cargo,MOVIE,2019,113,"fantasy, scifi, drama",IN,5.6,2929.0,3.503,5.6
tm873159,The Yin-Yang Master: Dream of Eternity,MOVIE,2020,132,"drama, fantasy, scifi, action",CN,6.4,4751.0,30.086,7.5
tm957567,Hazel Brugger: Tropical,MOVIE,2020,59,comedy,DE,6.2,419.0,1.981,5.9
tm468200,Uyare,MOVIE,2019,125,drama,IN,8.0,3612.0,4.094,7.7
ts222835,Holiday Secrets,SHOW,2019,38,drama,DE,6.5,1156.0,5.508,6.4
tm893874,Choked: Paisa Bolta Hai,MOVIE,2020,114,"thriller, drama",IN,5.7,5380.0,3.885,6.7
tm931701,Òlòtūré,MOVIE,2019,106,"drama, crime",NG,5.5,791.0,3.649,6.2
tm827640,Travis Scott: Look Mom I Can Fly,MOVIE,2019,85,"documentation, music",US,6.3,4629.0,11.767,7.0
tm908529,Tell Me When,MOVIE,2020,95,"romance, documentation, comedy",MX,5.7,1002.0,4.971,6.4
tm817284,Bridezilla,MOVIE,2019,93,"romance, drama, comedy",ID,6.1,53.0,1.35,5.8
ts268997,Futmalls.com,SHOW,2020,40,"scifi, thriller",TW,6.5,186.0,1.965,8.5
tm975765,Emicida: AmarElo - It's All for Yesterday,MOVIE,2020,89,"music, documentation",BR,8.5,1510.0,4.381,8.8
tm977782,Shawn Mendes: Live in Concert,MOVIE,2020,87,"music, documentation",CA,7.1,327.0,6.757,7.9
tm429172,The (Silent) War,MOVIE,2019,123,"thriller, war, crime, action, drama, european",ES,5.5,681.0,4.766,5.9
tm849131,I Am Vengeance: Retaliation,MOVIE,2020,90,action,GB,3.4,3075.0,10.168,6.1
ts223098,Lugar de Mulher,SHOW,2019,15,comedy,BR,4.7,39.0,1.396,10.0
ts221851,The Lies Within,SHOW,2019,60,"drama, thriller",KR,7.0,383.0,3.998,7.4
tm929600,Afonso Padilha: Classless,MOVIE,2020,63,comedy,BR,6.8,197.0,2.426,8.4
ts222599,Queer Eye: We're in Japan!,SHOW,2019,50,reality,US,8.2,2608.0,1.716,7.2
tm977952,Fierce,MOVIE,2020,118,"comedy, music",PL,5.5,1234.0,7.706,6.3
tm824560,The Lost Okoroshi,MOVIE,2020,94,"action, drama",NG,5.8,175.0,1.196,6.6
tm920320,Lift Like a Girl,MOVIE,2020,93,documentation,"DE, DK, EG",7.8,213.0,1.029,7.0
tm466426,The Trap,MOVIE,2019,90,comedy,US,4.3,1625.0,12.64,5.1
tm853910,Road to Roma,MOVIE,2020,73,documentation,MX,7.7,656.0,2.964,8.1
tm898699,Larry the Cable Guy: Remain Seated,MOVIE,2020,67,comedy,US,6.6,268.0,2.336,6.8
tm854682,Asphalt Goddess,MOVIE,2020,126,drama,MX,4.9,177.0,5.8,6.8
tm828326,The Crystal Calls - Making The Dark Crystal: Age of Resistance,MOVIE,2019,83,documentation,US,7.6,534.0,9.235,7.4
tm835512,The Spooky Tale of Captain Underpants Hack-a-Ween,MOVIE,2019,45,"action, comedy, family, animation",US,5.9,208.0,6.989,6.2
tm841239,The Road to El Camino: Behind the Scenes of El Camino: A Breaking Bad Movie,MOVIE,2019,13,documentation,US,7.1,1415.0,2.744,7.0
ts241246,The Smart Money Woman,SHOW,2020,48,drama,,6.2,112.0,1.4,2.0
ts189314,Tiffany Haddish Presents: They Ready,SHOW,2019,23,"comedy, reality",US,6.5,563.0,0.961,6.2
ts233367,Sing On! Spain,SHOW,2020,39,"music, reality",ES,6.1,133.0,1.795,8.5
tm446480,Cemara's Family,MOVIE,2019,110,"family, drama",ID,7.7,787.0,3.707,8.4
tm423624,Ek Ladki Ko Dekha Toh Aisa Laga,MOVIE,2019,121,"drama, comedy, romance, crime",IN,5.6,4378.0,3.371,5.8
ts89679,A Thousand Goodnights,SHOW,2019,71,"family, drama",TW,8.0,94.0,6.367,4.9
tm912327,The Larva Island Movie,MOVIE,2020,89,"animation, family, comedy",KR,5.1,655.0,71.987,7.2
tm852662,Ultras,MOVIE,2020,109,drama,IT,6.2,4892.0,6.74,6.1
tm452996,"Ken Jeong: You Complete Me, Ho",MOVIE,2019,62,comedy,US,5.7,2402.0,4.573,6.0
ts88146,Larry Charles' Dangerous World of Comedy,SHOW,2019,59,"documentation, comedy",US,7.3,576.0,1.513,6.0
tm889647,The Stand at Paxton County,MOVIE,2020,102,"thriller, drama",US,6.3,1103.0,5.838,6.0
ts266898,A Queen Is Born,SHOW,2020,44,reality,BR,6.0,151.0,2.435,10.0
tm1079495,A Second Chance: Rivals!,MOVIE,2019,89,"drama, family, sport",AU,4.6,394.0,7.151,7.3
ts89363,YooHoo to the Rescue,SHOW,2019,13,"animation, family",KR,6.8,54.0,2.196,8.0
tm885845,Murder to Mercy - The Cyntoia Brown Story,MOVIE,2020,96,documentation,US,6.3,2776.0,10.875,7.1
tm851860,Alex Fernández: The Best Comedian in the World,MOVIE,2020,51,comedy,MX,6.1,142.0,0.741,7.5
tm943771,Angela's Christmas Wish,MOVIE,2020,47,"animation, family, comedy, drama","US, IE",7.1,1451.0,27.407,6.3
tm462551,"¡Ay, mi madre!",MOVIE,2019,81,"comedy, european",ES,3.9,404.0,4.204,4.3
tm840723,Ramprasad Ki Tehrvi,MOVIE,2019,106,"drama, family, comedy",IN,7.5,5385.0,2.54,6.1
tm898773,Bulbbul,MOVIE,2020,94,"fantasy, horror, drama",IN,6.5,11844.0,23.407,6.7
ts222942,Narcoworld: Dope Stories,SHOW,2019,40,"documentation, crime",US,6.6,323.0,4.774,9.1
tm908777,Thiago Ventura: POKAS,MOVIE,2020,82,comedy,BR,6.4,196.0,3.815,7.1
tm1028083,Red Snow,MOVIE,2019,100,drama,CA,4.5,157.0,2.503,5.0
tm938227,Dolly Parton's Christmas on the Square,MOVIE,2020,98,"comedy, music, family",US,5.2,2686.0,4.223,5.9
tm937265,You've Got This,MOVIE,2020,111,"romance, comedy",MX,5.8,1297.0,9.708,7.9
tm917999,"Rob Schneider: Asian Momma, Mexican Kids",MOVIE,2020,44,comedy,US,5.5,716.0,3.231,6.4
tm832684,Los Tigres del Norte at Folsom Prison,MOVIE,2019,64,"documentation, music",US,7.0,174.0,3.246,6.4
tm463038,Despite Everything,MOVIE,2019,75,"comedy, european",ES,5.3,4956.0,14.306,6.0
ts213071,Sleepless Society NYCTOPHOBIA,SHOW,2019,46,"thriller, drama",TH,5.6,46.0,2.664,9.3
tm845117,Tiffany Haddish: Black Mitzvah,MOVIE,2019,55,comedy,US,6.3,967.0,1.91,6.3
tm822596,Into the Beat,MOVIE,2020,102,"music, romance, drama, european",DE,5.3,1345.0,7.671,6.4
tm844208,What the F* Is Going On?,MOVIE,2019,86,documentation,ES,7.4,173.0,1.009,7.2
tm824858,Cuddle Weather,MOVIE,2019,95,"drama, romance, comedy",PH,6.0,413.0,3.347,4.6
tm944631,The Three Deaths of Marisela Escobedo,MOVIE,2020,109,"crime, documentation",MX,8.1,1683.0,19.571,9.0
tm843958,Rogue Warfare: The Hunt,MOVIE,2019,103,action,US,3.1,590.0,8.239,5.6
ts225377,Taj Mahal 1989,SHOW,2020,34,"drama, comedy, romance",IO,7.4,1542.0,2.624,7.3
tm511991,99 Songs,MOVIE,2019,128,"romance, drama",IN,6.6,2275.0,3.039,7.0
ts235689,J-Style Trip,SHOW,2020,64,reality,"TW, CN",5.0,114.0,1.879,7.5
tm474862,Bennett's War,MOVIE,2019,94,"drama, sport",US,6.0,899.0,6.412,7.1
tm853485,Night on Earth: Shot in the Dark,MOVIE,2020,59,documentation,,7.7,306.0,1.982,7.2
tm849323,Shikara,MOVIE,2020,118,"drama, romance, history",IN,3.3,15092.0,2.403,4.2
tm425944,A Land Imagined,MOVIE,2019,95,"thriller, drama, european","FR, NL, SG",6.2,1297.0,3.057,5.9
tm469432,Hating Peter Tatchell,MOVIE,2020,91,documentation,"AU, GB",7.6,787.0,2.761,6.5
tm501222,Twin Murders: The Silence of the White City,MOVIE,2019,110,"action, crime, drama, horror, thriller, european",ES,5.3,5307.0,11.036,5.6
ts251072,The Underclass,SHOW,2020,55,drama,TH,6.5,64.0,2.426,6.7
tm428506,The Man Who Feels No Pain,MOVIE,2019,136,"comedy, action",IN,7.3,7761.0,2.934,6.8
tm957903,The Boys in the Band: Something Personal,MOVIE,2020,28,documentation,US,7.2,362.0,2.267,8.5
tm923612,Any Crybabies Around?,MOVIE,2020,106,drama,JP,6.0,168.0,1.529,5.0
tm838705,Holiday Rush,MOVIE,2019,94,"drama, comedy, romance, family",US,4.9,2723.0,10.776,5.6
ts252015,GAME ON: A Comedy Crossover Event,SHOW,2020,30,"comedy, family",US,5.5,219.0,3.255,7.7
tm946277,Love,MOVIE,2020,91,"thriller, drama",IN,7.0,1544.0,2.055,5.9
tm973335,The Body,MOVIE,2019,104,"thriller, comedy",IN,5.5,3321.0,3.311,5.7
tm234980,A Choo,MOVIE,2020,101,"romance, comedy, action, fantasy",TW,5.5,378.0,3.187,5.0
tm910612,The Claus Family,MOVIE,2020,96,"comedy, family, fantasy",BE,5.5,2022.0,6.659,5.7
tm850382,Sillu Karupatti,MOVIE,2019,138,"drama, romance",IN,8.0,1748.0,3.546,7.4
tm464509,K. D.,MOVIE,2019,119,drama,IN,8.4,1787.0,1.848,7.6
tm820116,Street Flow,MOVIE,2019,96,"drama, crime",FR,6.4,1527.0,13.211,7.1
tm859143,Torbaaz,MOVIE,2020,132,"drama, thriller, action, sport",IN,6.9,17892.0,2.797,7.6
tm918026,Sam Jay: 3 in the Morning,MOVIE,2020,64,comedy,,6.4,520.0,3.01,6.4
tm918960,The Magic School Bus Rides Again: Kids in Space,MOVIE,2020,45,"action, family, animation, comedy, scifi",CA,6.1,86.0,3.821,7.6
ts89340,Crime Diaries: The Candidate,SHOW,2019,42,"thriller, war, drama, crime",MX,7.5,813.0,9.173,7.4
ts103574,Sakho & Mangane,SHOW,2019,51,"action, comedy, crime",SN,6.3,135.0,3.577,7.0
ts218367,Secreto bien guardado,SHOW,2019,30,"drama, romance",AR,5.0,195.0,2.832,10.0
tm840216,Iliza Shlesinger: Unveiled,MOVIE,2019,78,comedy,US,6.5,1688.0,4.031,6.5
tm938048,Michelle Buteau: Welcome to Buteaupia,MOVIE,2020,58,comedy,,7.0,589.0,2.939,6.9
tm821662,Vikruthi,MOVIE,2019,123,"drama, comedy",IN,7.4,1574.0,2.141,6.8
tm540277,Nasha Natasha,MOVIE,2020,83,"documentation, music",UY,6.3,305.0,2.051,6.7
tm810642,Manmadhudu 2,MOVIE,2019,155,"comedy, romance, drama",IN,4.8,708.0,2.4,6.0
tm946801,Just Another Christmas,MOVIE,2020,101,"comedy, drama",BR,6.7,4506.0,7.195,7.4
ts221891,Legend Quest: Masters of Myth,SHOW,2019,25,"animation, action",MX,7.5,128.0,5.398,10.0
tm847630,The App,MOVIE,2019,79,"drama, scifi, thriller",IT,2.7,1347.0,7.473,2.9
tm946927,Dance Dreams: Hot Chocolate Nutcracker,MOVIE,2020,80,"documentation, family",US,7.0,341.0,4.109,7.8
ts218504,Hello Ninja,SHOW,2019,13,"family, fantasy, animation, action, comedy",CA,6.8,119.0,7.582,7.0
tm431769,Once Again,MOVIE,2019,101,"drama, romance, european","DE, IN, AT",7.0,980.0,1.484,6.1
ts237487,True: Terrific Tales,SHOW,2020,8,"animation, family",US,6.2,24.0,2.148,9.0
tm878995,Dragons: Rescue Riders: Hunt for the Golden Dragon,MOVIE,2020,46,"animation, action, comedy, family, fantasy",US,5.1,155.0,7.16,6.8
tm856545,Intuition,MOVIE,2020,116,"thriller, crime, drama",AR,5.5,2663.0,15.292,6.3
tm474263,Still Laugh-In: The Stars Celebrate,MOVIE,2019,60,"comedy, music",,5.2,590.0,2.988,5.5
tm462037,Mi amigo Alexis,MOVIE,2019,100,"drama, family, comedy, sport",CL,5.1,346.0,5.082,6.3
tm851499,Vir Das: For India,MOVIE,2020,75,comedy,IN,7.7,1260.0,2.277,8.3
tm927033,True: Friendship Day,MOVIE,2020,23,"animation, family",CA,6.9,23.0,1.845,10.0
tm954606,Felix Lobrecht: Hype,MOVIE,2020,59,comedy,DE,5.8,261.0,1.144,6.7
tm431810,Evelyn,MOVIE,2019,95,documentation,GB,7.2,772.0,4.313,6.8
tm469966,The Unknown Saint,MOVIE,2020,100,"comedy, drama, crime","MA, FR, QA",6.5,1127.0,2.526,6.4
tm818239,Penalty,MOVIE,2019,128,"sport, drama",IN,5.3,878.0,1.904,5.0
ts222980,Singapore Social,SHOW,2019,38,reality,US,4.7,2197.0,1.797,10.0
ts221151,Living Undocumented,SHOW,2019,43,documentation,US,6.6,580.0,1.19,6.0
tm469510,Albert  Pinto Ko Gussa Kyun Aata Hai?,MOVIE,2019,94,"crime, drama",IN,5.5,1922.0,0.717,4.0
tm845607,Spirit Riding Free: Spirit of Christmas,MOVIE,2019,45,"animation, family, action, comedy, drama",US,5.2,124.0,8.492,6.9
tm926528,AK vs AK,MOVIE,2020,108,"drama, action, crime, thriller, comedy",IN,6.9,14195.0,3.757,7.3
tm1013697,Nneka the Pretty Serpent,MOVIE,2020,140,"horror, thriller, fantasy",NG,3.7,126.0,2.577,3.8
tm854454,Varane Avashyamund,MOVIE,2020,145,"comedy, family, romance, drama",IN,6.9,2803.0,3.258,7.0
ts269073,The Fabulous Lives of Bollywood Wives,SHOW,2020,37,"reality, documentation, romance",IN,4.7,9695.0,1.363,5.5
tm473813,Chopsticks,MOVIE,2019,100,"comedy, drama",IN,6.5,4729.0,4.727,5.9
tm1226722,U-Turn,MOVIE,2020,120,"thriller, horror","PS, PH",4.4,272.0,1.68,5.7
tm998899,The Fisherman's Diary,MOVIE,2020,142,drama,CM,6.4,631.0,4.522,7.1
tm826875,Back to School,MOVIE,2019,83,comedy,FR,5.3,1267.0,5.563,5.4
ts258169,Holiday Home Makeover with Mr. Christmas,SHOW,2020,44,reality,US,5.8,293.0,5.464,6.7
ts92405,Hasmukh,SHOW,2020,32,"comedy, crime, drama",IN,5.3,2680.0,2.372,7.0
tm452900,ReMastered: Massacre at the Stadium,MOVIE,2019,64,"documentation, drama",CL,7.2,787.0,2.55,7.7
tm918962,Fearless,MOVIE,2020,89,"animation, family, scifi, documentation, comedy",CA,4.9,1735.0,17.412,6.2
tm908128,Chaman Bahar,MOVIE,2020,111,"drama, comedy",IN,6.9,6926.0,1.967,5.3
ts223110,Sugar Rush Christmas,SHOW,2019,51,reality,US,6.8,590.0,2.274,7.7
tm882606,Sethum Aayiram Pon,MOVIE,2019,102,"drama, family",IN,7.2,349.0,1.974,6.0
ts218776,Happy Jail,SHOW,2019,34,documentation,,6.9,249.0,1.225,10.0
tm473647,ReMastered: The Lion's Share,MOVIE,2019,84,"music, documentation",US,6.9,637.0,2.952,7.0
tm452574,"Ray Romano: Right Here, Around the Corner",MOVIE,2019,58,"comedy, documentation",US,7.2,1693.0,2.483,6.8
tm840242,Arsenio Hall: Smart and Classy,MOVIE,2019,63,comedy,US,6.0,460.0,3.367,5.9
ts88608,Cricket Fever: Mumbai Indians,SHOW,2019,38,"documentation, sport",IN,7.2,710.0,1.4,9.0
tm115973,Guna 369,MOVIE,2019,146,"romance, action, drama",IN,6.7,19.0,2.278,5.0
ts234501,Buddi,SHOW,2020,10,"family, fantasy, animation, comedy",US,7.2,58.0,1.032,10.0
tm869373,High & Low: The Worst,MOVIE,2019,125,"action, comedy",JP,6.7,516.0,4.017,7.1
tm843143,Whipped,MOVIE,2020,97,"drama, romance, comedy",ID,4.0,642.0,2.293,6.4
ts253288,Felipe Esparza: Bad Decisions,SHOW,2020,63,comedy,US,5.3,176.0,1.061,10.0
tm848444,Masameer: The Movie,MOVIE,2020,112,"animation, comedy, action, drama",SA,5.9,2274.0,2.473,6.2
ts89895,Mighty Little Bheem,SHOW,2019,6,"animation, comedy, family, fantasy",US,6.4,252.0,8.586,8.4
tm823350,Luccas Neto in: Summer Camp,MOVIE,2019,87,comedy,BR,2.8,54.0,2.99,8.4
tm431349,Bulbul Can Sing,MOVIE,2019,95,drama,IN,7.0,390.0,0.638,7.8
tm881984,Maska,MOVIE,2020,111,"comedy, drama, romance",IN,5.9,1451.0,1.752,6.0
tm451852,The 3rd Eye 2,MOVIE,2019,115,"thriller, horror, drama, fantasy",ID,5.4,596.0,12.245,5.7
tm842829,Dead Kids,MOVIE,2019,94,"crime, drama, thriller",PH,5.3,494.0,3.644,5.9
tm451584,Too Handsome To Handle,MOVIE,2019,106,"comedy, drama, romance",ID,6.7,564.0,5.718,6.0
tm935388,Ginny Weds Sunny,MOVIE,2020,125,"comedy, drama, romance",IN,5.7,4776.0,3.782,6.3
tm907704,Dark City Beneath the Beat,MOVIE,2020,65,"documentation, music",US,6.6,141.0,2.303,7.0
tm452237,The Car: Road to Revenge,MOVIE,2019,89,"action, horror, thriller, scifi",US,4.0,1096.0,20.461,6.6
tm456074,Jezebel,MOVIE,2020,88,drama,US,6.6,931.0,1.22,6.6
tm894241,Kenny Sebastian: The Most Interesting Person in the Room,MOVIE,2020,67,comedy,IN,6.0,1007.0,3.062,6.9
ts224906,Find Yourself,SHOW,2020,45,"drama, romance",CN,7.7,212.0,14.895,7.7
tm887052,Father Soldier Son,MOVIE,2020,99,"war, documentation",US,7.3,952.0,10.385,6.2
tm458363,Juanita,MOVIE,2019,90,drama,US,6.0,2362.0,6.815,5.25
tm845942,A Family Reunion Christmas,MOVIE,2019,29,"comedy, family",US,5.8,219.0,7.028,6.1
tm831196,Chippa,MOVIE,2019,90,drama,IN,6.5,1103.0,1.315,5.0
tm819841,Isa Pa with Feelings,MOVIE,2019,102,"comedy, romance, drama",PH,7.8,344.0,2.73,7.4
tm996316,Omo Ghetto: The Saga,MOVIE,2020,110,"comedy, action, drama",,7.5,60.0,1.4,5.5
tm863280,Showtime 1958,MOVIE,2020,110,drama,MY,5.6,25.0,1.275,6.5
ts225708,Six Windows in the Desert,SHOW,2020,21,"drama, scifi, comedy, history",SA,4.3,3104.0,1.176,10.0
tm866782,One-Way to Tomorrow,MOVIE,2020,90,"comedy, romance, drama",TR,5.6,4819.0,3.827,5.8
tm810423,"Colin Quinn: Red State, Blue State",MOVIE,2019,65,comedy,US,7.6,727.0,2.538,7.5
tm918373,Malibu Rescue: The Next Wave,MOVIE,2020,70,"comedy, family, action",US,4.8,841.0,8.488,6.5
tm457410,Money Trap,MOVIE,2019,121,"action, comedy, crime, drama",TR,6.0,14565.0,9.695,5.6
tm940566,Kaali Khuhi,MOVIE,2020,90,"thriller, horror, drama",IN,3.5,1230.0,1.95,4.8
tm460259,Blood Will Tell,MOVIE,2019,113,"thriller, drama","CL, AR, CA",6.1,831.0,2.268,6.0
tm896246,George Lopez: We'll Do It for Half,MOVIE,2020,51,comedy,US,5.7,452.0,2.137,5.6
tm925785,Dark Forces,MOVIE,2020,81,"horror, thriller, action",MX,2.7,597.0,4.03,4.3
tm454464,Pegasus,MOVIE,2019,98,"comedy, action, fantasy, sport",CN,6.3,1813.0,5.369,6.3
tm484173,Bhangra Paa Le,MOVIE,2020,131,"music, comedy, drama",IN,6.2,361.0,3.101,5.8
tm919920,Milestone,MOVIE,2020,98,drama,IN,6.6,634.0,1.579,6.1
tm405637,122,MOVIE,2019,95,"horror, thriller",EG,6.0,5563.0,3.717,6.0
tm478962,Saavat,MOVIE,2019,117,"thriller, crime, drama",IN,6.5,176.0,0.974,7.0
tm813634,Dorasani,MOVIE,2019,130,"drama, romance",IN,5.8,199.0,2.545,4.0
tm938333,A Go! Go! Cory Carson Halloween,MOVIE,2020,21,"animation, family, horror",,6.4,51.0,2.048,7.3
ts89182,Green Door,SHOW,2019,49,"drama, comedy, horror, thriller",TW,6.4,131.0,2.114,8.3
tm828318,Axone,MOVIE,2019,96,"comedy, drama",IN,6.9,2213.0,1.895,5.6
tm455715,Dilan 1991,MOVIE,2019,118,"drama, romance",ID,6.5,1071.0,3.22,6.8
tm977184,A Go! Go! Cory Carson Christmas,MOVIE,2020,21,"animation, family",US,6.1,50.0,14.016,6.9
tm474695,Dying to Tell,MOVIE,2019,87,"documentation, european",ES,6.8,351.0,1.881,7.1
tm845616,Tootsies & The Fake,MOVIE,2019,108,comedy,TH,5.9,485.0,3.134,4.6
ts234505,Fary: Hexagone,SHOW,2020,51,comedy,FR,6.2,129.0,1.41,7.0
ts224261,Nailed It! Germany,SHOW,2020,0,reality,DE,5.7,102.0,2.157,10.0
tm1000551,Namaste Wahala,MOVIE,2020,106,"comedy, drama, romance",NG,5.1,1557.0,2.696,7.7
tm943808,Guillermo Vilas: Settling the Score,MOVIE,2020,94,"documentation, sport",AR,7.1,655.0,1.754,8.1
tm975616,The Beginning of Life 2: Outside,MOVIE,2020,92,documentation,BR,8.0,20.0,1.29,8.5
tm373471,90 ML,MOVIE,2019,125,"drama, romance, comedy",IN,3.3,577.0,1.81,5.2
tm946795,Citation,MOVIE,2020,151,"thriller, drama",NG,6.1,970.0,4.944,7.4
tm813936,Adam Devine: Best Time of Our Lives,MOVIE,2019,58,comedy,US,5.9,959.0,2.486,6.5
ts88166,Nailed It! Mexico,SHOW,2019,33,reality,MX,6.2,308.0,4.224,7.1
tm918258,Dogwashers,MOVIE,2020,107,"crime, drama, comedy","AR, CO",5.8,601.0,29.101,6.313
ts221472,Valentino,SHOW,2020,37,comedy,EG,5.2,225.0,6.16,6.5
tm460411,Stunt School,MOVIE,2019,95,comedy,TR,4.4,1141.0,1.509,4.1
tm816432,Bypass Road,MOVIE,2019,137,"thriller, drama",IN,5.4,1022.0,1.523,5.3
tm1020701,La Vocera,MOVIE,2020,82,documentation,MX,7.2,55.0,1.679,6.5
tm839479,Fan Girl,MOVIE,2020,100,drama,PH,6.6,382.0,2.273,7.6
tm466850,Ricardo Quevedo: los amargados somos más,MOVIE,2019,58,comedy,,7.3,97.0,2.175,7.7
tm835445,Deon Cole: Cole Hearted,MOVIE,2019,69,comedy,US,6.9,895.0,3.008,6.5
tm1004219,Who's the Boss,MOVIE,2020,105,"comedy, romance",,5.7,39.0,2.236,4.0
tm435327,27 Steps of May,MOVIE,2019,112,drama,ID,8.0,492.0,1.857,8.6
tm435836,Mere Pyare Prime Minister,MOVIE,2019,104,drama,IN,6.8,646.0,1.988,7.2
ts222687,No hay tiempo para la vergüenza,SHOW,2019,43,reality,,5.8,82.0,1.008,10.0
tm674135,Brother in Love,MOVIE,2019,115,"comedy, family",TR,7.0,6337.0,3.146,6.9
tm938434,All Because of You,MOVIE,2020,101,"romance, comedy, action",MY,3.9,218.0,2.519,6.6
tm912415,Urzila Carlson: Overqualified Loser,MOVIE,2020,62,comedy,,6.3,366.0,2.95,4.9
tm992712,From Stress to Happiness,MOVIE,2020,60,documentation,,6.3,208.0,2.581,6.0
tm475638,Luccas Neto em: Uma Babá Muito Esquisita,MOVIE,2019,75,"comedy, family",BR,3.0,36.0,2.143,7.1
ts251607,Word Party Songs,SHOW,2020,4,"animation, family",,3.6,18.0,2.346,10.0
ts213611,Bangkok Love Stories: Plead,SHOW,2019,42,drama,TH,7.2,58.0,1.82,9.0
tm483511,Jai Mummy Di,MOVIE,2020,103,"comedy, drama, romance",IN,3.7,946.0,2.23,6.6
ts101042,The 43,SHOW,2019,66,"documentation, war",MX,7.1,143.0,2.828,6.9
ts269280,Kings of Jo'Burg,SHOW,2020,53,"crime, thriller",ZA,5.0,499.0,5.53,7.9
ts255418,Bad Boy Billionaires: India,SHOW,2020,59,"crime, documentation",XX,7.9,3057.0,1.974,8.3
tm830151,One Day We'll Talk About Today,MOVIE,2020,121,"drama, family, music, documentation",ID,7.4,1155.0,2.614,7.8
tm1026240,Perfume Imaginary Museum “Time Warp”,MOVIE,2020,53,music,JP,6.5,24.0,1.555,7.0
tm838007,Dolly Kitty and Those Twinkling Stars,MOVIE,2019,120,"drama, comedy",IN,5.5,7580.0,2.456,5.9
ts237556,The Unremarkable Juanquini,SHOW,2020,29,comedy,CO,4.3,191.0,7.945,7.0
tm1062350,Kedibone,MOVIE,2020,94,drama,ZA,4.5,174.0,2.368,10.0
tm457296,Kevin Hart's Guide to Black History,MOVIE,2019,60,comedy,US,5.5,1347.0,3.248,5.4
tm982569,London Hughes: To Catch A D*ck,MOVIE,2020,60,comedy,US,4.7,326.0,3.879,6.6
tm840208,Jeff Garlin: Our Man in Chicago,MOVIE,2019,58,comedy,GB,5.9,425.0,2.251,6.3
tm840236,Milea,MOVIE,2020,99,"drama, romance",ID,6.1,564.0,3.228,5.7
tm844978,Guatemala: Heart of the Mayan World,MOVIE,2019,66,documentation,"GT, UY",6.6,224.0,2.275,5.8
ts45322,"Wait, My Youth",SHOW,2019,36,"drama, romance",CN,8.0,122.0,4.459,9.0
tm849599,Furtive,MOVIE,2020,84,thriller,AR,5.1,328.0,1.945,6.5
ts257243,Voices of Fire,SHOW,2020,37,"music, reality",US,6.8,388.0,1.137,8.0
tm981475,Illegal Woman,MOVIE,2020,119,"drama, crime, european",ES,6.1,201.0,1.65,6.6
ts89740,The Defected,SHOW,2019,42,"drama, crime",HK,7.4,70.0,6.024,9.0
ts256134,Country Ever After,SHOW,2020,24,"reality, music",US,6.4,170.0,1.11,9.7
tm862830,Seriously Single,MOVIE,2020,107,"comedy, romance",ZA,4.4,1266.0,7.403,7.0
tm915354,Girl's Revenge,MOVIE,2020,81,drama,TW,5.7,204.0,12.91,5.1
tm881575,Velvet Colección: Grand Finale,MOVIE,2020,82,"comedy, romance","US, ES",7.2,8.0,2.102,4.0
ts218000,Dollar,SHOW,2019,41,"action, drama, romance",LB,6.6,602.0,2.16,8.0
tm848261,Aaviri,MOVIE,2019,113,"drama, thriller",IN,3.5,104.0,0.994,4.0
tm454431,A Home with a View,MOVIE,2019,92,"comedy, drama",HK,5.9,301.0,2.904,6.0
tm982018,A Trash Truck Christmas,MOVIE,2020,28,"action, family, animation, comedy",US,5.5,214.0,17.611,6.5
tm813231,The Bling Lagosians,MOVIE,2019,97,drama,NG,6.4,94.0,2.214,6.0
tm835414,Sitara,MOVIE,2019,128,"drama, animation",IN,8.0,5.0,1.115,7.1
tm823459,Léa & I,MOVIE,2019,84,documentation,US,6.5,215.0,3.101,5.9
tm832463,Mundina Nildana,MOVIE,2019,106,"drama, romance, comedy",IN,6.2,364.0,1.453,6.0
ts252695,Bookmarks: Celebrating Black Voices,SHOW,2020,7,family,US,5.0,163.0,3.313,8.0
tm836449,Tuna Girl,MOVIE,2019,89,"drama, comedy",JP,6.1,148.0,1.508,6.5
tm832844,Mo Gilligan: Momentum,MOVIE,2019,64,comedy,GB,6.3,439.0,2.839,5.3
tm925702,Andre and His Olive Tree,MOVIE,2020,104,documentation,SG,6.7,207.0,1.519,5.0
tm472999,Guddiyan Patole,MOVIE,2019,127,"comedy, drama",IN,7.0,740.0,2.072,9.3
tm925186,Santana,MOVIE,2020,106,"action, crime, drama","ZA, AO",3.8,984.0,7.095,5.6
ts283159,A Perfect Day for Arsenide,SHOW,2020,23,"drama, romance",HK,5.0,18.0,1.4,2.0
tm846630,Tarung Sarung,MOVIE,2020,115,"drama, action, sport, thriller",ID,5.9,196.0,3.165,7.4
tm813929,Gold Statue,MOVIE,2019,145,"drama, comedy",NG,6.2,52.0,1.306,4.0
tm475815,The Zoya Factor,MOVIE,2019,134,"romance, sport, comedy, drama",IN,4.3,2451.0,3.737,5.8
tm683841,"Hello, Love, Goodbye",MOVIE,2019,118,"drama, romance","HK, PH",7.3,1050.0,9.819,6.1
tm468824,Super Monsters Furever Friends,MOVIE,2019,58,"fantasy, animation",,5.7,70.0,22.32,6.2
tm474647,Hot Gimmick: Girl Meets Boy,MOVIE,2019,119,"drama, romance",JP,4.4,454.0,4.889,6.1
tm854786,Yeh Ballet,MOVIE,2020,117,drama,IN,7.5,1335.0,5.098,7.7
ts222901,糖糖Online,SHOW,2019,24,"drama, family",TW,5.4,22.0,0.6,10.0
tm973704,Andhaghaaram,MOVIE,2020,171,"thriller, horror",IN,7.6,3746.0,2.54,7.7
tm467735,Liss Pereira: Reteniendo Liquidos,MOVIE,2019,59,comedy,,6.4,94.0,1.161,7.1
ts250872,Southern Survival,SHOW,2020,29,reality,US,5.2,462.0,1.847,8.3
tm844201,Super Monsters Save Christmas,MOVIE,2019,24,"family, animation, fantasy",US,4.8,57.0,2.865,6.0
tm437379,I'm Leaving Now,MOVIE,2019,74,"documentation, european","MX, US",6.6,111.0,1.517,6.0
tm847805,Ludo,MOVIE,2020,150,"crime, comedy, drama, action",IN,7.6,37528.0,10.329,7.5
tm814652,Mallesham,MOVIE,2019,131,drama,IN,8.3,1045.0,1.915,7.6
tm813938,Mike Epps: Only One Mike,MOVIE,2019,63,comedy,US,4.7,306.0,2.06,6.6
tm461532,Kill Me If You Dare,MOVIE,2019,104,"romance, comedy",TR,4.4,1764.0,3.102,4.2
tm820338,The 9th Precinct,MOVIE,2019,94,"crime, fantasy, thriller, drama, action",TW,5.6,535.0,14.932,6.1
tm822502,Whindersson Nunes: Adulto,MOVIE,2019,68,comedy,BR,7.0,362.0,4.076,8.0
ts218307,Styling Hollywood,SHOW,2019,36,reality,US,6.6,361.0,1.289,10.0
tm839761,"Kalel, 15",MOVIE,2019,104,drama,PH,7.2,276.0,2.69,9.3
tm468651,Kandasamys: The Wedding,MOVIE,2019,98,comedy,ZA,6.0,232.0,2.263,8.4
tm474618,A Tale of Two Kitchens,MOVIE,2019,29,documentation,"MX, US",6.5,145.0,2.511,6.6
tm474496,Mujeres arriba,MOVIE,2020,100,"comedy, romance",CL,3.8,471.0,5.945,7.5
tm476708,Kids on the Block,MOVIE,2019,103,"comedy, family",TR,5.6,361.0,2.383,5.0
ts223121,Bangkok Buddies,SHOW,2019,40,"drama, comedy",TH,6.8,17.0,3.237,10.0
tm477403,Kaake Da Viyah,MOVIE,2019,133,"comedy, romance",IN,5.1,74.0,0.999,6.0
tm935941,Horrid Henry's Gross Day Out,MOVIE,2020,61,"family, animation, action, comedy",GB,5.9,47.0,2.448,1.0
tm863514,House Arrest,MOVIE,2019,104,comedy,IN,5.5,1655.0,3.176,6.4
tm439365,Bombairiya,MOVIE,2019,108,"drama, crime, comedy",IN,4.5,423.0,2.423,7.5
tm927926,Dad Wanted,MOVIE,2020,102,"drama, family, comedy",MX,5.7,1075.0,8.354,7.6
tm818499,Revenge of the Pontianak,MOVIE,2019,92,"horror, romance","SG, MY",5.3,273.0,4.274,5.2
tm822272,Love for Sale 2,MOVIE,2019,92,"drama, romance",ID,7.0,558.0,2.626,7.1
tm466854,Uriyadi 2,MOVIE,2019,119,"action, thriller",IN,7.1,888.0,2.803,6.9
tm845594,Irandam Ulagaporin Kadaisi Gundu,MOVIE,2019,141,"drama, thriller",IN,7.2,970.0,1.87,6.2
tm530822,Carlos Almaraz: Playing with Fire,MOVIE,2019,82,documentation,US,7.5,62.0,0.896,7.0
tm463217,Hamid,MOVIE,2019,108,drama,IN,7.7,1211.0,1.578,7.0
tm467116,Life Overtakes Me,MOVIE,2019,39,documentation,"SE, US",5.0,45.0,8.087,6.4
tm879556,David A. Arnold Fat Ballerina,MOVIE,2020,60,comedy,US,7.3,75.0,1.859,4.7
tm838022,Upstarts,MOVIE,2019,112,drama,IN,6.7,869.0,1.86,7.1
tm468811,Mehandi Circus,MOVIE,2019,135,drama,IN,7.3,557.0,2.967,6.1
tm812593,Feo pero Sabroso,MOVIE,2019,90,comedy,CO,4.3,173.0,8.017,6.9
tm814953,This Earth of Mankind,MOVIE,2019,181,"drama, history",ID,6.8,747.0,2.346,7.3
tm467955,Francesco De Carlo: Cose di Questo Mondo,MOVIE,2019,61,comedy,,6.3,111.0,2.359,6.8
tm846354,#FriendButMarried 2,MOVIE,2020,104,"drama, comedy, romance",ID,6.9,311.0,2.063,7.5
tm373655,Sarvam Thaala Mayam,MOVIE,2019,133,"drama, music",IN,7.6,1231.0,2.903,7.2
tm981956,Spirit Riding Free: Ride Along Adventure,MOVIE,2020,22,"animation, comedy, action, family, western, drama",US,6.1,61.0,1.52,8.7
tm842869,Fadily Camara: La plus drôle de tes copines,MOVIE,2019,54,comedy,FR,5.7,50.0,2.2,6.3
tm918894,Anelka: Misunderstood,MOVIE,2020,94,"documentation, sport",FR,6.4,3174.0,7.071,6.5
tm675214,Mokalik (Mechanic),MOVIE,2019,100,"comedy, drama",NG,6.2,151.0,1.325,5.3
tm852775,Amit Tandon: Family Tandoncies,MOVIE,2020,72,comedy,IN,7.1,255.0,1.388,6.7
tm822167,The Panti Sisters,MOVIE,2019,108,"comedy, drama, romance",PH,5.5,272.0,3.741,4.6
tm461427,15 August,MOVIE,2019,124,"romance, drama",IN,5.7,273.0,2.559,7.0
tm464212,Antoine Griezmann: The Making of a Legend,MOVIE,2019,60,"documentation, sport",FR,6.5,1157.0,5.362,7.1
tm471802,Sur Sapata,MOVIE,2019,128,"comedy, drama, sport",IN,7.3,45.0,1.295,8.5
tm837802,Luccas Neto in: Children's Day,MOVIE,2019,81,"comedy, family",BR,2.5,12.0,2.23,8.5
tm849871,Death Can Wait,MOVIE,2020,91,comedy,CO,4.6,105.0,4.115,6.2
tm825934,Super Monsters Back to School,MOVIE,2019,23,animation,"US, CA",6.2,29.0,2.472,6.3
tm866495,Love Like the Falling Rain,MOVIE,2020,86,"drama, romance, fantasy",ID,4.7,205.0,3.639,6.2
tm922407,Kilometers and Kilometers,MOVIE,2020,129,"action, drama, comedy",IN,6.3,1592.0,2.453,5.6
tm843345,Pinkfong & Baby Shark's Space Adventure,MOVIE,2019,66,"animation, family, music, fantasy","KR, US",5.1,74.0,3.193,4.0
tm924556,Maniyarayile Ashokan,MOVIE,2020,110,"drama, comedy, romance",IN,4.7,1261.0,2.534,3.6
tm451269,Born Beautiful,MOVIE,2019,96,comedy,PH,5.4,119.0,2.213,5.7
tm813075,To Be of Service,MOVIE,2019,88,documentation,US,7.3,99.0,1.499,5.7
tm893510,What are the Odds?,MOVIE,2019,92,"drama, documentation, music",IN,5.2,840.0,1.097,6.0
tm475254,"Sincerely Yours, Dhaka",MOVIE,2019,134,drama,BD,6.9,673.0,1.277,8.0
ts251929,DeMarcus Family Rules,SHOW,2020,28,reality,US,6.4,112.0,1.532,5.5
ts223115,The Charming Stepmom,SHOW,2019,46,"family, romance, comedy",TH,7.9,18.0,5.114,10.0
tm474721,Saverio Raimondo: Il Satiro Parlante,MOVIE,2019,53,comedy,,5.7,54.0,1.235,5.9
tm824855,Lola Igna,MOVIE,2019,114,"drama, comedy",PH,7.2,188.0,2.141,8.0
tm851862,Mutiny of the Worker Bees,MOVIE,2020,100,comedy,MX,4.1,478.0,6.093,7.2
tm944307,I'm Glad I Did,MOVIE,2020,123,documentation,TR,8.4,1416.0,1.424,9.1
tm510525,RK Nagar,MOVIE,2019,110,"comedy, romance",IN,5.1,137.0,1.69,4.0
tm835958,"Martin Matte: La vie, la mort... eh la la..!",MOVIE,2019,61,comedy,CA,6.5,103.0,1.513,7.5
tm883070,David Batra: Elephant in The Room,MOVIE,2020,77,comedy,SE,5.9,197.0,2.333,8.0
ts230973,Arashi's Diary: Voyage,SHOW,2019,30,"documentation, music",JP,7.8,44.0,3.2,9.5
tm679270,Evvarikee Cheppoddu,MOVIE,2019,133,"drama, romance",IN,7.2,412.0,1.938,7.0
tm435295,Ave Maryam,MOVIE,2019,74,"romance, drama",ID,6.9,489.0,2.006,6.1
tm678035,Uncle Naji in UAE,MOVIE,2019,95,"comedy, horror",AE,5.0,60.0,1.272,10.0
tm507191,Mayday Life,MOVIE,2019,112,"music, documentation",TW,6.7,129.0,16.787,8.0
tm836501,Super Monsters: Vida's First Halloween,MOVIE,2019,24,"comedy, animation",,5.9,37.0,2.494,5.0
ts236850,Children of Adam,SHOW,2020,40,"drama, action",LB,7.7,186.0,3.843,8.5
tm977772,40 Sticks,MOVIE,2020,93,thriller,,5.7,103.0,0.84,6.0
tm430120,Belmonte,MOVIE,2019,75,"drama, comedy, european","UY, MX, ES",6.1,382.0,2.003,5.5
tm981770,An Unremarkable Christmas,MOVIE,2020,83,"comedy, drama",CO,3.2,141.0,3.963,6.5
ts222512,Nailed It! France,SHOW,2019,34,reality,,6.5,112.0,1.4,8.5
tm929614,GIMS: On the Record,MOVIE,2020,96,"music, documentation",FR,6.8,209.0,4.812,7.3
tm474405,Between Maybes,MOVIE,2019,107,"drama, romance","PH, JP",6.2,173.0,1.939,4.0
tm454338,Alone/Together,MOVIE,2019,103,"romance, drama",PH,6.6,466.0,1.6,6.8
tm885948,"Yours Sincerely, Kanan Gill",MOVIE,2020,72,comedy,IN,7.1,969.0,2.638,6.1
ts235916,Ladies Up,SHOW,2020,17,"reality, comedy",IN,4.3,237.0,1.598,8.0
tm912399,We Are One,MOVIE,2020,86,documentation,FR,4.7,93.0,3.168,5.8
tm834608,Alelí,MOVIE,2019,88,"comedy, drama",UY,6.3,377.0,10.225,6.3
tm925490,Ainu Mosir,MOVIE,2020,84,drama,"CN, JP, US",6.6,236.0,1.177,7.0
tm476496,Bhai - Vyakti Ki Valli 2,MOVIE,2019,130,"drama, comedy",IN,7.6,203.0,1.015,8.0
tm947446,Finding Agnes,MOVIE,2020,105,drama,PH,5.0,158.0,1.801,5.5
tm812783,Daniel Sosa: Maleducado,MOVIE,2019,54,comedy,,6.1,75.0,4.044,6.5
tm976519,The App That Stole Christmas,MOVIE,2020,63,"comedy, drama",US,3.7,734.0,2.678,4.5
tm822271,Crazy Awesome Teachers,MOVIE,2020,101,"comedy, drama",ID,6.1,452.0,4.187,5.3
tm980439,Chico Bon Bon and the Very Berry Holiday,MOVIE,2020,25,"animation, family",,5.7,39.0,11.049,5.8
ts215862,True Tunes,SHOW,2019,3,"family, animation",US,8.0,13.0,1.522,10.0
tm816983,In Paradox,MOVIE,2019,95,"thriller, fantasy",KW,5.0,147.0,1.234,4.0
tm461907,Rakkhosh,MOVIE,2019,113,horror,IN,4.8,184.0,3.565,6.1
tm983849,Vir Das: Outside in - The Lockdown Special,MOVIE,2020,50,comedy,,6.4,269.0,3.077,6.8
ts103918,The Good Bandit,SHOW,2019,44,"comedy, crime, drama, family",CO,7.8,99.0,4.072,7.4
tm854261,Leyla Everlasting,MOVIE,2020,112,comedy,TR,3.7,7499.0,2.482,3.8
tm464284,We Are Legends,MOVIE,2019,108,action,HK,5.2,195.0,1.663,5.0
tm460149,My Stupid Boss 2,MOVIE,2019,94,"comedy, drama",ID,6.6,457.0,1.706,5.9
tm878492,Fate of Alakada,MOVIE,2020,114,comedy,NG,6.9,55.0,1.307,10.0
tm815438,Sab el-Burumbah,MOVIE,2019,95,comedy,EG,5.6,506.0,3.134,5.6
tm472231,Si Doel the Movie 2,MOVIE,2019,95,"romance, drama",ID,6.8,183.0,1.332,7.3
tm462809,The Wedding Shaman,MOVIE,2019,111,"drama, romance",ID,7.1,161.0,3.818,6.5
tm836077,Holy Expectations,MOVIE,2019,89,comedy,CO,5.2,26.0,2.294,6.5
tm811954,Nenjamundu Nermaiyundu Odu Raja,MOVIE,2019,128,"comedy, romance, drama",IN,6.1,376.0,0.982,5.5
tm842976,Go! The Unforgettable Party,MOVIE,2019,60,"music, family",AR,5.1,144.0,12.439,7.6
tm426634,The Day I Lost My Shadow,MOVIE,2019,94,drama,"LB, QA, SY, FR",6.1,244.0,0.796,6.0
tm452578,Miranda Sings Live... Your Welcome,MOVIE,2019,61,"comedy, music",US,5.4,424.0,3.222,5.7
tm921230,Story of Kale: When Someone's in Love,MOVIE,2020,77,"drama, romance",ID,6.4,279.0,2.048,7.0
tm450129,Sakaling Maging Tayo,MOVIE,2019,90,"romance, comedy",PH,7.0,76.0,1.506,8.0
tm810873,Thottappan,MOVIE,2019,140,drama,IN,6.9,373.0,1.86,6.0
tm981675,Super Monsters: Santa's Super Monster Helpers,MOVIE,2020,24,"animation, family",US,4.5,25.0,1.97,7.7
ts222362,Mighty Little Bheem: Diwali,SHOW,2019,6,"comedy, animation",,7.7,35.0,0.9,10.0
tm460199,High End Yaariyaan,MOVIE,2019,140,"romance, comedy, drama, family",IN,5.4,1525.0,2.169,7.5
tm463814,Edoardo Ferrario: Temi Caldi,MOVIE,2019,65,comedy,IT,6.5,134.0,3.299,6.9
tm1080445,The Gray Man,MOVIE,2022,128,"thriller, action","US, CZ",6.6,46071.0,510.268,6.851
ts252861,Resident Evil,SHOW,2022,51,"scifi, thriller, action, horror",US,3.7,24982.0,1387.392,5.956
tm463762,RRR,MOVIE,2022,187,"drama, action",IN,8.0,87515.0,53.526,7.8
tm305129,Sing 2,MOVIE,2021,110,"comedy, family, fantasy, music, drama, animation",US,7.4,58423.0,545.619,8.052
tm852360,The Man from Toronto,MOVIE,2022,110,"action, thriller, drama, romance, comedy",US,5.8,31497.0,1439.906,6.449
tm1126268,Hustle,MOVIE,2022,117,"drama, sport, comedy",US,7.4,89770.0,746.928,7.9
tm1020438,Spiderhead,MOVIE,2022,106,"scifi, thriller, drama, action, crime",US,5.4,43239.0,996.869,5.8
ts271450,The Lincoln Lawyer,SHOW,2022,50,"crime, drama, thriller",US,7.7,30295.0,68.925,8.1
ts277084,Man vs. Bee,SHOW,2022,11,"comedy, family",GB,6.8,22287.0,260.169,7.477
tm1067148,The Sea Beast,MOVIE,2022,115,"comedy, family, fantasy, scifi, animation",US,7.1,18852.0,1723.363,7.634
tm1226954,Girl in the Picture,MOVIE,2022,102,"documentation, crime",US,7.3,9786.0,219.908,7.196
ts356995,How to Change Your Mind,SHOW,2022,54,documentation,US,8.2,627.0,19.552,7.0
ts269395,God's Favorite Idiot,SHOW,2022,27,"comedy, fantasy",US,5.7,4196.0,7.322,7.0
ts353844,Keep Sweet: Pray and Obey,SHOW,2022,49,"crime, documentation",US,7.4,7174.0,10.307,7.4
tm1143265,Incantation,MOVIE,2022,111,horror,TW,6.2,5660.0,2274.044,7.4
tm957290,Umma,MOVIE,2022,83,"horror, drama",US,4.6,4583.0,155.039,5.9
ts306335,"Boo, Bitch",SHOW,2022,25,"scifi, comedy",US,5.7,2203.0,481.983,6.5
tm1043537,Operation Mincemeat,MOVIE,2022,128,"drama, war, history","GB, US",6.6,18893.0,44.29,6.7
ts215951,Midnight Mass,SHOW,2021,64,"fantasy, horror, action, drama, scifi",US,7.7,106385.0,73.108,7.613
ts108385,Inventing Anna,SHOW,2022,68,drama,US,6.8,61061.0,74.876,6.8
tm928497,Valley of the Dead,MOVIE,2022,101,"comedy, horror, war, fantasy, thriller, action",ES,6.5,114.0,1668.296,6.303
ts308317,Snowflake Mountain,SHOW,2022,38,reality,GB,4.9,691.0,3.681,6.7
tm1228854,Bill Burr: Live at Red Rocks,MOVIE,2022,82,"comedy, documentation",,7.8,1281.0,16.145,6.9
ts264270,Anatomy of a Scandal,SHOW,2022,46,"drama, thriller","GB, US",7.0,23981.0,11.678,7.5
ts222333,Arcane,SHOW,2021,41,"scifi, action, drama, animation, fantasy",US,9.0,186899.0,106.45,9.081
ts220305,Squid Game,SHOW,2021,55,"action, thriller, drama",KR,8.0,426967.0,361.925,7.821
ts271437,Money Heist (Korean Remake),SHOW,2022,70,"action, drama, thriller, crime",KR,5.2,5142.0,904.326,7.998
tm1082564,The Adam Project,MOVIE,2022,106,"drama, action, comedy, scifi",US,6.7,183489.0,317.154,7.106
ts217231,Heartstopper,SHOW,2022,28,"romance, drama",GB,8.7,45476.0,165.66,9.027
ts225061,Pieces of Her,SHOW,2022,51,"drama, crime, thriller",US,6.3,22435.0,18.516,6.6
ts223537,Maid,SHOW,2021,54,"drama, comedy",US,8.4,77885.0,0.6,8.0
tm856378,Don't Look Up,MOVIE,2021,138,"comedy, drama, scifi",US,7.2,515337.0,120.874,7.208
tm674063,The Power of the Dog,MOVIE,2021,126,"drama, romance, western","GB, AU, CA, GR, NZ",6.8,164844.0,41.183,6.8
ts356887,How To Build a Sex Room,SHOW,2022,42,reality,US,5.3,181.0,8.976,8.1
ts328671,"BASTARD‼ -Heavy Metal, Dark Fantasy-",SHOW,2022,25,"animation, action, scifi, comedy, fantasy",JP,6.7,854.0,23.009,6.8
ts288808,The Longest Night,SHOW,2022,45,"action, crime, drama, thriller",ES,5.8,502.0,0.6,6.643
ts319426,You Don't Know Me,SHOW,2021,56,"drama, crime",GB,6.9,4037.0,6.332,6.3
tm1072066,Blasted,MOVIE,2022,114,"action, comedy, scifi",NO,4.8,1528.0,41.268,5.3
ts255888,First Kill,SHOW,2022,49,"thriller, drama, fantasy, horror",US,6.4,23605.0,252.955,8.4
tm1221677,"Hello, Goodbye, and Everything in Between",MOVIE,2022,83,"drama, comedy, romance",US,4.9,1842.0,564.004,5.965
ts306526,Queen,SHOW,2022,49,drama,PL,7.1,815.0,8.782,7.3
ts311101,King of Stonks,SHOW,2022,47,"comedy, drama, thriller",DE,6.0,318.0,9.01,6.2
ts241363,Alba,SHOW,2021,50,drama,ES,6.2,511.0,87.031,7.1
tm1044289,Interceptor,MOVIE,2022,98,"thriller, action, drama",AU,4.5,20007.0,438.512,6.13
ts312082,Alchemy of Souls,SHOW,2022,80,"drama, action, thriller, scifi, comedy, fantasy, romance",KR,8.6,878.0,108.72,8.0
ts90093,The Pentaverate,SHOW,2022,26,comedy,US,6.1,8726.0,8.239,5.9
ts307973,Murderville,SHOW,2022,34,"comedy, crime",US,6.8,11466.0,5.846,6.2
ts270910,Vikings: Valhalla,SHOW,2022,51,"war, action, drama, history, romance",US,7.1,34833.0,236.161,7.98
tm1080083,The Lost Daughter,MOVIE,2021,122,drama,"GR, GB, US",6.7,58882.0,36.068,6.6
ts87242,Shadow and Bone,SHOW,2021,52,"scifi, drama, fantasy, action",US,7.6,80009.0,28.08,8.2
ts302437,Kung Fu Panda: The Dragon Knight,SHOW,2022,24,"action, animation, family, fantasy, comedy",US,5.9,742.0,656.832,7.5
tm979026,"tick, tick... BOOM!",MOVIE,2021,121,drama,US,7.5,98370.0,33.246,7.8
ts353837,"Web of Make Believe: Death, Lies and the Internet",SHOW,2022,57,"crime, documentation",US,6.1,1145.0,5.959,6.6
ts256072,The Woman in the House Across the Street from the Girl in the Window,SHOW,2022,26,"thriller, crime, drama, comedy",US,6.3,41822.0,14.902,7.0
tm404856,Red Notice,MOVIE,2021,117,"thriller, action, comedy, crime",US,6.3,264194.0,311.673,6.775
ts317746,Café Minamdang,SHOW,2022,64,"drama, comedy, crime, thriller",KR,7.0,131.0,51.111,7.2
ts354073,The Future Of,SHOW,2022,20,documentation,US,4.7,165.0,6.998,6.6
ts256710,Archive 81,SHOW,2022,54,"drama, scifi, horror, thriller",US,7.3,45954.0,61.695,7.4
ts281927,Stay Close,SHOW,2021,47,"crime, drama, thriller",GB,6.9,30197.0,11.449,7.2
ts298766,Pirate Gold of Adak Island,SHOW,2022,29,reality,US,4.6,563.0,20.51,5.7
ts225855,All of Us Are Dead,SHOW,2022,61,"action, drama, scifi, horror, thriller, fantasy",KR,7.5,45027.0,491.672,8.452
ts342732,Our Great National Parks,SHOW,2022,52,documentation,US,7.9,1684.0,2.583,7.9
ts255037,Resident Evil: Infinite Darkness,SHOW,2021,27,"scifi, animation, drama, action, horror",US,5.8,9500.0,83.312,7.9
tm1229846,My Daughter's Killer,MOVIE,2022,83,"documentation, crime","DE, FR",6.9,832.0,177.035,6.6
tm1201262,Love & Gelato,MOVIE,2022,111,"romance, comedy, drama",IT,5.1,3980.0,146.021,5.35
tm852172,Apollo 10½:  A Space Age Childhood,MOVIE,2022,98,"animation, scifi, action, comedy, romance, family, horror, drama","NL, US",7.3,6681.0,8.534,7.2
tm937814,The Alpinist,MOVIE,2021,92,documentation,"AT, GB, US",8.0,8048.0,8.534,7.7
tm370144,The Mitchells vs. the Machines,MOVIE,2021,109,"comedy, family, scifi, animation",US,7.6,103825.0,35.602,8.0
ts293103,Juanpis González - The Series,SHOW,2022,25,"comedy, drama",CO,6.8,348.0,39.001,7.6
ts345200,Borgen - Power & Glory,SHOW,2022,57,"drama, war",DK,8.2,165.0,4.726,8.4
ts222522,Spriggan,SHOW,2022,46,"animation, action, war, scifi, drama, thriller",JP,7.0,664.0,16.71,6.9
ts237713,Sweet Tooth,SHOW,2021,45,"drama, scifi, fantasy, action",US,7.8,50215.0,63.287,8.0
tm825714,The Harder They Fall,MOVIE,2021,139,"action, drama, western",US,6.5,59833.0,114.813,6.746
tm996762,Major,MOVIE,2022,149,"action, drama",IN,9.1,7576.0,6.429,8.188
ts102086,Behind Her Eyes,SHOW,2021,50,"thriller, drama",GB,7.2,59293.0,29.851,7.6
tm1196288,Our Father,MOVIE,2022,97,"crime, documentation",US,6.5,9889.0,42.481,6.5
ts284297,All American: Homecoming,SHOW,2022,39,"drama, sport",US,5.3,527.0,9.277,8.1
ts296046,Lupin,SHOW,2021,46,"crime, drama, thriller, action, comedy",FR,7.5,102888.0,66.66,7.9
tm1083293,Windfall,MOVIE,2022,92,"crime, drama, thriller",US,5.7,20903.0,43.789,5.327
ts346959,Meltdown: Three Mile Island,SHOW,2022,44,"documentation, history",US,6.9,3115.0,2.873,6.4
ts287722,The Upshaws,SHOW,2021,27,"family, comedy",US,6.8,2589.0,5.205,8.7
tm1165462,Senior Year,MOVIE,2022,112,"comedy, drama",US,5.5,34419.0,232.337,5.9
ts240453,Clark,SHOW,2022,61,"thriller, action, comedy, crime, drama",SE,7.4,7958.0,14.127,6.9
ts294227,Farzar,SHOW,2022,27,"scifi, animation, action, comedy",US,5.3,929.0,47.136,6.5
tm946869,Texas Chainsaw Massacre,MOVIE,2022,83,"horror, thriller, crime",US,4.8,48828.0,331.065,5.2
tm986168,The Guilty,MOVIE,2021,91,"drama, thriller, action, crime",US,6.3,117984.0,33.761,6.4
tm1019177,The Colony,MOVIE,2021,104,"scifi, thriller, action","CH, DE",5.3,8495.0,23.747,5.6
ts256310,Pacific Rim: The Black,SHOW,2021,24,"scifi, animation, action",US,7.0,5175.0,50.254,8.333
tm1209228,Norm Macdonald: Nothing Special,MOVIE,2022,87,"comedy, documentation",US,7.6,1466.0,4.061,6.2
ts311985,Inside Job,SHOW,2021,28,"comedy, animation, fantasy, scifi",US,7.6,16616.0,42.395,8.2
tm1120543,The Bubble,MOVIE,2022,126,comedy,US,4.7,22479.0,91.061,4.8
ts328051,Iron Chef: Quest for an Iron Legend,SHOW,2022,48,reality,US,7.1,382.0,4.182,7.0
ts310081,Two Summers,SHOW,2022,46,"thriller, drama",BE,6.8,2867.0,39.696,6.75
ts269096,She Would Never Know,SHOW,2021,64,"drama, romance",KR,7.5,743.0,34.287,8.8
tm991529,The Hand of God,MOVIE,2021,130,drama,IT,7.4,30235.0,34.74,7.6
ts355168,The Hidden Lives of Pets,SHOW,2022,32,documentation,GB,7.4,339.0,7.588,7.7
tm1231785,For Jojo,MOVIE,2022,97,"comedy, drama",DE,4.2,121.0,16.562,3.792
tm1092864,The Unforgivable,MOVIE,2021,112,"drama, crime","GB, US, DE",7.1,105353.0,74.153,7.5
ts311987,Bad Vegan: Fame. Fraud. Fugitives.,SHOW,2022,52,"documentation, crime",US,5.8,6134.0,3.403,5.3
ts85985,Cowboy Bebop,SHOW,2021,45,"scifi, action, drama, fantasy, comedy, crime",US,6.6,35427.0,17.479,6.8
ts237722,The Cuphead Show!,SHOW,2022,15,"animation, comedy, family, fantasy, action",US,7.4,6513.0,96.8,8.0
ts251675,Hellbound,SHOW,2021,52,"scifi, horror, thriller, crime, drama, fantasy",KR,6.6,23099.0,193.725,7.6
tm1014947,Against the Ice,MOVIE,2022,102,"drama, history, action","DK, IS",6.5,20521.0,60.566,6.9
tm1075698,Metal Lords,MOVIE,2022,97,"music, comedy, drama",US,6.7,24672.0,123.401,6.8
ts252119,The Beauty Queen of Jerusalem,SHOW,2021,30,drama,IL,7.1,337.0,11.854,8.0
ts292696,Intimacy,SHOW,2022,48,"crime, drama, thriller",ES,6.8,1674.0,19.965,6.7
tm1195971,Jennifer Lopez:  Halftime,MOVIE,2022,95,"music, documentation",US,6.5,3980.0,149.855,6.935
ts234817,In from the Cold,SHOW,2022,49,"drama, scifi, thriller, action, crime",US,6.2,7047.0,13.736,7.5
ts227473,Brand New Cherry Flavor,SHOW,2021,43,"thriller, drama, horror, scifi",US,7.1,15028.0,57.609,6.9
tm1117040,Anek,MOVIE,2022,146,"action, thriller, drama",IN,7.1,19394.0,9.261,5.2
ts269179,The G Word with Adam Conover,SHOW,2022,30,"documentation, comedy",US,6.7,682.0,4.603,5.5
tm1204402,Ricky Gervais: SuperNature,MOVIE,2022,64,comedy,GB,7.8,3256.0,7.492,7.4
tm1001097,Beauty,MOVIE,2022,95,"drama, music, romance",US,3.9,492.0,87.939,5.9
tm525645,Fear Street: Part One - 1994,MOVIE,2021,107,"drama, horror, fantasy",US,6.2,77401.0,123.091,6.766
ts289334,Sex/Life,SHOW,2021,47,"comedy, drama, romance",US,5.4,20549.0,165.068,7.1
tm1022953,Who We Are: A Chronicle of Racism in America,MOVIE,2022,117,documentation,US,6.2,715.0,3.747,4.7
tm1038686,Bo Burnham: Inside,MOVIE,2021,87,"comedy, drama, music, reality",US,8.7,44074.0,11.434,8.2
tm1180524,Av: The Hunt,MOVIE,2021,86,"thriller, action",TR,5.5,344.0,5.264,6.0
ts310057,True Story,SHOW,2021,39,"drama, thriller, comedy, crime",US,7.4,17567.0,42.104,7.2
tm501313,Gunpowder Milkshake,MOVIE,2021,114,"action, thriller, crime","FR, DE, US",6.0,42709.0,106.522,6.398
tm1137051,Bubble,MOVIE,2022,101,"scifi, fantasy, romance, sport, thriller, animation, action, drama",JP,6.3,4597.0,550.643,7.497
tm471968,Passing,MOVIE,2021,98,"drama, thriller","US, CA, GB",6.7,13803.0,29.687,6.451
tm1111987,Munich: The Edge of War,MOVIE,2022,129,"drama, history, thriller",GB,6.8,28352.0,29.255,6.9
ts300391,Clickbait,SHOW,2021,46,"crime, drama, thriller","US, AU",7.2,51476.0,40.623,7.644
ts273436,Murder Among the Mormons,SHOW,2021,53,"documentation, crime, history",US,7.0,6309.0,6.871,7.3
ts281225,Wrong Side of the Tracks,SHOW,2021,71,"action, crime, drama, thriller",ES,6.7,1671.0,27.824,5.7
tm1048362,Army of Thieves,MOVIE,2021,127,"comedy, crime, thriller, scifi, horror, romance, action","DE, US",6.4,73790.0,157.021,6.9
ts349630,Love on the Spectrum U.S.,SHOW,2022,41,"reality, documentation, romance",US,8.2,1097.0,2.852,6.7
ts286731,Komi Can't Communicate,SHOW,2021,24,"drama, animation, comedy, romance",JP,7.8,5462.0,132.754,8.253
ts232107,The Silent Sea,SHOW,2021,45,"scifi, thriller, horror, drama",KR,6.9,19592.0,94.568,8.0
ts296472,The Chestnut Man,SHOW,2021,55,"crime, drama, thriller",DK,7.7,42817.0,49.565,7.7
ts88578,Firefly Lane,SHOW,2021,50,"drama, romance",US,7.4,20748.0,9.959,7.7
tm1165983,The Weekend Away,MOVIE,2022,90,"thriller, crime, drama",GB,5.6,22686.0,157.463,6.0
tm1196705,A Perfect Pairing,MOVIE,2022,101,"comedy, romance","US, AU",6.1,9742.0,372.132,6.789
tm1219452,Cristela Alonzo: Middle Classy,MOVIE,2022,60,"comedy, documentation",,6.8,211.0,5.986,6.0
tm456513,Army of the Dead,MOVIE,2021,148,"horror, thriller, crime, scifi, action",US,5.7,169348.0,131.869,6.3
tm1138477,Downfall: The Case Against Boeing,MOVIE,2022,89,documentation,US,7.4,10313.0,25.636,7.2
tm1166288,Rescued by Ruby,MOVIE,2022,93,"family, drama",CA,7.1,7485.0,49.137,7.119
tm1064065,Black Crab,MOVIE,2022,114,"scifi, thriller, war, action, drama",SE,5.6,19159.0,207.948,6.3
tm1119272,14 Peaks: Nothing Is Impossible,MOVIE,2021,101,"documentation, sport",US,7.7,24213.0,22.226,7.5
ts343430,The 7 Lives of Lea,SHOW,2022,45,"drama, thriller, fantasy, crime",FR,7.5,2684.0,12.437,7.1
tm851128,Bigbug,MOVIE,2022,111,"comedy, scifi, fantasy",FR,5.4,7483.0,26.497,5.3
tm1137119,Image of Victory,MOVIE,2021,128,"war, history, drama",IL,7.5,178.0,2.711,7.0
tm1166024,Choose or Die,MOVIE,2022,85,"scifi, thriller, drama, horror",GB,4.7,18307.0,25.632,5.3
tm1046932,Kate,MOVIE,2021,106,"action, drama, thriller, crime","US, JP, TH",6.2,59480.0,64.19,6.7
tm992844,The Dig,MOVIE,2021,112,"history, drama",GB,7.1,73079.0,20.072,6.9
ts225645,The Chair,SHOW,2021,30,"drama, comedy",US,7.2,16331.0,6.775,7.0
ts282131,Attenborough's Life in Colour,SHOW,2021,51,documentation,GB,8.2,3238.0,6.232,7.7
tm1207097,Bill Burr Presents: Friends Who Kill,MOVIE,2022,73,"comedy, documentation",,4.5,1857.0,5.237,5.1
ts356951,Hurts Like Hell,SHOW,2022,50,"drama, sport",TH,8.4,83.0,8.413,9.071
tm1033470,Till Death,MOVIE,2021,89,"horror, thriller",US,5.8,20256.0,21.514,6.6
tm824160,Fear Street: Part Two - 1978,MOVIE,2021,109,"drama, horror, fantasy",US,6.7,60682.0,116.422,7.3
tm1064228,Fatherhood,MOVIE,2021,109,"drama, comedy","CA, US",6.6,34661.0,88.619,7.6
ts95572,The Serpent,SHOW,2021,57,"crime, drama, thriller",GB,7.6,42371.0,12.904,7.6
tm1185367,White Hot: The Rise & Fall of Abercrombie & Fitch,MOVIE,2022,88,documentation,US,5.7,4124.0,5.038,5.9
ts311989,jeen-yuhs,SHOW,2022,93,"documentation, music",US,8.0,8319.0,3.852,7.1
ts307649,Turning Point: 9/11 and the War on Terror,SHOW,2021,62,"war, history, documentation",US,8.0,9132.0,7.209,7.3
ts305788,The Perfect Mother,SHOW,2022,49,"drama, thriller","FR, DE",5.9,845.0,14.164,6.0
tm983784,Coming Home in the Dark,MOVIE,2021,93,"thriller, crime, horror",NZ,5.7,5114.0,11.156,5.7
tm1171875,Too Old for Fairy Tales,MOVIE,2022,106,"comedy, family",,6.1,34.0,8.449,6.4
ts321918,Human Resources,SHOW,2022,27,"animation, comedy, romance",US,7.2,5579.0,21.344,6.5
tm993838,Long Story Short,MOVIE,2021,90,"fantasy, comedy, romance",AU,6.5,4995.0,59.305,7.0
ts328194,My Name,SHOW,2021,50,"thriller, action, crime, drama",KR,7.8,19737.0,86.286,8.3
tm983723,The Sparks Brothers,MOVIE,2021,140,"documentation, music, comedy, history","GB, US",7.8,4663.0,6.784,7.3
tm855839,The Shadow in My Eye,MOVIE,2021,107,"war, drama, history",DK,7.3,9462.0,22.432,7.742
tm1108321,Dave Chappelle: The Closer,MOVIE,2021,72,comedy,US,8.0,25873.0,7.841,7.2
tm1092958,No One Gets Out Alive,MOVIE,2021,85,"horror, thriller, drama","RO, US",5.3,15031.0,96.132,6.0
ts296743,Welcome to Eden,SHOW,2022,41,"action, scifi, drama, thriller","ES, KN",5.4,4145.0,198.535,7.3
ts108042,Maya and the Three,SHOW,2021,131,"comedy, drama, family, fantasy, animation, action",MX,8.1,3780.0,51.341,7.8
tm1046264,The Vault,MOVIE,2021,118,"crime, action, thriller, fantasy",ES,6.4,21511.0,22.456,5.9
ts329699,The Andy Warhol Diaries,SHOW,2022,66,documentation,US,7.7,1844.0,1.844,7.6
tm1150385,The Tinder Swindler,MOVIE,2022,114,"documentation, crime",GB,7.2,61809.0,41.443,7.061
ts283080,Who Killed Sara?,SHOW,2021,41,"drama, crime, thriller",MX,6.4,13960.0,119.334,7.7
tm1227918,Under the Amalfi Sun,MOVIE,2022,90,"romance, comedy, drama",IT,5.2,502.0,561.722,6.3
ts287976,Young Royals,SHOW,2021,45,"drama, romance",SE,8.3,29025.0,43.342,8.8
ts225657,Halston,SHOW,2021,47,drama,US,7.5,14681.0,18.504,7.3
tm347095,Oxygen,MOVIE,2021,100,"scifi, thriller, horror, drama, fantasy","FR, US",6.5,37871.0,44.5,6.635
ts229335,Anxious People,SHOW,2021,29,"crime, drama, comedy",SE,6.8,3913.0,3.126,6.4
tm1087461,Last Man Down,MOVIE,2021,87,"thriller, action, scifi","SE, GB",4.8,12850.0,358.251,6.273
tm1046026,The Trip,MOVIE,2021,114,"action, thriller, comedy, horror",NO,6.9,20921.0,65.274,6.7
tm416779,The Woman in the Window,MOVIE,2021,100,"drama, thriller, crime",US,5.7,72490.0,23.639,6.1
ts287559,Jupiter's Legacy,SHOW,2021,45,"scifi, action, drama, thriller, fantasy",US,6.7,37848.0,59.076,7.3
tm1191224,365 Days: This Day,MOVIE,2022,111,"romance, drama",PL,2.5,16587.0,449.292,5.8
ts301625,Hold Tight,SHOW,2022,47,"crime, drama, thriller",PL,6.1,2288.0,6.901,7.2
tm1075215,Aftermath,MOVIE,2021,114,"horror, thriller, drama",US,5.3,15646.0,46.058,6.4
tm1094217,Chickenhare and the Hamster of Darkness,MOVIE,2022,91,"animation, comedy, family, romance, fantasy","BE, FR",6.3,1303.0,511.444,7.446
ts287438,The Innocent,SHOW,2021,58,"thriller, drama, crime",ES,7.8,29670.0,15.042,7.8
tm1199146,Toscana,MOVIE,2022,90,"drama, romance",DK,5.7,5826.0,11.013,5.8
tm1141439,Home Team,MOVIE,2022,95,"family, comedy, sport",US,6.0,17767.0,72.562,6.8
tm1018747,Live Is Life,MOVIE,2022,110,"comedy, drama",ES,7.0,70.0,27.199,6.8
tm949309,The White Tiger,MOVIE,2021,125,"drama, crime","SG, US, IN",7.1,59441.0,19.472,6.955
ts343432,Yakamoz S-245,SHOW,2022,48,"scifi, drama, action, thriller",TR,6.1,5789.0,13.009,7.2
ts287352,Hit & Run,SHOW,2021,44,"drama, action, thriller, crime",IL,7.0,8602.0,20.178,7.5
ts328605,Midnight at the Pera Palace,SHOW,2022,44,"thriller, drama, history",TR,7.0,7377.0,5.849,6.9
ts328541,The Puppet Master: Hunting the Ultimate Conman,SHOW,2022,42,"documentation, crime",GB,7.0,6370.0,6.409,6.564
tm1110527,Captain Nova,MOVIE,2021,86,"action, family, scifi",NL,5.5,1391.0,7.99,6.2
tm1022103,Outlaws,MOVIE,2021,125,"crime, action, thriller",ES,6.9,3985.0,67.192,7.0
tm1046627,Hypnotic,MOVIE,2021,88,"thriller, horror, drama",CA,5.3,15690.0,71.857,6.121
ts314135,VOIR,SHOW,2021,20,documentation,US,6.8,1323.0,1.35,7.2
tm1185360,Return to Space,MOVIE,2022,128,documentation,US,7.3,4087.0,19.791,6.2
ts321298,Business Proposal,SHOW,2022,61,"drama, romance, comedy",KR,8.1,7806.0,183.465,8.3
tm1120855,Along for the Ride,MOVIE,2022,106,"drama, romance",US,6.1,5347.0,158.01,6.6
tm861000,Worth,MOVIE,2021,118,"drama, history","CA, GB, US",6.8,13524.0,14.465,6.8
tm1021871,The Starling,MOVIE,2021,102,"comedy, drama, fantasy",US,6.3,12309.0,24.671,7.1
tm841797,The Ice Road,MOVIE,2021,109,"action, thriller, drama",US,5.6,38927.0,35.718,7.009
ts309930,Remarriage & Desires,SHOW,2022,62,drama,KR,7.2,459.0,56.948,7.667
ts271888,Fate: The Winx Saga,SHOW,2021,50,"scifi, drama, fantasy, action",US,6.8,39519.0,97.114,8.373
tm1020851,Back to the Outback,MOVIE,2021,95,"animation, comedy, family","AU, US",6.5,7896.0,155.021,7.8
ts219423,Masters of the Universe: Revelation,SHOW,2021,26,"family, fantasy, scifi, action, drama, animation, comedy",US,5.3,26422.0,26.04,6.8
tm1003630,After We Fell,MOVIE,2021,99,"romance, drama","FR, US",4.6,13221.0,341.558,7.2
ts255779,Gabby's Dollhouse,SHOW,2021,24,"animation, comedy, family, fantasy",US,7.0,379.0,15.275,9.0
ts314164,Tomorrow,SHOW,2022,61,"drama, fantasy, action, comedy",KR,7.7,8564.0,30.75,8.582
ts299865,Heist,SHOW,2021,43,"crime, documentation",US,6.8,1748.0,5.935,6.9
tm1000147,Zone 414,MOVIE,2021,98,"scifi, thriller",GB,4.9,4146.0,121.562,5.4
ts321513,My Liberation Notes,SHOW,2022,68,"drama, family, romance",KR,8.4,1400.0,16.528,8.1
ts273229,Feria: The Darkest Light,SHOW,2022,50,"scifi, crime, drama, fantasy, horror, thriller",ES,5.7,1532.0,12.612,6.8
ts300325,Surviving Summer,SHOW,2022,28,"drama, family","DE, AU",6.3,1433.0,10.719,7.8
tm1180610,The Wrath of God,MOVIE,2022,97,"thriller, drama",AR,5.7,2800.0,445.767,6.495
ts330425,The Principles of Pleasure,SHOW,2022,51,documentation,US,5.7,1121.0,4.446,6.0
tm1185374,The Mystery of Marilyn Monroe: The Unheard Tapes,MOVIE,2022,101,documentation,US,6.2,3978.0,89.61,6.3
tm992260,Yes Day,MOVIE,2021,86,"comedy, family",US,5.7,23625.0,32.951,6.9
tm1166046,Ante... Sundaraniki!,MOVIE,2022,173,"comedy, romance, family",IN,8.0,2538.0,8.563,6.7
ts271413,Night Stalker: The Hunt for a Serial Killer,SHOW,2021,47,"documentation, crime, thriller",US,7.5,24892.0,15.428,7.4
tm1079334,"Bob Ross: Happy Accidents, Betrayal & Greed",MOVIE,2021,92,documentation,"US, NL",6.9,5856.0,6.605,6.8
ts296214,How to Become a Tyrant,SHOW,2021,27,"documentation, war, history",US,7.4,8484.0,11.324,7.5
ts330347,Cracow Monsters,SHOW,2022,52,"scifi, drama, fantasy, horror, thriller",PL,5.5,1694.0,119.993,6.9
tm1227853,Bhool Bhulaiyaa 2,MOVIE,2022,142,"horror, comedy",IN,5.9,27244.0,9.939,7.0
ts94677,Worst Roommate Ever,SHOW,2022,47,"crime, documentation, drama, thriller",US,8.1,8.0,4.457,6.9
tm1219941,Glamour Girls,MOVIE,2022,125,drama,,3.6,144.0,191.02,5.0
tm1210970,Gladbeck: The Hostage Crisis,MOVIE,2022,91,"documentation, crime",DE,7.5,1765.0,37.903,7.4
tm413169,Peter Rabbit 2: The Runaway,MOVIE,2021,93,"fantasy, action, family, comedy, animation, crime, drama","AU, US",6.2,11233.0,130.318,7.2
ts225690,Vampire in the Garden,SHOW,2022,26,"drama, scifi, action, animation, fantasy, thriller",JP,6.7,848.0,7.973,7.8
tm1212673,Joel Kim Booster: Psychosexual,MOVIE,2022,67,"comedy, documentation",,5.5,284.0,8.716,8.0
ts279892,Ginny & Georgia,SHOW,2021,54,"drama, comedy",US,7.4,46343.0,71.27,8.1
tm1151272,Beast,MOVIE,2022,162,"thriller, action, comedy, crime",IN,5.2,30369.0,15.358,6.3
tm981945,The Last Letter From Your Lover,MOVIE,2021,109,"drama, romance","GB, CA",6.6,17099.0,26.67,7.5
ts344184,Conversations with a Killer: The John Wayne Gacy Tapes,SHOW,2022,61,"documentation, crime",US,7.1,6665.0,94.08,7.4
ts314594,Catching Killers,SHOW,2021,41,"crime, documentation",US,7.1,3250.0,12.506,7.0
ts1475,Chosen,SHOW,2022,41,"scifi, drama, thriller",DK,4.3,1246.0,7.199,6.584
tm919880,Final Account,MOVIE,2021,94,documentation,"GB, US",7.1,1042.0,3.38,7.1
tm833216,Things Heard & Seen,MOVIE,2021,121,"horror, drama, thriller",US,5.3,30703.0,14.718,5.8
tm314863,Vivo,MOVIE,2021,103,"family, comedy, animation, drama",US,6.7,18238.0,101.83,7.5
ts330402,Is It Cake?,SHOW,2022,39,reality,US,5.7,2411.0,3.846,7.6
ts281062,The Girl from Oslo,SHOW,2021,33,"drama, thriller",NO,6.3,3141.0,9.423,7.3
ts312071,The Way of the Househusband,SHOW,2021,18,"animation, comedy, action, crime, drama, romance",JP,7.3,3724.0,20.159,8.591
ts302363,Twenty Five Twenty One,SHOW,2022,76,"drama, romance",KR,8.7,5746.0,57.97,8.6
ts308845,The Billion Dollar Code,SHOW,2021,67,"drama, crime, thriller",DE,8.0,8164.0,11.997,8.2
tm841825,My Little Pony: A New Generation,MOVIE,2021,91,"music, action, animation, family, fantasy, comedy, drama, scifi","IE, US, CA",6.8,3657.0,88.17,8.0
tm1159163,Fistful of Vengeance,MOVIE,2022,94,"fantasy, action, crime, drama",US,4.4,6341.0,211.567,5.4
tm1164962,Restless,MOVIE,2022,95,"thriller, action, crime","BE, FR",5.8,4174.0,217.363,6.0
ts253813,Glória,SHOW,2021,44,"drama, history, thriller",PT,7.9,4126.0,5.98,7.0
tm1027081,Blood Red Sky,MOVIE,2021,121,"thriller, action, fantasy, horror","GB, DE",6.1,44006.0,57.545,7.0
ts272980,The One,SHOW,2021,42,"drama, scifi, thriller, crime, action",GB,6.6,12552.0,13.554,6.9
tm1003034,The Witcher: Nightmare of the Wolf,MOVIE,2021,83,"action, drama, fantasy, scifi, animation","US, PL, KR",7.2,42484.0,16.901,7.7
tm857461,Gangubai Kathiawadi,MOVIE,2022,157,"crime, drama",IN,7.0,50163.0,15.015,7.7
tm1217459,Godse,MOVIE,2022,142,"action, thriller",IN,8.2,199.0,10.447,7.0
ts294338,Hard Cell,SHOW,2022,26,"comedy, documentation, sport","US, GB",6.2,1568.0,2.936,5.8
tm976166,Malcolm & Marie,MOVIE,2021,106,"romance, drama",US,6.6,36395.0,22.675,7.1
tm1141594,Brazen,MOVIE,2022,94,"thriller, romance, crime, drama",US,4.1,11753.0,182.054,4.9
ts296825,Gone for Good,SHOW,2021,49,"drama, thriller, crime",FR,6.3,4083.0,4.375,6.0
ts284702,This Is a Robbery: The World's Biggest Art Heist,SHOW,2021,53,"crime, documentation, history",US,6.5,4328.0,5.515,6.9
tm458292,Space Sweepers,MOVIE,2021,136,"scifi, drama, fantasy, action",KR,6.5,25178.0,65.593,7.147
tm459789,The Lovebirds,MOVIE,2021,87,"romance, comedy, action, thriller, crime",US,6.0,25697.0,9.076,5.8
ts271595,Crime Scene: The Vanishing at the Cecil Hotel,SHOW,2021,55,"documentation, crime, thriller",US,5.9,16799.0,18.971,7.2
tm1179973,Trust No One: The Hunt for the Crypto King,MOVIE,2022,90,"documentation, crime",GB,6.3,4444.0,24.834,6.0
ts269881,Record of Ragnarok,SHOW,2021,24,"animation, action, scifi, drama, fantasy, thriller",JP,6.2,4923.0,168.41,8.629
tm1134087,Borrego,MOVIE,2022,102,"crime, thriller",US,5.7,4122.0,222.814,6.1
ts343599,Jimmy Savile: A British Horror Story,SHOW,2022,85,"documentation, crime",GB,6.7,6536.0,3.341,6.8
tm1063652,Intrusion,MOVIE,2021,92,"thriller, drama",US,5.2,16272.0,113.423,6.0
tm1082974,Count Me In,MOVIE,2021,81,"documentation, music",,6.8,1805.0,4.044,7.1
tm1002815,Nightbooks,MOVIE,2021,103,"family, fantasy, horror","CA, US",5.7,8573.0,80.549,6.3
tm1107225,Through My Window,MOVIE,2022,116,"drama, romance, comedy",ES,5.4,9082.0,236.503,7.48
ts299874,Cocaine Cowboys: The Kings of Miami,SHOW,2021,57,"documentation, crime, history",,7.1,2699.0,4.242,7.8
tm1049265,My Wonderful Life,MOVIE,2021,99,"romance, comedy, drama",PL,5.8,626.0,4.228,4.5
tm1168932,Taylor Tomlinson: Look at You,MOVIE,2022,60,"comedy, documentation",,7.3,2008.0,5.174,7.5
ts340376,The Marked Heart,SHOW,2022,44,"thriller, drama",CO,6.4,1824.0,273.963,8.074
ts310938,New Heights,SHOW,2021,48,drama,CH,6.7,525.0,8.664,7.9
ts329700,Life After Death with Tyler Henry,SHOW,2022,43,reality,US,5.9,913.0,2.222,5.5
ts349921,That’s My Time with David Letterman,SHOW,2022,18,comedy,US,6.7,140.0,1.868,7.0
ts270405,Pretend It's a City,SHOW,2021,29,"comedy, documentation",US,8.1,7296.0,3.576,7.6
tm1166020,The Takedown,MOVIE,2022,119,"action, comedy, crime, drama",FR,5.7,5948.0,312.312,6.0
ts192196,Q-Force,SHOW,2021,27,"animation, action, comedy, crime, fantasy, scifi",US,6.3,5294.0,10.637,7.2
tm897466,The Summit of the Gods,MOVIE,2021,95,"animation, thriller, drama, sport, history","LU, FR",7.5,5485.0,8.906,7.9
tm1093099,Love Hard,MOVIE,2021,104,"romance, comedy",US,6.3,49784.0,24.112,7.1
tm1207094,Pete Davidson Presents: The Best Friends,MOVIE,2022,58,"comedy, documentation",US,4.7,569.0,3.503,7.0
ts297247,That Girl Lay Lay,SHOW,2021,22,comedy,US,3.6,254.0,5.946,9.5
tm465421,The Pirates: The Last Royal Treasure,MOVIE,2022,126,"action, comedy, history",KR,6.0,3367.0,94.042,6.6
ts271604,Blue Period,SHOW,2021,25,"animation, drama",JP,7.7,1956.0,8.106,7.7
ts341767,Kotaro Lives Alone,SHOW,2022,27,"animation, drama, comedy",JP,8.4,2281.0,13.897,6.9
ts288744,The Sound of Magic,SHOW,2022,69,"scifi, drama, fantasy, music",KR,7.7,2783.0,117.687,7.5
tm1038327,Beckett,MOVIE,2021,109,"crime, thriller, action, drama","IT, BR",5.6,25703.0,86.212,6.3
tm1131382,Jim Gaffigan: Comedy Monster,MOVIE,2021,70,comedy,,6.8,1658.0,3.435,6.7
tm922429,The Block Island Sound,MOVIE,2021,98,"scifi, horror, thriller",US,5.3,7778.0,8.983,5.3
ts273485,Baki Hanma,SHOW,2021,25,"animation, action, drama, sport, thriller",JP,6.6,1685.0,211.093,8.049
tm1020820,Night Teeth,MOVIE,2021,107,"crime, drama, fantasy, horror, thriller, comedy, action","GB, US",5.6,17526.0,68.073,6.5
ts290643,Super Crooks,SHOW,2021,30,"action, crime, fantasy, scifi, drama, animation",JP,7.1,2254.0,6.317,7.2
tm993670,Cosmic Sin,MOVIE,2021,88,"action, scifi",US,2.5,12517.0,98.432,4.2
tm1198388,Cyber Hell: Exposing an Internet Horror,MOVIE,2022,105,"documentation, crime",KR,6.5,1407.0,186.89,7.1
ts313646,"Mom, Don't Do That!",SHOW,2022,53,"comedy, drama, romance",TW,6.5,87.0,116.074,9.0
tm1038363,America: The Motion Picture,MOVIE,2021,98,"action, animation, war, comedy, fantasy, history, scifi",US,5.6,6349.0,68.439,5.8
tm1048678,Like A Rolling Stone: The Life & Times of Ben Fong-Torres,MOVIE,2021,102,documentation,US,7.3,233.0,1.706,10.0
tm1073510,SAS: Red Notice,MOVIE,2021,124,"thriller, action, drama","GB, HU, NL, CH",5.2,18190.0,89.579,5.9
ts271867,Vincenzo,SHOW,2021,81,"action, drama, comedy, crime, romance",KR,8.4,16358.0,50.764,8.8
tm1158704,Tyler Perry's A Madea Homecoming,MOVIE,2022,105,"comedy, drama, romance",US,5.6,3697.0,68.483,6.7
tm863351,The God Committee,MOVIE,2021,98,"drama, thriller",US,5.8,3964.0,13.632,7.1
tm1020073,Thunder Force,MOVIE,2021,107,"scifi, comedy, fantasy, action",US,4.4,41508.0,47.631,5.7
ts288087,Sophie: A Murder in West Cork,SHOW,2021,55,"documentation, crime, thriller, history",GB,6.8,5234.0,6.016,6.5
tm1121707,Dangerous Liaisons,MOVIE,2022,109,"romance, drama",FR,3.9,1040.0,81.133,5.375
ts314742,He-Man and the Masters of the Universe,SHOW,2021,25,"animation, action, comedy, drama, family, fantasy, scifi",US,5.8,1679.0,22.627,7.078
tm1038344,Awake,MOVIE,2021,96,"drama, scifi, thriller, action",US,4.9,21498.0,89.154,6.0
tm1207098,Amy Schumer Presents: Parental Advisory,MOVIE,2022,57,"comedy, documentation",,3.8,581.0,3.269,4.8
ts333834,The Ultimatum: Marry or Move On,SHOW,2022,49,reality,US,5.4,1759.0,2.696,6.2
ts237972,Katla,SHOW,2021,46,"drama, thriller, scifi",IS,7.0,13472.0,52.807,7.2
ts262246,The Last Bus,SHOW,2022,35,"scifi, comedy, drama, family, fantasy",GB,5.0,590.0,3.658,8.2
tm1080252,7 Prisoners,MOVIE,2021,93,"drama, crime",BR,7.1,6877.0,95.706,7.1
ts313668,Tear Along the Dotted Line,SHOW,2021,19,"drama, comedy, animation",IT,8.7,8053.0,24.559,8.3
tm1028298,He's All That,MOVIE,2021,91,"comedy, romance",US,4.3,24253.0,79.838,6.8
tm977704,Robin Robin,MOVIE,2021,30,"animation, action, family, music, comedy",GB,7.2,1533.0,46.42,7.1
tm813078,Prayers for the Stolen,MOVIE,2021,110,drama,"BR, DE, QA, MX, US, CH, AR",7.3,1729.0,16.208,7.8
tm1150872,Aziz Ansari: Nightclub Comedian,MOVIE,2022,29,comedy,US,7.0,2235.0,3.061,6.7
tm1195561,Kuttavum Shikshayum,MOVIE,2022,136,"crime, drama, thriller, action",IN,6.2,610.0,3.096,8.5
ts104499,Trese,SHOW,2021,29,"horror, scifi, thriller, action, crime, fantasy, animation",PH,7.0,3803.0,20.878,7.4
ts321966,WWII in Color: Road to Victory,SHOW,2021,51,"documentation, war, history",GB,8.2,1684.0,8.514,7.9
tm1180123,The House,MOVIE,2022,31,"thriller, animation, comedy, drama, horror, fantasy",GB,6.9,9535.0,8.347,7.0
tm1141923,The Royal Treatment,MOVIE,2022,96,"romance, comedy, family",US,5.2,8803.0,83.831,6.747
tm673809,Schumacher,MOVIE,2021,112,"sport, documentation",DE,7.4,22280.0,14.35,7.4
tm1110150,There's Someone Inside Your House,MOVIE,2021,96,"horror, thriller",US,4.8,15380.0,79.807,5.6
ts315611,Animal,SHOW,2021,46,documentation,"US, BR",7.9,1181.0,4.822,8.5
tm858869,Stowaway,MOVIE,2021,117,"thriller, action, scifi, drama","DE, US",5.6,45090.0,23.376,5.875
ts297483,Hometown Cha-Cha-Cha,SHOW,2021,78,"comedy, romance, drama",KR,8.4,11060.0,40.151,8.2
tm1165219,Ali Wong: Don Wong,MOVIE,2022,59,comedy,US,6.5,2352.0,6.125,6.9
tm1132176,Jimmy Carr: His Dark Material,MOVIE,2021,59,comedy,GB,7.1,4775.0,4.254,6.6
ts269676,History of Swear Words,SHOW,2021,21,"documentation, comedy",US,6.4,4877.0,5.6,7.0
ts304058,Ganglands,SHOW,2021,46,"action, crime, drama, thriller",FR,7.0,2553.0,39.002,7.3
tm1229007,Paul Virzi: Nocturnal Admissions,MOVIE,2022,65,comedy,,7.1,132.0,4.526,5.8
tm898614,Sweet Girl,MOVIE,2021,110,"action, drama, thriller",US,5.5,31312.0,106.627,6.7
ts273100,DOTA: Dragon's Blood,SHOW,2021,26,"scifi, action, animation, fantasy, thriller",US,7.8,17848.0,29.69,8.0
tm1086874,Minnal Murali,MOVIE,2021,158,"comedy, action, drama, fantasy, scifi",IN,8.1,24681.0,68.032,7.2
ts222864,Falling Into Your Smile,SHOW,2021,44,"drama, comedy, romance",CN,8.4,2267.0,39.102,9.0
ts265991,The Cook of Castamar,SHOW,2021,55,drama,ES,7.4,3807.0,11.161,7.1
ts256311,High-Rise Invasion,SHOW,2021,26,"thriller, action, animation, horror, scifi",JP,6.6,2575.0,37.817,8.4
tm1018890,Seaspiracy,MOVIE,2021,89,documentation,US,8.1,30307.0,7.09,7.9
tm996676,Viraata Parvam,MOVIE,2022,150,"romance, action, drama",IN,8.0,2343.0,4.78,5.0
ts331680,Making Fun,SHOW,2022,41,reality,US,7.1,602.0,5.137,7.0
tm1210379,Collision,MOVIE,2022,99,"drama, crime, thriller",ZA,3.9,886.0,1194.149,5.946
tm1188818,Operation Romeo,MOVIE,2022,135,"drama, thriller",IN,6.2,642.0,3.913,5.3
ts244930,Angry Birds: Summer Madness,SHOW,2022,14,"action, comedy, family, fantasy, animation",US,5.8,620.0,17.106,7.3
tm888243,Pray Away,MOVIE,2021,101,documentation,US,6.5,2888.0,10.176,7.0
tm1018427,Moxie,MOVIE,2021,111,"music, comedy, drama",US,6.7,24720.0,20.59,7.431
ts305264,School of Chocolate,SHOW,2021,40,reality,US,7.6,1721.0,2.468,7.2
tm434625,Wish Dragon,MOVIE,2021,99,"fantasy, animation, family, comedy, romance","US, CN",7.2,25743.0,135.036,8.047
tm1185687,Silverton Siege,MOVIE,2022,100,"action, crime, drama, thriller",ZA,6.2,3434.0,230.111,6.5
tm1221280,Jaadugar,MOVIE,2022,167,"drama, fantasy, romance, sport, comedy",IN,7.3,2563.0,27.48,6.2
tm1038369,Good on Paper,MOVIE,2021,92,"comedy, romance",US,5.6,11987.0,14.843,5.7
tm863823,Finding ʻOhana,MOVIE,2021,123,"action, comedy, family",US,6.1,10056.0,50.07,6.5
tm912100,Bruised,MOVIE,2021,129,"drama, sport, thriller","GB, US",6.1,14293.0,29.914,7.0
tm999817,Green Snake,MOVIE,2021,131,"fantasy, animation, action",CN,6.8,2348.0,15.949,8.5
tm1131061,Hilda and the Mountain King,MOVIE,2021,85,"fantasy, family, animation, comedy, drama","CA, GB",7.7,2408.0,67.409,7.6
ts312984,Our Blues,SHOW,2022,66,drama,KR,8.5,1150.0,23.177,8.8
ts352579,As the Crow Flies,SHOW,2022,46,"drama, comedy",TR,6.3,3039.0,7.481,7.9
ts311791,The Raincoat Killer: Chasing a Predator in Korea,SHOW,2021,48,"documentation, crime, history",KR,6.4,2172.0,18.734,6.5
ts304053,Countdown: Inspiration4 Mission to Space,SHOW,2021,50,documentation,US,7.9,1857.0,6.054,6.7
tm1096775,Procession,MOVIE,2021,118,documentation,US,7.2,1148.0,6.708,5.8
tm1066826,Diana: The Musical,MOVIE,2021,117,"history, music, romance, drama",US,4.2,1266.0,5.117,6.1
tm1161601,Ben & Jody,MOVIE,2022,114,"action, thriller, drama, fantasy",ID,5.4,222.0,5.486,5.7
ts271025,Bling Empire,SHOW,2021,37,reality,US,5.8,3052.0,7.476,8.2
tm1108648,The Wasteland,MOVIE,2022,91,"thriller, horror, drama",ES,4.6,3993.0,13.072,4.9
tm1185421,David Spade: Nothing Personal,MOVIE,2022,66,"comedy, documentation",,5.8,697.0,2.527,5.7
ts329885,Standing Up,SHOW,2022,47,"comedy, drama",FR,7.4,939.0,1.854,5.6
tm1074764,Shiny_Flakes: The Teenage Drug Lord,MOVIE,2021,96,"documentation, crime",DE,7.3,4699.0,10.72,7.8
ts306203,Monsters Inside: The 24 Faces of Billy Milligan,SHOW,2021,61,"documentation, crime",,6.2,3397.0,16.88,7.2
ts291718,Pretty Smart,SHOW,2021,24,"comedy, drama, romance",US,5.8,4451.0,8.866,6.9
ts271321,Beyond Evil,SHOW,2021,66,"crime, thriller, drama",KR,8.1,3010.0,16.207,8.4
ts319412,Forecasting Love and Weather,SHOW,2022,66,"drama, romance",KR,7.1,1617.0,13.284,8.7
tm999927,A Cop Movie,MOVIE,2021,107,"drama, crime, thriller, documentation, action",MX,7.0,1739.0,10.354,7.3
ts287294,"Money, Explained",SHOW,2021,23,documentation,US,6.9,2223.0,14.952,7.6
ts311915,Rebelde,SHOW,2022,40,"drama, romance, family, comedy, music",MX,6.2,2492.0,138.589,7.455
tm1082314,Untold: Malice at the Palace,MOVIE,2021,69,"crime, documentation, sport",US,7.5,7699.0,8.49,7.0
ts307925,On the Verge,SHOW,2021,32,"comedy, drama",FR,6.4,2961.0,8.188,5.2
ts272463,Colin in Black & White,SHOW,2021,32,"drama, sport",US,5.5,7282.0,29.999,6.682
tm1106212,Photocopier,MOVIE,2021,130,"drama, thriller, crime",ID,6.7,3010.0,54.805,7.007
ts313781,The Club,SHOW,2021,47,"drama, comedy",TR,7.9,7810.0,8.116,7.2
tm1087956,Afterlife of the Party,MOVIE,2021,109,"fantasy, romance, comedy, drama",US,5.8,8728.0,28.436,6.9
ts246073,Tribes of Europa,SHOW,2021,47,"scifi, drama, action, fantasy",DE,6.7,12043.0,37.998,7.179
tm1019885,F3: Fun and Frustration,MOVIE,2022,148,"comedy, romance, family",IN,5.5,1199.0,11.729,6.0
ts321614,Blippi Wonders,SHOW,2021,7,animation,US,5.1,21.0,1.557,7.0
ts250092,Shaman King,SHOW,2021,25,"comedy, fantasy, animation, action, scifi",JP,6.9,1728.0,56.636,8.3
ts303513,42 Days of Darkness,SHOW,2022,46,"drama, thriller, crime",CL,6.5,1040.0,6.233,5.9
tm1219787,Stand Out: An LGBTQ+ Celebration,MOVIE,2022,96,"comedy, documentation",,5.9,569.0,4.736,5.5
ts344043,Welcome to Wedding Hell,SHOW,2022,37,"drama, romance",KR,6.9,89.0,4.417,9.0
ts317078,The Journalist,SHOW,2022,51,"crime, drama, thriller",JP,7.0,608.0,6.078,8.1
tm1219831,Dirty Daddy: The Bob Saget Tribute,MOVIE,2022,83,comedy,US,6.6,422.0,6.328,5.8
ts315041,Bulgasal: Immortal Souls,SHOW,2021,71,"scifi, action, drama, fantasy, thriller",KR,7.3,2063.0,10.958,8.1
ts289620,House of Secrets: The Burari Deaths,SHOW,2021,45,"history, documentation, crime",IN,7.4,9944.0,7.749,7.6
tm1042481,Riverdance: The Animated Adventure,MOVIE,2021,86,"animation, comedy, fantasy",CA,5.4,1815.0,113.987,5.7
ts343492,Thermae Romae Novae,SHOW,2022,29,"comedy, animation, fantasy, history",JP,7.0,749.0,1.915,7.6
tm1167440,My Best Friend Anne Frank,MOVIE,2021,103,drama,NL,6.2,4035.0,14.03,6.6
tm1195032,Thar,MOVIE,2022,108,"action, thriller, drama, crime, western",IN,6.1,4703.0,4.937,6.8
ts297846,An astrological guide for broken hearts,SHOW,2021,34,"romance, comedy",IT,7.1,3034.0,8.058,7.0
ts220196,Centaurworld,SHOW,2021,29,"scifi, action, animation, comedy, family, fantasy",US,7.6,2045.0,9.038,7.6
tm1177856,Without Saying Goodbye,MOVIE,2022,96,"romance, comedy","ES, PE",5.7,2446.0,93.966,7.2
tm1005109,Kingdom: Ashin of the North,MOVIE,2021,92,"fantasy, horror, thriller, action, drama",KR,7.2,4890.0,62.804,7.459
tm1144897,My Father's Violin,MOVIE,2022,112,"drama, music",TR,6.4,3216.0,31.324,8.0
ts319333,Tiger King: The Doc Antle Story,SHOW,2021,42,"crime, documentation",US,6.2,1564.0,4.16,6.5
tm1107063,Love and Leashes,MOVIE,2022,118,"comedy, romance",KR,6.3,4273.0,56.793,6.7
ts272366,Amend: The Fight for America,SHOW,2021,58,"war, documentation, history",US,7.8,1281.0,14.953,7.0
ts268102,Juvenile Justice,SHOW,2022,61,"drama, crime",KR,8.0,2633.0,63.286,8.2
ts220553,The Irregulars,SHOW,2021,53,"crime, drama, fantasy, thriller, scifi",GB,5.9,14927.0,10.125,7.5
ts288195,Invisible City,SHOW,2021,37,"thriller, drama, crime, fantasy",BR,7.7,18.0,10.14,7.1
tm1198745,Marmaduke,MOVIE,2022,88,"animation, comedy, family","CA, US",4.8,3394.0,185.553,5.905
tm1003261,Nate Bargatze: The Greatest Average American,MOVIE,2021,60,comedy,US,7.3,1360.0,1.881,7.1
tm1120902,The Privilege,MOVIE,2022,107,"scifi, thriller, drama, horror",DE,4.6,4293.0,101.24,5.0
ts317297,The Orbital Children,SHOW,2022,32,"scifi, animation, drama, fantasy",JP,6.4,564.0,11.016,7.6
tm998188,More the Merrier,MOVIE,2021,112,"romance, comedy",ES,5.4,3302.0,83.397,6.7
ts331439,My Little Pony: Make Your Mark,SHOW,2022,45,"comedy, scifi, music, animation, drama, family, fantasy",US,6.0,136.0,400.035,8.1
ts317522,Dig Deeper: The Disappearance of Birgit Meier,SHOW,2021,60,"crime, documentation",DE,7.3,1881.0,2.293,7.9
tm1047503,Trees of Peace,MOVIE,2021,97,drama,US,6.4,1104.0,118.558,7.3
ts29800,Surviving Death,SHOW,2021,54,"documentation, reality",US,6.1,2028.0,0.6,6.8
ts347762,Baby Fever,SHOW,2022,32,"drama, comedy, romance",DK,6.2,532.0,7.276,6.3
ts296563,Who Rules The World,SHOW,2022,42,"drama, fantasy, romance",CN,8.3,530.0,16.75,5.9
tm1138870,Badhaai Do,MOVIE,2022,147,"comedy, drama, crime",IN,7.1,16685.0,5.054,7.0
tm1207099,Jane Fonda & Lily Tomlin: Ladies Night Live,MOVIE,2022,60,"comedy, documentation",US,5.5,268.0,2.912,5.7
tm166973,Mixtape,MOVIE,2021,94,"comedy, family, drama, romance",US,6.6,3329.0,16.314,7.1
ts320502,Getting Curious with Jonathan Van Ness,SHOW,2022,26,"comedy, reality",US,6.8,741.0,2.01,7.7
ts286317,The Sons of Sam: A Descent Into Darkness,SHOW,2021,60,"crime, documentation, history",US,7.0,8500.0,10.533,7.3
ts301999,Open Your Eyes,SHOW,2021,47,"thriller, drama, scifi",PL,6.5,1464.0,14.064,7.2
tm1104532,Britney vs. Spears,MOVIE,2021,93,"documentation, music",US,6.4,6924.0,6.985,7.2
ts271593,Spycraft,SHOW,2021,34,documentation,US,6.7,2044.0,7.337,6.9
ts327074,Bullsh*t the Game Show,SHOW,2022,0,reality,US,6.1,750.0,1.125,7.2
tm1228963,Ranveer vs Wild with Bear Grylls,MOVIE,2022,70,documentation,IN,7.3,2024.0,9.73,6.0
tm1213009,Dear Friend,MOVIE,2022,118,"comedy, drama, romance",IN,5.9,251.0,2.299,5.5
tm1040671,Marilyn's Eyes,MOVIE,2021,110,"comedy, drama",IT,6.6,1396.0,6.821,6.8
tm1087932,Prey,MOVIE,2021,87,"drama, thriller",DE,4.3,7360.0,48.888,4.6
tm983668,Misha and the Wolves,MOVIE,2021,90,"documentation, drama","BE, GB, DE",6.7,2474.0,12.641,7.2
tm921206,The Kissing Booth 3,MOVIE,2021,112,"romance, comedy","ZA, GB, US",4.7,16307.0,93.277,7.1
ts268835,Sisyphus,SHOW,2021,71,"drama, thriller, action, scifi, fantasy",KR,7.0,3815.0,13.956,7.2
ts305263,Baking Impossible,SHOW,2021,49,reality,US,7.0,1114.0,4.722,6.3
tm319224,The Loud House Movie,MOVIE,2021,83,"comedy, action, family, animation, fantasy, drama, music, thriller",US,6.1,2027.0,88.011,7.6
ts301914,Inspector Koo,SHOW,2021,69,"comedy, drama, thriller, crime, action",KR,6.9,619.0,18.817,7.3
tm1087160,Fever Dream,MOVIE,2021,93,"drama, horror, thriller","CL, PE",5.4,1906.0,30.42,5.9
tm1045741,Blue Miracle,MOVIE,2021,95,"family, action, drama","MX, US",6.6,6778.0,17.953,7.6
tm855641,Home2Home,MOVIE,2022,110,"documentation, action, european",DE,7.9,136.0,1.908,7.0
ts308689,Misfit: The Series,SHOW,2021,24,comedy,NL,7.1,77.0,2.178,8.3
ts272939,The Lost Pirate Kingdom,SHOW,2021,43,"documentation, drama, history",US,6.6,2804.0,6.297,7.7
ts343251,Green Mothers' Club,SHOW,2022,70,"drama, thriller",KR,6.5,120.0,5.439,6.2
tm473502,83,MOVIE,2021,163,"drama, history, sport",IN,7.5,35093.0,10.441,7.0
ts308838,Bad Sport,SHOW,2021,68,"crime, documentation, sport",,7.3,2151.0,3.382,7.3
tm855075,Rurouni Kenshin: The Beginning,MOVIE,2021,138,"action, drama",JP,7.4,8273.0,124.417,7.8
tm1187913,Honeymoon With My Mother,MOVIE,2022,110,comedy,ES,5.8,2660.0,78.984,6.23
ts349845,Mr. Good: Cop or Crook?,SHOW,2022,51,"documentation, crime",NO,6.9,369.0,2.821,5.4
tm1134006,Death to 2021,MOVIE,2021,60,comedy,"GB, US",6.3,14529.0,8.126,6.0
tm881587,"Vengeance Is Mine, All Others Pay Cash",MOVIE,2021,114,"romance, drama, action, comedy",ID,7.0,559.0,2.51,7.8
ts349842,Rhythm + Flow France,SHOW,2022,42,"reality, music",FR,6.3,92.0,11.242,8.5
tm816591,The Getaway King,MOVIE,2021,100,"drama, action, comedy, crime",PL,6.5,1812.0,5.27,6.8
tm810504,Yaksha: Ruthless Operations,MOVIE,2022,125,"action, crime, thriller",KR,6.2,3146.0,332.936,6.2
tm983270,Outside the Wire,MOVIE,2021,116,"action, scifi, thriller, fantasy",US,5.4,42078.0,87.801,6.4
tm1201457,Civil: Ben Crump,MOVIE,2022,101,documentation,,5.4,170.0,23.162,10.0
ts317422,Saturday Morning All Star Hits!,SHOW,2021,23,"animation, comedy",US,7.5,948.0,2.598,6.3
tm982887,The Minimalists: Less Is Now,MOVIE,2021,53,documentation,US,5.9,4108.0,7.565,6.5
tm984155,The Devil Below,MOVIE,2021,89,"horror, thriller",US,4.2,4366.0,7.841,5.1
tm984204,The Seventh Day,MOVIE,2021,87,horror,US,4.5,4403.0,60.598,5.5
ts287328,Yasuke,SHOW,2021,29,"drama, action, scifi, animation, fantasy, thriller",US,6.2,5150.0,8.838,7.81
ts302489,Chicago Party Aunt,SHOW,2021,23,"animation, comedy",US,5.3,1488.0,4.25,6.5
ts304468,Thirty-Nine,SHOW,2022,73,"drama, romance",KR,7.9,150.0,6.647,9.4
ts108621,Sky Rojo,SHOW,2021,27,"drama, thriller, action, crime",ES,6.5,8706.0,39.825,7.7
ts307745,Money Heist: From Tokyo to Berlin,SHOW,2021,53,"documentation, crime, drama",ES,7.7,890.0,712.899,7.391
tm863919,Extinct,MOVIE,2021,85,"animation, comedy, family, action","CA, CN, US",5.4,2590.0,61.643,6.4
tm974195,The Fable: The Killer Who Doesn't Kill,MOVIE,2021,132,"action, comedy, thriller",JP,6.8,1486.0,5.818,6.9
tm858000,Rurouni Kenshin: The Final,MOVIE,2021,139,"drama, action",JP,7.2,8614.0,64.962,7.9
ts269493,Headspace Guide to Meditation,SHOW,2021,22,"documentation, animation",US,8.4,1568.0,4.774,7.7
tm1218547,Bruna Louise: Demolition,MOVIE,2022,65,"comedy, documentation",BR,4.5,51.0,2.735,6.4
ts287703,Mine,SHOW,2021,70,"thriller, drama",KR,7.7,1169.0,11.801,7.5
ts310376,"Sex, Love & Goop",SHOW,2021,35,"reality, comedy, romance",US,4.7,768.0,5.597,5.9
ts317612,Love is Blind: Japan,SHOW,2022,57,"reality, romance",JP,7.1,535.0,2.581,7.5
tm1057343,Prophetess,MOVIE,2021,144,"drama, comedy",,6.8,6.0,1.4,8.0
ts282291,Generation 56K,SHOW,2021,30,"drama, romance, comedy",IT,7.4,2427.0,5.375,7.3
tm860261,To All the Boys: Always and Forever,MOVIE,2021,115,"romance, comedy, drama",US,6.3,25191.0,53.199,7.7
ts258415,Elves,SHOW,2021,24,"thriller, family, drama, fantasy, horror, scifi",DK,5.5,4165.0,45.71,7.0
tm1106044,100 días con la Tata,MOVIE,2021,82,"documentation, family",,7.9,299.0,2.81,7.0
ts297675,Sexy Beasts,SHOW,2021,23,"reality, romance",,4.6,1133.0,36.721,5.9
tm1052498,Aileen Wuornos: American Boogeywoman,MOVIE,2021,85,"thriller, drama, horror",US,3.7,1538.0,6.83,5.4
tm1150256,Tall Girl 2,MOVIE,2022,97,"comedy, romance, drama, family",US,4.7,4356.0,52.544,5.8
ts310335,Insiders,SHOW,2021,46,reality,ES,4.2,742.0,4.397,6.9
ts301196,Top Secret UFO Projects: Declassified,SHOW,2021,44,documentation,GB,5.5,1426.0,22.071,7.3
ts250998,Dirty Lines,SHOW,2022,46,"drama, history",NL,7.4,1840.0,5.758,8.3
tm1102868,Nobody Sleeps in the Woods Tonight 2,MOVIE,2021,97,"horror, thriller, comedy",PL,3.9,3641.0,100.747,4.1
ts320426,Crime Scene: The Times Square Killer,SHOW,2021,49,"thriller, documentation, crime, history",US,6.5,3974.0,5.848,7.125
ts343427,Samurai Rabbit: The Usagi Chronicles,SHOW,2022,25,"animation, action, comedy, family, fantasy, scifi",US,6.5,407.0,5.716,6.7
ts243780,Sharkdog,SHOW,2021,23,"animation, comedy, family","SG, US",5.8,168.0,36.732,9.3
ts288005,"Nevertheless,",SHOW,2021,70,"drama, romance",KR,7.2,4939.0,47.096,8.0
tm872108,A Week Away,MOVIE,2021,94,"drama, family, romance",US,5.7,4608.0,30.453,7.0
ts246178,Eden,SHOW,2021,25,"animation, drama, scifi, reality, family, fantasy, action",JP,6.6,1159.0,11.578,7.0
ts283676,Last Chance U: Basketball,SHOW,2021,57,"documentation, sport",US,8.3,2531.0,9.485,7.7
tm1143898,Jana Gana Mana,MOVIE,2022,161,"drama, thriller, crime",IN,8.3,9167.0,6.712,7.9
ts215989,Snabba Cash,SHOW,2021,43,"crime, drama, thriller, action",SE,7.6,8380.0,6.964,7.1
tm1110389,Single All the Way,MOVIE,2021,99,"romance, comedy, drama",CA,6.1,15190.0,40.516,6.5
tm1031976,Dhamaka,MOVIE,2021,104,"thriller, crime, drama, action",IN,7.2,40263.0,72.416,7.3
ts308511,Back to 15,SHOW,2022,0,"drama, comedy",BR,6.6,662.0,5.829,6.3
tm1093287,The River Runner,MOVIE,2021,86,"documentation, action",,6.9,1667.0,2.283,6.7
tm362072,Monster,MOVIE,2021,98,"drama, crime","CA, US",6.5,5770.0,14.441,6.5
tm1120509,Never Back Down: Revolt,MOVIE,2021,89,"action, crime, drama, sport",US,4.0,535.0,81.744,6.6
ts320075,Aranyak,SHOW,2021,43,"thriller, drama, crime",IN,7.9,7629.0,4.389,7.7
ts280892,"Devotion, a Story of Love and Desire",SHOW,2022,40,"drama, romance",IT,6.4,1500.0,13.644,6.8
tm1091155,Untold: Breaking Point,MOVIE,2021,79,"documentation, sport",US,7.6,2490.0,5.385,8.0
tm1219931,Heart Parade,MOVIE,2022,108,"comedy, romance",PL,4.9,477.0,354.267,5.7
tm991351,Pelé,MOVIE,2021,108,"documentation, sport",GB,7.0,4256.0,19.653,7.5
ts223450,Move to Heaven,SHOW,2021,52,drama,KR,8.6,5634.0,15.536,7.8
ts257504,Heirs to the Land,SHOW,2022,54,"drama, history, comedy, scifi",ES,7.0,947.0,11.208,6.0
tm1102891,Grudge,MOVIE,2021,104,"thriller, crime, drama",TR,5.5,4298.0,61.563,6.5
tm998858,Brian Regan: On the Rocks,MOVIE,2021,58,comedy,US,6.8,619.0,1.875,6.8
tm894254,Penguin Bloom,MOVIE,2021,95,drama,"AU, US",6.8,10148.0,24.152,7.1
tm983658,Rita Moreno: Just a Girl Who Decided to Go for It,MOVIE,2021,90,documentation,US,7.7,750.0,4.916,7.1
ts312200,I Am Georgina,SHOW,2022,41,reality,ES,3.9,2879.0,43.523,7.3
ts346500,Wild Babies,SHOW,2022,30,documentation,GB,7.7,421.0,3.289,7.6
ts302312,Jaguar,SHOW,2021,45,"drama, war, action, history",ES,5.7,1766.0,30.462,7.1
ts317720,Coming Out Colton,SHOW,2021,33,reality,US,6.7,1142.0,2.167,7.6
tm1003353,Operation Varsity Blues: The College Admissions Scandal,MOVIE,2021,100,"drama, documentation, crime",US,6.9,8190.0,8.255,7.0
ts314395,The Motive,SHOW,2021,35,"crime, documentation",,5.2,1472.0,11.281,5.7
tm817075,Furioza,MOVIE,2021,139,"crime, drama, action",PL,6.2,4129.0,14.047,6.2
tm1137862,Four to Dinner,MOVIE,2022,104,"comedy, romance",IT,6.3,3130.0,41.83,6.3
tm834847,Seal Team,MOVIE,2021,101,"animation, comedy",ZA,5.5,1350.0,99.808,7.1
tm876997,Most Eligible Bachelor,MOVIE,2021,170,"drama, romance",IN,6.1,3261.0,2.675,5.7
tm1204615,Katt Williams: World War III,MOVIE,2022,59,comedy,,4.6,413.0,2.529,5.2
ts255486,Godzilla Singular Point,SHOW,2021,25,"animation, action, scifi, thriller",JP,6.5,1673.0,21.135,7.218
tm1207096,Snoop Dogg's F*cn Around Comedy Special,MOVIE,2022,67,"documentation, comedy, music",,5.2,371.0,5.006,5.3
tm1092995,Shaun the Sheep: The Flight Before Christmas,MOVIE,2021,30,"animation, comedy, family",GB,7.3,1491.0,67.766,7.0
ts312094,JAPAN SINKS: People of Hope,SHOW,2021,55,"scifi, war, drama",JP,6.0,5.0,7.557,6.5
tm1166015,The Invisible Thread,MOVIE,2022,90,"drama, family, comedy",IT,6.7,1704.0,46.282,6.8
tm880822,Mobile Suit Gundam Hathaway,MOVIE,2021,96,"scifi, animation, action, drama, romance",JP,6.6,1400.0,261.753,7.6
tm1160424,AI Love You,MOVIE,2022,95,"scifi, comedy, romance, drama",TH,4.4,572.0,95.533,5.828
ts258358,The Life and Movies of Erşan Kuneri,SHOW,2022,48,comedy,TR,6.7,11145.0,4.766,7.7
ts283528,This Is Pop,SHOW,2021,44,"music, documentation",CA,6.9,1131.0,3.364,7.6
ts276067,Maldivas,SHOW,2022,36,"comedy, drama",BR,5.6,961.0,159.929,7.2
tm1215536,The Hall: Honoring the Greats of Stand-Up,MOVIE,2022,70,"documentation, comedy",US,6.3,400.0,2.957,8.0
ts320335,Summer Heat,SHOW,2022,48,"drama, romance",BR,5.6,281.0,7.658,7.8
ts286632,Why Are You Like This?,SHOW,2021,24,comedy,AU,6.4,1546.0,2.882,7.7
ts320302,Neymar: The Perfect Chaos,SHOW,2022,55,"documentation, sport","BR, US",6.6,3158.0,31.57,7.316
tm833467,Hurdang,MOVIE,2022,122,"drama, romance",IN,4.9,499.0,5.264,8.0
tm1185388,The Turning Point,MOVIE,2021,90,"drama, crime",IT,6.1,621.0,5.561,6.7
tm998726,Sentinelle,MOVIE,2021,80,"thriller, action, drama, crime",FR,4.7,7844.0,59.784,5.9
ts257873,Dive Club,SHOW,2021,27,"drama, family",AU,6.1,869.0,8.506,6.8
tm1077201,Stuck Together,MOVIE,2021,126,comedy,"BE, FR",6.3,6897.0,15.493,6.0
tm1203307,F*ck Love Too,MOVIE,2022,92,"comedy, romance",NL,3.8,1052.0,170.413,5.963
tm945448,Vicky and Her Mystery,MOVIE,2021,84,"drama, family, european",FR,6.4,1900.0,75.025,7.2
ts296129,Elite Short Stories: Guzmán Caye Rebe,SHOW,2021,12,"drama, crime, thriller",ES,7.4,2319.0,19.939,8.2
ts331681,Trivia Quest,SHOW,2022,9,"family, fantasy, animation",US,5.7,202.0,3.207,5.7
ts320872,Queer Eye Germany,SHOW,2022,50,reality,DE,7.2,1114.0,1.621,1.0
ts328317,Alessandro Cattelan: One Simple Question,SHOW,2022,30,"comedy, reality",IT,6.5,209.0,1.302,6.7
ts296179,The War Next-door,SHOW,2021,33,comedy,MX,5.7,444.0,82.278,7.3
ts275448,Navillera,SHOW,2021,65,"drama, family",KR,8.8,2179.0,15.637,8.5
ts269286,Once Upon a Time... Happily Never After,SHOW,2022,30,"scifi, comedy, fantasy",ES,5.4,496.0,73.753,7.5
ts306322,The Unlikely Murderer,SHOW,2021,46,"drama, crime",SE,7.0,4129.0,4.575,7.3
tm1119136,Game Changer,MOVIE,2021,102,"crime, comedy, drama, romance, thriller",TH,4.1,113.0,3.203,6.6
ts104362,Kid Cosmic,SHOW,2021,22,"comedy, family, fantasy, scifi, animation, action",US,7.9,1414.0,13.314,8.8
tm1043290,Murder by the Coast,MOVIE,2021,88,"crime, documentation, history",ES,6.5,2134.0,8.719,6.4
tm1174856,Chappelle's Home Team - Earthquake: Legendary,MOVIE,2022,36,comedy,,6.9,588.0,3.399,6.1
ts345976,The Boss Baby: Back in the Crib,SHOW,2022,24,"animation, comedy, family, fantasy",US,6.2,159.0,116.587,7.563
tm810494,The 8th Night,MOVIE,2021,115,"thriller, horror",KR,5.3,3332.0,43.698,6.1
tm1029256,Ferry,MOVIE,2021,106,"drama, action, crime, thriller","BE, NL",7.0,10900.0,29.798,6.8
ts313849,Blown Away: Christmas,SHOW,2021,29,reality,,6.7,502.0,0.6,7.5
ts283610,Feels Like Ishq,SHOW,2021,31,"drama, romance, comedy",IN,6.4,1550.0,2.428,6.0
tm1144693,The Trip 6,MOVIE,2021,97,comedy,CO,3.2,180.0,341.163,7.3
tm1000619,Radhe Shyam,MOVIE,2022,138,"drama, romance",IN,5.3,28633.0,5.537,5.5
ts309676,The World's Most Amazing Vacation Rentals,SHOW,2021,34,"documentation, reality",US,6.7,1317.0,6.262,7.4
ts280693,Thomas & Friends: All Engines Go!,SHOW,2021,11,"animation, fantasy, drama, family, music, comedy",US,2.0,555.0,1.287,8.0
ts285469,Headspace Guide to Sleep,SHOW,2021,19,"documentation, animation",US,6.8,466.0,3.01,8.3
tm675820,A Boy Called Christmas,MOVIE,2021,106,"drama, family, fantasy, action",GB,6.7,21085.0,60.608,7.507
tm1174920,Jeff Foxworthy: The Good Old Days,MOVIE,2022,60,"comedy, documentation",,6.1,418.0,2.434,6.8
ts287802,Penguin Town,SHOW,2021,30,"documentation, comedy, drama, family",ZA,7.8,848.0,2.461,7.8
ts257315,Karma's World,SHOW,2021,12,"animation, comedy, family",US,5.8,156.0,11.039,7.0
ts299321,Dogs in Space,SHOW,2021,22,"family, fantasy, scifi, animation, action, comedy",US,7.1,609.0,7.154,7.4
tm1185506,The Taming of the Shrewd,MOVIE,2022,112,"romance, comedy",PL,4.5,836.0,9.926,5.1
tm1083068,Operation Hyacinth,MOVIE,2021,112,"crime, drama, thriller",PL,6.7,3119.0,16.846,6.8
tm466544,Sooryavanshi,MOVIE,2021,145,"action, thriller, crime",IN,6.3,75952.0,121.867,5.7
ts315551,Elite Short Stories: Phillipe Caye Felipe,SHOW,2021,13,"comedy, romance, drama",ES,6.2,704.0,49.804,6.9
ts317144,Adventure Beast,SHOW,2021,19,"comedy, animation",US,5.2,569.0,3.268,7.4
ts325756,Midnight Asia: Eat · Dance · Dream,SHOW,2022,37,documentation,SG,6.6,518.0,1.766,6.0
ts260502,Until Life Do Us Part,SHOW,2021,49,drama,PT,7.5,663.0,2.681,9.2
ts320557,Elite Short Stories: Patrick,SHOW,2021,12,"comedy, drama",ES,6.1,737.0,51.19,7.3
tm448707,CBI 5: The Brain,MOVIE,2022,163,"thriller, crime",IN,6.3,1394.0,3.945,5.8
ts296069,Elite Short Stories: Omar Ander Alexis,SHOW,2021,12,"drama, crime, thriller",ES,7.3,1952.0,21.175,7.6
tm1111717,L.O.L. Surprise: The Movie,MOVIE,2021,47,"animation, family, fantasy, scifi, western, action",US,3.8,129.0,109.716,6.9
ts287149,Hype House,SHOW,2022,32,reality,US,2.1,2915.0,3.204,5.8
tm950444,Skater Girl,MOVIE,2021,107,"drama, family, sport","US, IN",6.6,4289.0,12.433,7.5
ts239188,Kitz,SHOW,2021,44,"drama, thriller","AT, DE",5.7,2392.0,5.661,7.4
ts297685,I Need Romance,SHOW,2021,45,"drama, romance",TH,7.8,30.0,1.39,6.0
ts308002,The Five Juanas,SHOW,2021,39,drama,MX,6.9,1813.0,63.62,7.4
tm1092892,Found,MOVIE,2021,97,"documentation, drama","CN, US",7.5,1198.0,32.993,7.5
ts271517,The Crew,SHOW,2021,27,comedy,US,6.5,5528.0,9.56,7.1
ts257271,The Time It Takes,SHOW,2021,13,"drama, romance, comedy",ES,7.1,1271.0,6.598,7.1
ts296059,Elite Short Stories: Carla Samuel,SHOW,2021,14,"drama, romance",ES,6.9,2685.0,43.992,7.6
ts306068,Luna Park,SHOW,2021,50,"drama, romance",IT,6.4,721.0,4.545,8.1
ts346007,Savage Beauty,SHOW,2022,51,drama,US,5.0,339.0,4.011,6.7
tm1098514,The Falls,MOVIE,2021,129,drama,TW,7.0,1546.0,5.971,6.8
tm1108621,Yara,MOVIE,2021,96,"drama, thriller, crime",IT,6.2,4205.0,21.629,6.3
ts317526,Selling Tampa,SHOW,2021,40,reality,US,4.5,797.0,1.82,10.0
ts216407,Age of Samurai: Battle for Japan,SHOW,2021,43,"documentation, action, drama, history, war",US,7.4,4119.0,31.152,7.1
tm1130264,Nicole Byer: BBW (Big Beautiful Weirdo),MOVIE,2021,65,comedy,,5.7,527.0,3.015,7.0
ts306510,Octonauts: Above & Beyond,SHOW,2021,25,"animation, family",KR,7.2,82.0,4.775,8.5
tm1127479,Cobalt Blue,MOVIE,2022,112,"romance, drama",IN,6.6,1531.0,5.021,6.6
tm433048,This Is the Night,MOVIE,2021,100,"drama, comedy",US,5.4,626.0,5.428,7.2
ts270798,Love (ft. Marriage and Divorce),SHOW,2021,69,"drama, romance",KR,6.6,467.0,24.115,6.3
tm972519,Don't Kill Me,MOVIE,2021,90,"fantasy, horror, romance",IT,4.3,1769.0,10.329,4.0
tm1003725,A Castle for Christmas,MOVIE,2021,98,"romance, comedy, drama, family","GB, US",5.5,11894.0,15.972,5.8
tm1036270,I Am All Girls,MOVIE,2021,107,"thriller, crime, drama",ZA,5.9,5917.0,43.887,6.6
ts302056,Titletown High,SHOW,2021,34,"reality, sport",US,5.5,332.0,2.146,5.6
ts287838,Mad for Each Other,SHOW,2021,35,"comedy, drama, romance",KR,7.9,1724.0,8.719,8.2
ts273318,Country Comfort,SHOW,2021,24,"drama, family, music, action, comedy",US,6.8,3432.0,4.962,7.8
tm876608,Sounds Like Love,MOVIE,2021,110,"comedy, music, romance, drama",ES,5.4,2135.0,31.672,6.6
tm1000797,Ride or Die,MOVIE,2021,142,"thriller, romance, drama",JP,5.6,1900.0,79.299,6.5
tm1096880,Thomas & Friends: All Engines Go - Race for the Sodor Cup,MOVIE,2021,60,"animation, family",,3.7,70.0,2.434,10.0
ts331449,Hei$t: The Great Robbery of Brazil's Central Bank,SHOW,2022,61,"documentation, crime",BR,6.4,525.0,5.81,6.4
tm858287,Jersey,MOVIE,2022,175,"drama, sport, romance",IN,7.3,10878.0,68.203,7.2
tm990835,The Girl on the Train,MOVIE,2021,128,"drama, thriller, crime",IN,4.4,14348.0,16.169,5.9
ts283639,Decoupled,SHOW,2021,31,"comedy, drama",IN,8.0,6379.0,3.252,8.2
ts296091,Elite Short Stories: Nadia Guzmán,SHOW,2021,11,"drama, romance",ES,6.2,1907.0,24.675,7.5
ts271720,Pui Pui Molcar,SHOW,2021,2,"animation, comedy, family",JP,8.1,366.0,3.148,8.6
ts289364,Cat People,SHOW,2021,32,documentation,US,6.3,282.0,3.255,6.3
ts293814,Sparking Joy with Marie Kondo,SHOW,2021,42,"drama, history, reality",,6.3,360.0,2.602,7.3
tm993435,Cousins,MOVIE,2021,98,drama,NZ,6.9,503.0,1.706,7.3
tm1191860,Oprah + Viola: A Netflix Special Event,MOVIE,2022,48,documentation,US,7.2,319.0,3.035,7.7
tm1064532,Deep,MOVIE,2021,101,"scifi, thriller, drama",TH,4.8,1441.0,70.521,6.4
tm1047190,The Phantom,MOVIE,2021,81,"documentation, crime","US, GB",6.5,759.0,3.462,6.1
ts315549,Elite Short Stories: Samuel Omar,SHOW,2021,12,"comedy, drama",ES,6.1,666.0,41.801,7.0
ts288997,Human: The World Within,SHOW,2021,53,documentation,US,6.8,733.0,3.625,8.7
ts282133,City of Ghosts,SHOW,2021,19,"animation, drama",FR,6.1,10.0,2.639,7.3
ts289261,Transformers: BotBots,SHOW,2022,25,"animation, action, comedy, family, fantasy, scifi",US,6.9,73.0,7.226,6.0
tm1002869,Fate: The Winx Saga - The Afterparty,MOVIE,2021,50,"fantasy, reality, comedy","GB, IT",6.2,72.0,6.557,8.9
ts287045,Fatma,SHOW,2021,42,"drama, thriller, crime",TR,7.4,8396.0,5.689,7.4
tm1001267,Secret Magic Control Agency,MOVIE,2021,103,"comedy, family, fantasy, animation","RU, US",6.2,4086.0,47.669,7.2
ts258321,"Ada Twist, Scientist",SHOW,2021,28,"family, music, animation, comedy",US,6.8,149.0,2.807,7.0
ts342479,Super PupZ,SHOW,2022,29,"comedy, family, fantasy, scifi",CA,6.6,104.0,2.232,10.0
ts300274,Cooking With Paris,SHOW,2021,23,reality,US,5.2,1078.0,4.578,6.5
ts271726,Go Dog Go,SHOW,2021,24,"animation, family",US,7.0,191.0,8.592,8.8
tm1218702,Doom of Love,MOVIE,2022,100,"romance, drama",TR,4.7,1222.0,18.35,8.2
tm1041543,Breaking Boundaries: The Science of Our Planet,MOVIE,2021,73,documentation,US,7.8,2663.0,7.679,7.6
ts310628,MaveriX,SHOW,2022,23,"drama, family, sport, action",AU,5.8,140.0,9.568,8.0
ts300456,My Unorthodox Life,SHOW,2021,40,reality,US,5.5,1207.0,1.772,7.0
tm1146393,All Hail,MOVIE,2022,118,"drama, comedy",AR,5.6,3172.0,84.966,6.3
ts302714,The Kingdom,SHOW,2021,45,"crime, drama",AR,6.5,1366.0,5.703,7.3
tm1065041,The Seven Deadly Sins: Cursed by Light,MOVIE,2021,79,"animation, fantasy, action",JP,6.4,970.0,470.787,7.9
ts288545,We the People,SHOW,2021,5,"animation, comedy, family, music",US,3.6,738.0,1.43,4.5
ts299485,A Tale Dark & Grimm,SHOW,2021,30,"animation, action, comedy, family, fantasy","ES, US",7.3,1193.0,12.989,7.8
tm1132325,Don,MOVIE,2022,164,"romance, comedy, drama, action",IN,7.0,6667.0,2.708,7.1
ts301609,Love Is Blind: Brazil,SHOW,2021,56,"reality, romance",BR,6.1,445.0,3.182,6.4
tm1038355,The Last Mercenary,MOVIE,2021,110,"action, comedy, crime, thriller",FR,5.3,8476.0,108.089,6.6
tm890013,Lulli,MOVIE,2021,90,"fantasy, comedy, romance",BR,4.8,1452.0,36.942,5.9
tm1182144,Dancing on Glass,MOVIE,2022,137,"drama, thriller",ES,5.5,705.0,104.044,6.3
tm1102226,"My Brother, My Sister",MOVIE,2021,110,drama,IT,6.0,957.0,13.875,6.5
tm1000037,Je suis Karl,MOVIE,2021,126,"drama, thriller, european, romance","CZ, DE",5.4,1077.0,12.981,5.5
ts297065,Tattoo Redo,SHOW,2021,28,reality,US,5.9,702.0,3.722,5.6
tm1084481,Blood Brothers: Malcolm X & Muhammad Ali,MOVIE,2021,95,"documentation, history, sport",US,6.9,946.0,7.921,7.4
ts285724,2020,SHOW,2021,45,"drama, crime, thriller",LB,7.9,371.0,1.63,9.5
ts288065,Naomi Osaka,SHOW,2021,37,"documentation, sport",US,6.2,1301.0,3.832,7.5
tm963182,Trollhunters: Rise of the Titans,MOVIE,2021,104,"animation, action, comedy, drama, family, fantasy",US,6.7,4818.0,88.183,7.8
tm1114205,Amina,MOVIE,2021,120,"war, history, drama, action",NG,3.8,311.0,122.546,6.4
ts272515,Dealer,SHOW,2021,41,"action, drama, thriller, crime",FR,6.1,671.0,3.65,7.0
tm1129394,The Princess Switch 3: Romancing the Star,MOVIE,2021,106,"comedy, romance, drama, family",US,5.5,5728.0,39.432,6.9
tm949382,Looop Lapeta,MOVIE,2022,131,"romance, thriller, action, comedy, crime",IN,5.2,4327.0,286.682,6.3
tm1129217,Anonymously Yours,MOVIE,2021,101,"drama, romance",MX,5.7,1718.0,43.391,7.8
tm1000599,The Last Forest,MOVIE,2021,74,"drama, documentation",BR,7.3,425.0,2.176,7.0
ts257345,Wild Abandon,SHOW,2022,51,"drama, comedy",TR,7.1,4976.0,2.448,7.6
tm1188819,Rumspringa,MOVIE,2022,102,"drama, comedy, romance",DE,5.3,822.0,6.065,5.7
tm1049155,Bordertown: The Mural Murders,MOVIE,2021,107,"crime, drama",FI,6.2,2219.0,69.693,6.7
ts291150,Soil,SHOW,2021,48,"comedy, drama",BE,7.1,710.0,2.744,8.0
ts320183,Single’s Inferno,SHOW,2021,61,reality,KR,7.1,1608.0,4.016,8.3
ts315144,The Creature Cases,SHOW,2022,29,"animation, comedy, family, action",US,8.5,88.0,21.913,7.0
ts309235,Christmas Flow,SHOW,2021,50,"romance, comedy, music",FR,5.7,728.0,7.289,6.9
ts90023,AlRawabi School for Girls,SHOW,2021,48,drama,JO,7.3,5863.0,12.219,7.4
ts346034,Blood Sisters,SHOW,2022,57,"drama, crime, thriller","US, NG",5.0,867.0,6.182,8.7
tm1002408,Biking Borders - eine etwas andere Reise,MOVIE,2021,89,documentation,DE,7.7,933.0,1.129,7.3
ts226392,Sexify,SHOW,2021,44,"comedy, drama",PL,6.5,5052.0,11.407,7.6
tm1187638,Ronny Chieng: Speakeasy,MOVIE,2022,60,"comedy, documentation",US,6.3,1146.0,3.056,6.2
ts287941,Racket Boys,SHOW,2021,71,"family, drama, comedy, sport",KR,4.0,27566.0,6.51,8.7
tm1001108,Biggie: I Got a Story to Tell,MOVIE,2021,97,"documentation, music",US,6.8,5028.0,8.292,7.2
ts320407,The Future Diary,SHOW,2021,34,"reality, romance",JP,6.8,129.0,2.677,8.5
ts288540,Ray,SHOW,2021,59,"drama, thriller, crime",IN,7.1,8795.0,5.791,6.8
tm475430,Super Me,MOVIE,2021,102,"action, drama, fantasy, scifi",CN,5.8,1605.0,41.515,7.7
tm1125844,The Whole Truth,MOVIE,2021,125,"drama, horror, thriller",TH,5.1,3323.0,149.152,6.3
tm1130995,Jonas Brothers Family Roast,MOVIE,2021,68,"comedy, music",US,5.2,1647.0,5.159,7.2
ts356275,Johnny Test,SHOW,2021,14,"comedy, animation, family, scifi, action",US,6.4,355.0,5.835,7.5
tm980657,The Soul,MOVIE,2021,130,"scifi, thriller, drama","TW, CN",6.6,2791.0,5.521,7.2
ts235563,Daughter from Another Mother,SHOW,2021,38,"romance, comedy, drama, fantasy",MX,7.2,1812.0,63.194,7.5
tm1201453,"Sing, Dance, Act: Kabuki featuring Toma Ikuta",MOVIE,2022,87,documentation,,6.9,35.0,2.73,7.2
ts288472,You Are My Spring,SHOW,2021,69,"drama, romance, thriller, fantasy",KR,7.4,597.0,3.911,8.1
tm919869,And Tomorrow the Entire World,MOVIE,2021,111,"romance, crime, drama","FR, DE",6.0,3172.0,6.581,5.7
tm1022912,One,MOVIE,2021,150,"drama, thriller",IN,6.5,2672.0,2.237,6.5
ts292662,Johnny Hallyday: Beyond Rock,SHOW,2022,35,"documentation, music",US,7.1,120.0,0.736,7.0
ts330012,Eternally Confused and Eager for Love,SHOW,2022,23,"comedy, romance",IN,6.7,1680.0,6.09,6.4
ts282155,Zero,SHOW,2021,24,"scifi, action, comedy, drama, fantasy",IT,5.6,1302.0,6.765,7.6
ts188861,Battle Kitty,SHOW,2022,33,"animation, fantasy, scifi, action, comedy, family",US,6.3,123.0,1.639,8.0
tm454879,Major Grom: Plague Doctor,MOVIE,2021,136,"action, crime",RU,6.3,11939.0,170.53,6.7
ts279953,Law School,SHOW,2021,65,"crime, drama, thriller",KR,8.0,2161.0,8.117,8.2
tm421437,Anne+,MOVIE,2021,94,drama,NL,6.0,1425.0,7.986,6.0
tm1025318,Ajeeb Daastaans,MOVIE,2021,142,"drama, romance",IN,6.7,5743.0,5.751,6.8
ts316965,Ridley Jones,SHOW,2021,28,"animation, comedy, family, fantasy",US,4.6,232.0,9.494,8.0
ts270807,"Hello, Me!",SHOW,2021,62,"comedy, drama, scifi, fantasy, romance",KR,7.2,582.0,8.511,7.5
ts302058,Everything Will Be Fine,SHOW,2021,29,"comedy, drama",MX,6.2,342.0,3.012,7.3
tm1022893,Dynasty Warriors,MOVIE,2021,118,"action, fantasy","NZ, HK",4.7,2146.0,165.339,6.4
ts321437,Fishbowl Wives,SHOW,2022,43,"drama, romance",JP,6.1,907.0,27.937,6.5
tm1080406,"Barbie: Big City, Big Dreams",MOVIE,2021,62,"animation, music, family",US,5.7,305.0,105.001,7.022
tm1001095,Roohi,MOVIE,2021,134,"comedy, horror",IN,4.3,10025.0,3.119,4.9
ts345779,Barbie: It Takes Two,SHOW,2022,21,"comedy, family, animation",US,6.3,33.0,10.972,8.3
ts282214,Let's Fight Ghost,SHOW,2021,65,"drama, thriller, action, fantasy, horror, romance",TH,6.7,108.0,4.859,9.0
ts329711,"Love, Life & Everything in Between",SHOW,2022,27,"comedy, drama, romance","MA, SA, TN, EG, LB",5.6,94.0,3.344,6.0
ts14520,Action Pack,SHOW,2022,28,"family, action, animation, fantasy, scifi, comedy",US,6.3,86.0,5.8,8.2
tm985550,Crazy About Her,MOVIE,2021,102,"romance, comedy",ES,6.6,5435.0,27.193,7.2
tm992279,Confessions of an Invisible Girl,MOVIE,2021,91,"comedy, drama",BR,5.2,1051.0,43.041,6.9
ts326029,Savage Rhythm,SHOW,2022,38,"drama, music",CO,6.3,28.0,82.74,7.7
tm998033,Doctor,MOVIE,2021,150,"action, comedy, thriller, crime",IN,7.5,15385.0,3.878,6.7
tm1178876,Battle: Freestyle,MOVIE,2022,88,"drama, music, romance",NO,4.3,382.0,88.676,5.2
tm1115800,Theo Von: Regular People,MOVIE,2021,61,comedy,US,5.1,827.0,3.436,7.0
ts330132,800 Meters,SHOW,2022,53,"documentation, crime",ES,6.9,560.0,2.177,5.0
tm975741,Octonauts: The Ring of Fire,MOVIE,2021,72,animation,"CN, GB",6.4,137.0,5.576,6.8
tm1120937,Montford: The Chickasaw Rancher,MOVIE,2021,96,"western, drama, history",US,6.6,719.0,4.098,6.0
ts297763,Myth and Mogul: John DeLorean,SHOW,2021,44,"documentation, crime",US,6.8,1056.0,3.793,6.9
ts61384,My Love: Six Stories of True Love,SHOW,2021,70,"reality, romance, documentation",US,7.5,291.0,1.265,5.0
ts321084,Framed! A Sicilian Murder Mystery,SHOW,2022,31,"comedy, crime",IT,6.8,964.0,2.556,7.1
tm989672,Creating The Queen's Gambit,MOVIE,2021,14,documentation,US,6.9,609.0,10.374,8.0
tm1024062,Nayattu,MOVIE,2021,124,"thriller, drama, crime",IN,8.1,7040.0,2.432,7.7
tm1143258,Hey! Sinamika,MOVIE,2022,150,"drama, romance",IN,6.0,3246.0,3.755,6.9
ts272092,Canine Intervention,SHOW,2021,36,"documentation, reality",US,6.5,892.0,5.511,7.0
tm1200703,Christina P: Mom Genes,MOVIE,2022,62,"comedy, documentation",,5.8,605.0,2.244,6.8
tm1077013,Memories of a Murderer: The Nilsen Tapes,MOVIE,2021,84,"documentation, crime",GB,6.3,3301.0,5.426,6.2
tm1031186,Heroes: Silence and Rock & Roll,MOVIE,2021,94,"documentation, music",ES,7.5,668.0,14.086,8.6
ts287741,"Fresh, Fried & Crispy",SHOW,2021,25,"documentation, reality",US,6.2,631.0,2.407,7.8
ts288832,I Heart Arlo,SHOW,2021,15,"animation, comedy, family",US,6.9,216.0,3.874,8.2
tm1082359,Phil Wang: Philly Philly Wang Wang,MOVIE,2021,63,comedy,GB,6.1,632.0,2.353,6.6
tm985712,"Strip Down, Rise Up",MOVIE,2021,112,documentation,US,5.2,656.0,15.961,7.0
tm1027712,This Little Love of Mine,MOVIE,2021,91,"romance, comedy",AU,5.3,2514.0,12.97,6.2
tm1102151,Bright: Samurai Soul,MOVIE,2021,80,"fantasy, thriller, animation, action",JP,5.5,830.0,39.563,5.8
tm1065788,Last Summer,MOVIE,2021,101,"drama, romance",TR,6.3,2878.0,33.733,5.9
ts296201,Elize Matsunaga: Once Upon a Crime,SHOW,2021,49,"crime, documentation",BR,5.9,2152.0,5.124,6.4
ts297058,The Snitch Cartel: Origins,SHOW,2021,47,"crime, drama",CO,5.6,189.0,243.02,7.8
tm1162608,40 Years Young,MOVIE,2022,81,comedy,MX,4.3,461.0,143.507,6.1
tm979182,Red Dot,MOVIE,2021,86,"thriller, horror, drama",SE,5.5,13322.0,54.3,5.9
ts282840,Worn Stories,SHOW,2021,30,documentation,US,6.7,313.0,2.484,7.0
ts306135,"Vendetta: Truth, Lies and The Mafia",SHOW,2021,0,"documentation, crime, thriller",,6.7,232.0,1.405,6.6
ts352881,DI4RI,SHOW,2022,28,family,IT,7.3,26.0,1.556,3.8
tm1070032,Black Island,MOVIE,2021,105,"thriller, drama",DE,5.2,2788.0,62.875,6.0
ts328617,Too Hot to Handle: Brazil,SHOW,2021,56,"reality, romance",BR,5.4,457.0,8.147,7.1
tm1152224,Love Tactics,MOVIE,2022,97,"comedy, romance",TR,5.2,3774.0,56.074,6.9
tm1217689,Yuri Marçal: Honest Mistake,MOVIE,2022,59,"comedy, documentation",,6.1,41.0,1.967,7.5
ts72196,Swap Shop,SHOW,2021,30,reality,US,6.6,355.0,1.554,6.7
ts307981,Scaredy Cats,SHOW,2021,29,"scifi, family, fantasy, comedy",US,6.2,349.0,7.585,6.9
ts188367,Bombay Begums,SHOW,2021,49,drama,IN,5.2,4884.0,2.475,8.3
tm990983,Paper Lives,MOVIE,2021,96,drama,TR,6.6,12034.0,21.221,8.2
tm1094069,The Women and the Murderer,MOVIE,2021,92,"documentation, crime",FR,6.4,1237.0,9.08,6.2
tm1037704,Resort to Love,MOVIE,2021,101,"romance, comedy",US,5.7,5771.0,42.837,7.3
tm902870,7 Yards: The Chris Norton Story,MOVIE,2021,93,documentation,US,7.8,258.0,1.788,7.3
tm1165118,UFO,MOVIE,2022,109,"drama, romance, documentation",TR,4.7,784.0,31.008,5.9
tm948681,Below Zero,MOVIE,2021,106,"action, crime, thriller, horror, drama",ES,6.2,19201.0,49.755,6.4
ts331654,Pedal to Metal,SHOW,2022,0,"drama, action, thriller, crime",MX,7.7,59.0,5.668,6.6
ts283614,Haunted: Latin America,SHOW,2021,34,"horror, reality",MX,5.3,579.0,71.946,7.3
tm960430,Child of Kamiari Month,MOVIE,2021,99,"fantasy, animation, drama, family",JP,5.8,751.0,6.608,6.3
tm954297,The Secret Diary of an Exchange Student,MOVIE,2021,96,"comedy, romance",BR,5.3,890.0,6.139,6.6
ts319460,Russell Howard: Lubricant,SHOW,2021,63,comedy,GB,7.1,828.0,1.546,5.3
tm997608,Hate by Dani Rovira,MOVIE,2021,82,comedy,ES,6.7,422.0,11.023,7.4
ts287853,Coyotes,SHOW,2021,45,drama,"BE, LU",5.2,308.0,4.707,6.8
ts288064,Somos.,SHOW,2021,52,"drama, crime, history",MX,7.1,1138.0,25.704,7.7
ts305890,Too Hot to Handle: Latino,SHOW,2021,36,"reality, romance",MX,5.4,284.0,12.408,7.3
ts304690,Remember You,SHOW,2021,67,"action, drama, crime, romance",TH,7.5,78.0,3.202,7.0
tm1107912,American Girl,MOVIE,2021,101,"drama, family",TW,7.1,1221.0,2.57,6.6
tm1001619,Man in Love,MOVIE,2021,115,"romance, drama",TW,6.9,1744.0,3.611,7.3
tm1025493,Dasvi,MOVIE,2022,125,"comedy, drama",IN,7.4,21050.0,3.327,5.7
tm1087383,JJ+E,MOVIE,2021,90,"drama, romance",SE,5.3,1724.0,31.532,5.4
tm1147890,The Hand of God: Through the Eyes of Sorrentino,MOVIE,2021,8,documentation,IT,7.1,10.0,2.118,6.4
tm983722,Prime Time,MOVIE,2021,93,"thriller, drama",PL,5.2,1796.0,19.187,5.1
tm886188,Caught by a Wave,MOVIE,2021,99,"romance, drama, sport",IT,5.7,1289.0,24.706,6.7
tm1101878,Honey Girls,MOVIE,2021,90,"family, music, comedy",US,4.7,173.0,4.527,5.1
tm1183542,Mishan Impossible,MOVIE,2022,129,"thriller, comedy, drama, action",IN,6.8,691.0,2.884,7.2
tm960145,Spoiled Brats,MOVIE,2021,95,comedy,FR,6.1,5688.0,74.388,6.3
ts267062,Jiva!,SHOW,2021,41,drama,ZA,5.5,267.0,13.142,7.8
tm876083,Xtreme,MOVIE,2021,111,"action, crime, drama, thriller, fantasy",ES,5.8,4351.0,31.451,6.6
ts305732,Metal Shop Masters,SHOW,2021,33,reality,US,5.7,561.0,2.822,6.3
ts313902,Your Life is a Joke,SHOW,2021,37,"comedy, documentation",DE,5.4,87.0,0.76,3.0
tm1102856,The Four of Us,MOVIE,2021,88,"romance, drama, comedy",DE,5.3,1036.0,15.115,5.5
ts302653,Light the Night,SHOW,2021,59,"drama, crime, thriller",TW,7.4,1054.0,17.328,8.9
tm462311,Latte and the Magic Waterstone,MOVIE,2022,82,"animation, comedy, family, european","BE, DE",5.6,955.0,33.97,6.4
tm855340,Thalaivii,MOVIE,2021,153,drama,IN,5.9,30621.0,2.301,5.0
tm1000185,Squared Love,MOVIE,2021,102,"comedy, romance",PL,5.1,3158.0,14.92,6.1
tm1030283,Why Did You Kill Me?,MOVIE,2021,83,"crime, documentation",US,5.6,4175.0,14.666,6.2
tm1040337,Security,MOVIE,2021,118,thriller,IT,4.9,1989.0,25.561,5.7
ts306188,Motel Makeover,SHOW,2021,30,reality,CA,4.9,720.0,1.425,5.0
tm1039422,Nail Bomber: Manhunt,MOVIE,2021,72,"crime, history, documentation",GB,6.3,2142.0,9.516,6.6
ts308516,"Young, Famous & African",SHOW,2022,43,reality,ZA,4.4,417.0,5.222,9.3
ts329882,Secrets of Summer,SHOW,2022,30,"drama, family, music",ES,5.9,131.0,5.03,8.4
tm1006127,Arlo the Alligator Boy,MOVIE,2021,90,"animation, comedy, family",US,6.4,1105.0,17.89,6.9
ts317064,Where Is Marta?,SHOW,2021,63,"crime, documentation",ES,6.8,1267.0,2.99,7.4
tm1196455,The Photographer: Murder in Pinamar,MOVIE,2022,105,"documentation, crime",AR,6.7,494.0,49.939,7.2
tm990972,The Last Paradiso,MOVIE,2021,107,"drama, romance",IT,5.6,1350.0,16.792,5.9
ts232506,50M2,SHOW,2021,49,"comedy, drama, thriller, crime",TR,6.9,5645.0,7.607,7.5
ts330289,Smother-In-Law,SHOW,2022,25,comedy,BR,4.2,130.0,2.507,9.4
tm1063013,The Father Who Moves Mountains,MOVIE,2021,108,"thriller, drama","SE, RO",5.5,3472.0,19.955,6.0
tm996040,Forever Out of My League,MOVIE,2022,104,"romance, comedy, drama",IT,5.3,463.0,61.008,5.7
ts311958,The Hungry and the Hairy,SHOW,2021,63,reality,KR,7.5,243.0,3.132,8.0
tm979688,Homunculus,MOVIE,2021,119,"thriller, drama, fantasy",JP,5.5,2749.0,14.111,5.88
tm1033803,Searching for Sheela,MOVIE,2021,58,"documentation, crime",IN,4.3,1360.0,5.135,5.9
ts302570,John of God: The Crimes of a Spiritual Healer,SHOW,2021,50,"crime, documentation",BR,6.5,826.0,1.812,7.8
tm1038096,Carnaval,MOVIE,2021,94,comedy,BR,4.0,914.0,27.733,5.1
ts343426,Senzo: Murder of a Soccer Star,SHOW,2022,42,"crime, sport, documentation","ZA, US",5.2,187.0,2.052,10.0
tm1195428,All About Gila,MOVIE,2022,76,comedy,,4.2,79.0,2.75,5.6
tm1039168,Cinema Bandi,MOVIE,2021,98,"drama, comedy",IN,7.9,2488.0,1.609,7.4
tm904862,Just Say Yes,MOVIE,2021,97,"comedy, romance",NL,4.5,1968.0,47.626,6.533
tm926580,A Family,MOVIE,2021,136,"crime, drama",JP,7.0,2268.0,4.822,7.2
tm1017664,Baggio: The Divine Ponytail,MOVIE,2021,91,"sport, drama",IT,6.1,4427.0,11.747,6.5
tm977620,Asakusa Kid,MOVIE,2021,123,drama,JP,7.1,1223.0,51.832,6.8
tm1118822,Sex: Unzipped,MOVIE,2021,59,"comedy, documentation",US,2.5,411.0,3.031,3.8
tm1185568,Broken Idol: The Undoing of Diomedes Díaz,MOVIE,2022,102,"documentation, crime",CO,6.3,178.0,36.234,7.333
ts310331,Twenty Somethings: Austin,SHOW,2021,32,reality,US,5.9,462.0,2.018,1.5
tm1110205,This Is Not a Comedy,MOVIE,2021,105,"comedy, drama",MX,4.9,339.0,41.331,6.2
ts293346,Race: Bubba Wallace,SHOW,2022,47,"documentation, sport",US,5.9,453.0,2.052,5.7
tm1137797,137 Shots,MOVIE,2021,104,"documentation, crime",,6.2,869.0,2.992,6.9
tm1172947,Toolsidas Junior,MOVIE,2022,130,"drama, family, sport",IN,7.5,1783.0,3.468,7.0
ts285422,Newton's Cradle,SHOW,2021,41,"drama, thriller",EG,8.0,1641.0,3.996,8.5
tm942277,Accomplice,MOVIE,2021,52,documentation,"US, IL",7.2,380.0,3.384,7.8
tm1102570,Swallow,MOVIE,2021,128,"drama, thriller, history",,3.5,187.0,22.059,4.8
tm856634,Jagame Thandhiram,MOVIE,2021,158,"comedy, crime, action, drama, thriller","GB, IN",5.8,11731.0,12.421,6.4
tm1174919,Mike Epps: Indiana Mike,MOVIE,2022,58,"comedy, documentation",,4.2,224.0,1.89,2.0
ts304709,Bake Squad,SHOW,2021,35,"family, reality",US,6.9,690.0,3.028,7.7
tm1031499,Get the Grift,MOVIE,2021,94,"crime, comedy",BR,5.3,748.0,20.388,6.5
tm1143058,How I Fell in Love with a Gangster,MOVIE,2022,179,"drama, crime",PL,6.0,2248.0,29.595,6.7
tm1152323,Ms. Pat: Y'all Wanna Hear Something Crazy?,MOVIE,2022,54,comedy,US,5.9,166.0,2.646,7.0
tm963023,Chandigarh Kare Aashiqui,MOVIE,2021,117,"romance, comedy, crime, drama",IN,6.8,13203.0,3.723,6.7
tm1166429,Whindersson Nunes: My Own Show!,MOVIE,2022,63,"comedy, documentation",BR,7.0,251.0,3.444,7.4
tm1068692,Emicida AmarElo Live in Sao Paulo,MOVIE,2021,99,"documentation, music",BR,7.6,44.0,1.88,9.8
tm983466,"Crack: Cocaine, Corruption & Conspiracy",MOVIE,2021,89,"documentation, crime, history",US,6.7,3324.0,13.076,6.6
tm1003376,Get the Goat,MOVIE,2021,105,"comedy, action, crime",BR,6.0,1784.0,16.027,6.9
tm872496,Autumn Girl,MOVIE,2021,105,"drama, romance",PL,5.4,560.0,4.521,6.0
tm1000296,New Gods: Nezha Reborn,MOVIE,2021,116,"animation, action, fantasy",CN,6.8,3150.0,3.078,8.2
tm861018,Sweet & Sour,MOVIE,2021,102,"comedy, romance",KR,6.7,2508.0,57.384,7.8
tm1160484,Donkeyhead,MOVIE,2022,106,drama,,6.1,263.0,1.164,5.0
tm1037519,The Guide to the Perfect Family,MOVIE,2021,102,"comedy, drama",CA,6.4,1668.0,26.085,6.6
ts272669,Waffles + Mochi,SHOW,2021,28,family,US,7.3,479.0,2.959,6.9
tm859005,Today We Fix the World,MOVIE,2022,113,"comedy, drama",AR,6.2,925.0,7.384,6.8
tm1028026,Irul,MOVIE,2021,91,thriller,IN,5.8,3084.0,1.886,5.7
tm1106551,One Night in Paris,MOVIE,2021,64,comedy,FR,4.5,79.0,3.59,5.8
ts273275,Marriage or Mortgage,SHOW,2021,40,reality,US,5.1,442.0,2.338,10.0
tm1202960,Chris Distefano: Speshy Weshy,MOVIE,2022,36,comedy,,6.4,437.0,1.928,6.8
tm867681,Haseen Dillruba,MOVIE,2021,135,"romance, thriller, crime, drama",IN,6.9,26194.0,15.216,6.4
ts286218,The Rational Life,SHOW,2021,45,"drama, romance",CN,8.1,474.0,14.338,9.0
tm1127511,Only You,MOVIE,2021,110,"comedy, romance, drama",PH,6.5,73.0,2.083,6.0
ts289757,Crime Stories: India Detectives,SHOW,2021,47,"documentation, crime",IN,7.1,983.0,1.246,7.5
tm1204317,Godspeed,MOVIE,2022,119,drama,TR,6.5,1730.0,43.691,7.1
tm1040832,Mommy Issues,MOVIE,2021,89,comedy,PH,5.4,39.0,2.324,1.0
tm1037687,Dancing Queens,MOVIE,2021,110,"drama, comedy",SE,5.6,1747.0,23.443,5.9
tm981676,Double Dad,MOVIE,2021,103,"comedy, drama, family",BR,5.6,1290.0,12.143,6.7
tm1165244,Into the Wind,MOVIE,2022,108,"comedy, drama, romance, sport",PL,5.2,864.0,24.571,5.237
tm1111595,A California Christmas: City Lights,MOVIE,2021,105,"comedy, drama, romance",US,5.5,2231.0,19.813,6.6
tm1089593,Breaded Life,MOVIE,2021,120,"comedy, drama, fantasy",NG,7.7,65.0,1.96,10.0
tm995613,Animals on the Loose: A You vs. Wild Interactive Movie,MOVIE,2021,45,"action, reality",,5.8,949.0,3.105,5.7
tm1150800,Amandla,MOVIE,2022,106,"drama, crime","CA, ZA",5.5,391.0,2.709,6.8
tm989502,Wish You,MOVIE,2021,101,"drama, romance, music",KR,6.4,900.0,6.996,8.0
tm1088320,Father Christmas Is Back,MOVIE,2021,104,comedy,GB,4.5,5658.0,30.921,4.7
tm1011188,Meskina,MOVIE,2021,98,"comedy, romance",NL,5.6,913.0,4.612,6.2
tm1023388,Madame Claude,MOVIE,2021,112,"crime, drama, romance",FR,5.4,3402.0,15.666,5.8
tm1049290,In for a Murder,MOVIE,2021,105,"comedy, thriller, drama, crime, scifi",PL,5.3,1484.0,62.599,5.7
ts273245,Dad Stop Embarrassing Me!,SHOW,2021,26,"comedy, family",US,4.1,1882.0,7.369,7.5
tm1030241,Kurup,MOVIE,2021,155,"thriller, crime",IN,7.1,12251.0,3.893,6.1
tm1073555,Thimmarusu: Assignment Vali,MOVIE,2021,127,"crime, thriller, drama",IN,7.2,1544.0,1.932,7.7
tm1044137,Headspace Unwind you Mind,MOVIE,2021,15,"animation, documentation",US,7.2,132.0,6.434,7.2
tm1116525,Just Short of Perfect,MOVIE,2021,94,"comedy, romance",BR,5.3,1007.0,15.364,6.2
tm1019865,Wild Dog,MOVIE,2021,145,"thriller, crime, action",IN,6.1,2283.0,3.231,5.9
tm1041329,One Second,MOVIE,2021,88,"comedy, romance",EG,4.7,378.0,1.96,8.0
tm1013111,1000 Miles from Christmas,MOVIE,2021,102,"comedy, romance, fantasy, family",ES,5.7,1502.0,16.617,6.3
tm1027639,Annaatthe,MOVIE,2021,163,"drama, action, comedy",IN,4.0,9643.0,3.922,7.1
ts314962,Stories of a Generation - with Pope Francis,SHOW,2021,46,documentation,IT,7.4,216.0,1.71,7.5
tm1128292,Michael Che: Shame the Devil,MOVIE,2021,58,comedy,,6.4,1091.0,3.478,7.2
tm869475,Pagglait,MOVIE,2021,114,"comedy, drama",IN,6.9,9287.0,3.997,7.1
tm1179579,In Good Hands,MOVIE,2022,104,"drama, comedy, romance, family",TR,5.6,2618.0,8.29,6.7
tm1080114,Hostage House,MOVIE,2021,90,thriller,US,3.9,860.0,4.731,6.8
tm983730,Amy Tan: Unintended Memoir,MOVIE,2021,101,documentation,US,7.7,321.0,4.121,8.3
tm1067260,Tughlaq Durbar,MOVIE,2021,145,"drama, thriller, comedy",IN,5.4,1605.0,2.386,6.9
tm1082515,Untold: Caitlyn Jenner,MOVIE,2021,69,"documentation, sport",US,6.4,2456.0,4.431,6.6
ts297132,Brave Animated Series,SHOW,2021,26,"action, animation",TW,7.0,6.0,4.271,5.0
ts330422,Team Zenko Go,SHOW,2022,20,"action, animation, family",US,7.8,33.0,2.104,7.0
tm1142245,Kadaseela Biriyani,MOVIE,2021,115,"drama, crime, comedy",IN,7.5,1315.0,1.627,7.7
tm1109843,Meenakshi Sundareshwar,MOVIE,2021,141,"romance, comedy",IN,7.1,17366.0,2.223,5.2
ts322267,The Big Shot Game Show,SHOW,2022,49,reality,BR,6.2,26.0,1.011,10.0
tm1092075,Forever Rich,MOVIE,2021,90,"crime, comedy, drama, music, thriller",NL,5.5,1025.0,17.216,6.0
tm1092309,We Couldn't Become Adults,MOVIE,2021,124,"drama, romance",JP,6.4,706.0,10.432,6.3
tm886193,Laabam,MOVIE,2021,144,"drama, action",IN,3.4,799.0,2.339,5.0
ts272422,Buried by the Bernards,SHOW,2021,25,reality,US,7.2,350.0,1.884,7.7
tm1124066,Carlos Ballarta: False Prophet,MOVIE,2021,63,comedy,MX,6.7,132.0,3.738,5.2
tm1171107,Surviving Paradise: A Family Tale,MOVIE,2022,78,documentation,"GB, US",7.5,612.0,47.257,6.6
tm1104252,Escape the Undertaker,MOVIE,2021,31,"thriller, family, horror, comedy",US,4.2,926.0,54.755,5.1
ts308053,Jailbirds New Orleans,SHOW,2021,41,"documentation, reality",US,6.6,214.0,1.96,7.0
tm1038364,Ghost Lab,MOVIE,2021,117,"thriller, drama, horror, scifi",TH,5.1,1424.0,50.322,6.5
ts316882,Reasonable Doubt: A Tale of Two Kidnappings,SHOW,2021,47,"crime, documentation",MX,7.6,195.0,3.497,7.0
tm998238,The Humans & the Mongoose,MOVIE,2021,120,"comedy, fantasy, horror",EG,5.4,995.0,3.781,5.0
tm1064988,Zero to Hero,MOVIE,2021,103,"drama, sport",HK,6.7,842.0,4.779,7.4
tm1119172,Puff: Wonders of the Reef,MOVIE,2021,59,"documentation, family","AU, US",7.1,796.0,20.188,7.8
tm1095880,You vs. Wild: Out Cold,MOVIE,2021,25,action,US,5.4,309.0,3.864,6.1
tm1118234,Lords of Scam,MOVIE,2021,105,"documentation, crime",FR,6.3,641.0,9.583,6.7
ts286386,The Big Day,SHOW,2021,43,"reality, romance",US,4.7,332.0,1.92,6.0
ts319303,He's Expecting,SHOW,2022,26,"drama, comedy, romance, fantasy",JP,2.0,3019.0,11.314,4.0
tm1119015,Love Like the Falling Petals,MOVIE,2022,128,"drama, romance",JP,6.3,424.0,132.561,8.0
tm1106900,A World Without,MOVIE,2021,106,"thriller, drama, scifi",ID,3.8,357.0,8.186,4.5
ts314963,The Fastest,SHOW,2021,35,reality,,5.6,83.0,1.6,6.0
ts285470,Pet Stars,SHOW,2021,27,"reality, family",US,4.9,118.0,1.63,8.7
tm1024535,The Guardian,MOVIE,2021,127,"drama, horror, music, thriller, crime",VN,5.7,347.0,2.932,4.9
tm958688,Love Me Instead,MOVIE,2021,124,drama,TR,7.0,2592.0,14.629,6.7
tm1054462,The Land,MOVIE,2021,103,"comedy, drama, crime",PL,6.1,473.0,1.627,5.6
ts282876,"Nevenka, Breaking The Silence",SHOW,2021,38,"documentation, crime",ES,6.9,674.0,1.159,8.0
tm1107850,Sharkdog’s Fintastic Halloween,MOVIE,2021,24,"animation, fantasy, family, comedy",,6.5,37.0,37.687,3.4
ts285106,Under Suspicion: Uncovering the Wesphael Case,SHOW,2021,36,"crime, documentation",,6.3,746.0,1.684,7.8
tm1111616,David and the Elves,MOVIE,2021,106,"fantasy, comedy, family",PL,5.2,695.0,51.053,6.1
tm1091284,Ankahi Kahaniya,MOVIE,2021,110,"drama, romance",IN,5.5,876.0,5.641,6.5
tm1172600,11M,MOVIE,2022,92,documentation,ES,7.0,1868.0,24.139,6.16
tm1068632,Bartkowiak,MOVIE,2021,91,"action, thriller, crime, sport",PL,5.1,1205.0,62.624,6.2
ts285874,Magic for Humans Spain,SHOW,2021,23,"reality, comedy",ES,6.0,81.0,1.119,4.2
tm1045603,The House of Flowers: The Movie,MOVIE,2021,86,"drama, comedy",MX,5.5,851.0,34.004,8.0
tm1179176,"Michela Giraud: The Truth, I Swear!",MOVIE,2022,60,"comedy, documentation",IT,5.5,68.0,3.737,5.1
ts307816,냉면 랩소디,SHOW,2021,49,documentation,KR,7.5,25.0,1.765,4.0
tm1131374,Carolin Kebekus: The Last Christmas Special,MOVIE,2021,66,comedy,,4.7,98.0,1.925,5.5
tm996010,Still Out of My League,MOVIE,2021,113,"romance, comedy, drama",IT,5.5,810.0,50.814,6.7
tm1141663,Cem Yılmaz: Diamond Elite Platinum Plus,MOVIE,2021,94,comedy,TR,6.6,7921.0,2.736,5.8
tm1036797,Sardar Ka Grandson,MOVIE,2021,140,"comedy, drama, romance",IN,4.2,4539.0,5.578,7.3
tm1027177,Sarbath,MOVIE,2021,112,"romance, drama, comedy",IN,5.6,266.0,1.951,5.6
tm1029279,Dolly Parton: A MusiCares Tribute,MOVIE,2021,55,"music, documentation",US,6.6,234.0,5.064,7.0
ts289982,Bangkok Breaking,SHOW,2021,60,"thriller, action, crime, drama",TH,5.8,294.0,28.627,7.0
tm988879,Tony Parker: The Final Shot,MOVIE,2021,98,"documentation, sport",FR,6.8,1400.0,7.313,7.2
tm1033635,Sisters on Track,MOVIE,2021,96,"documentation, sport",US,5.8,199.0,7.433,7.1
tm1115392,Shyam Singha Roy,MOVIE,2021,155,"drama, romance, thriller, horror",IN,7.7,11655.0,6.084,7.3
ts317709,Kayko and Kokosh,SHOW,2021,15,"animation, comedy, fantasy, action",PL,6.3,324.0,3.432,6.7
tm1076198,Blue Dream: The Road to Wembley,MOVIE,2021,61,"documentation, sport",IT,7.1,792.0,4.84,7.9
tm1064193,Private Network: Who Killed Manuel Buendía?,MOVIE,2021,100,"history, documentation, crime",MX,6.8,224.0,2.804,7.3
tm1159947,Mo Gilligan: There's Mo to Life,MOVIE,2022,65,comedy,,5.8,236.0,1.986,6.2
ts283284,Navarasa,SHOW,2021,34,drama,IN,5.8,3522.0,3.418,6.6
tm1120636,Johnny Test's Ultimate Meatloaf Quest,MOVIE,2021,20,"animation, family",US,7.1,26.0,4.274,2.5
tm1029314,Have You Ever Seen Fireflies?,MOVIE,2021,113,"drama, comedy",TR,6.1,5024.0,4.109,6.9
tm1130275,Mo Amer: Mohammed in Texas,MOVIE,2021,64,comedy,US,6.5,652.0,2.831,4.3
tm1150727,Kapil Sharma: I'm Not Done Yet,MOVIE,2022,54,comedy,IN,6.9,3950.0,2.109,7.8
tm1111559,Grumpy Christmas,MOVIE,2021,87,comedy,MX,4.4,355.0,32.532,7.6
tm1146635,Daiki Tsuneta: Tokyo Chaotic,MOVIE,2021,89,"documentation, music",JP,7.5,19.0,1.853,7.0
tm1121098,Will You Marry?,MOVIE,2021,86,"romance, drama",PH,4.9,58.0,1.304,5.0
tm1119331,Haroun,MOVIE,2021,76,comedy,FR,6.3,68.0,2.093,6.8
ts274575,How to Be A Cowboy,SHOW,2021,25,reality,US,6.9,151.0,0.856,10.0
tm965758,Brother in Love 2,MOVIE,2021,118,comedy,TR,6.5,2328.0,2.537,6.5
ts284885,Abla Fahita: Drama Queen,SHOW,2021,25,"drama, comedy, crime",EG,6.5,446.0,1.4,8.5
tm1120766,Angèle,MOVIE,2021,84,"documentation, music","FR, BE",7.0,518.0,4.432,7.1
tm1091823,Boomika,MOVIE,2021,122,"thriller, horror",IN,5.5,2553.0,1.945,7.2
ts341760,Byron Baes,SHOW,2022,39,reality,AU,2.6,498.0,1.658,6.0
tm1068777,Bankrolled,MOVIE,2021,97,comedy,MX,4.0,312.0,20.242,5.9
tm988801,June & Kopi,MOVIE,2021,90,"drama, comedy, family",ID,6.3,554.0,2.766,7.0
tm1160938,Adam by Eve: A Live in Animation,MOVIE,2022,58,"drama, animation, music",JP,6.1,378.0,3.828,6.3
tm998544,Here and There,MOVIE,2021,98,"drama, romance",PH,6.7,52.0,0.933,4.7
tm1004011,Time to Dance,MOVIE,2021,2,"romance, drama",IN,2.2,963.0,1.043,4.0
tm1131895,Love Is Color Blind,MOVIE,2021,115,"comedy, romance",PH,6.1,661.0,1.829,8.0
ts317423,Love Never Lies,SHOW,2021,49,reality,ES,5.6,250.0,4.323,6.6
tm1025616,Loyiso Gola: Unlearning,MOVIE,2021,60,comedy,,5.9,206.0,1.884,7.5
tm1018592,A Perfect Fit,MOVIE,2021,112,"comedy, drama, romance",ID,5.3,585.0,23.724,7.3
tm863829,Ali & Ratu Ratu Queens,MOVIE,2021,100,"drama, comedy",ID,7.0,1233.0,1.801,7.1
tm1106888,Meeting Point,MOVIE,2021,90,drama,TR,4.2,469.0,1.443,2.0
tm1141346,StarBeam: Beaming in the New Year,MOVIE,2021,47,"animation, family, scifi",,5.5,36.0,1.532,10.0
tm1045883,Trippin’ with the Kandasamys,MOVIE,2021,93,"romance, comedy",ZA,4.9,376.0,17.846,6.8
tm1147041,Chief Daddy 2: Going for Broke,MOVIE,2021,112,comedy,NG,3.0,144.0,74.519,5.7
ts285471,The Wedding Coach,SHOW,2021,33,"comedy, reality",US,5.0,87.0,1.525,10.0
ts325991,Only Jokes Allowed,SHOW,2022,16,comedy,ZA,4.9,45.0,1.629,10.0
tm987730,Tribhanga,MOVIE,2021,95,"drama, family",IN,6.2,2922.0,4.294,7.0
tm1038025,Slay,MOVIE,2021,93,"romance, comedy",ZA,3.2,103.0,1.676,6.0
tm986017,Gatao: The Last Stray,MOVIE,2021,120,"action, crime, drama, romance",TW,5.9,266.0,3.141,4.9
tm988613,Madam Chief Minister,MOVIE,2021,123,drama,IN,4.8,1769.0,2.301,6.7
tm1080697,Binti,MOVIE,2021,99,drama,"TZ, GB",5.6,122.0,1.921,9.0
tm1099320,Convergence: Courage in a Crisis,MOVIE,2021,113,documentation,"GB, US",5.4,262.0,6.589,5.2
tm982470,Stuck Apart,MOVIE,2021,96,"comedy, drama",TR,6.0,10515.0,7.403,6.2
ts270616,We Are: The Brooklyn Saints,SHOW,2021,47,"documentation, sport",US,6.5,162.0,2.523,10.0
tm1204412,"Let's Tie the Knot, Honey!",MOVIE,2022,99,"comedy, romance",PE,4.4,26.0,120.14,2.0
tm1049317,Upcoming Summer,MOVIE,2021,115,drama,CN,6.7,486.0,3.257,6.2
tm1201341,"Rodrigo Sant'anna: I'm Here, I'm Queer!",MOVIE,2022,63,comedy,BR,2.6,29.0,2.378,7.5
tm1110212,Little Big Mouth,MOVIE,2021,94,"comedy, music, romance",ZA,3.9,178.0,17.707,5.2
tm1122095,A Naija Christmas,MOVIE,2021,121,"comedy, drama, romance",NG,4.7,342.0,18.261,7.0
tm994923,"Our Lady of San Juan, Four Centuries of Miracles",MOVIE,2021,122,"drama, history",MX,6.2,82.0,8.236,7.8
tm1183575,Celeb Five: Behind the Curtain,MOVIE,2022,55,"comedy, documentation",KR,4.7,29.0,1.674,5.0
tm1026043,Just in Time,MOVIE,2021,91,"comedy, drama, family",KE,6.9,46.0,1.219,10.0
tm1121084,Izla,MOVIE,2021,85,"horror, comedy",PH,3.7,115.0,2.356,5.3
tm1082795,Lokillo: Nothing's the Same,MOVIE,2021,64,comedy,CO,4.7,53.0,34.522,7.6
tm1063339,Lee Su-geun: The Sense Coach,MOVIE,2021,45,comedy,KR,4.1,38.0,1.058,3.5
tm1037800,Soy Rada: Serendipity,MOVIE,2021,70,"comedy, drama",AR,6.2,78.0,7.514,4.5
tm918777,Geez & Ann,MOVIE,2021,105,"drama, romance",ID,5.0,290.0,3.238,7.2
tm1020293,Dearest Boy,MOVIE,2021,91,"comedy, drama",SA,6.0,276.0,1.55,6.0
ts287729,Alma Matters: Inside the IIT Dream,SHOW,2021,49,"documentation, drama",IN,8.3,2346.0,1.493,9.0
tm851599,Tersanjung: The Movie,MOVIE,2021,114,"drama, romance",ID,5.8,216.0,2.747,8.2
tm1110241,Kaaval,MOVIE,2021,148,"thriller, action, drama",IN,5.1,1497.0,1.978,5.3
tm993616,The Tambour of Retribution,MOVIE,2021,92,drama,SA,6.8,1007.0,1.971,7.5
tm831387,What Happened to Mr Cha?,MOVIE,2021,102,"comedy, drama",KR,4.3,357.0,9.066,6.9
tm878575,The Heartbreak Club,MOVIE,2021,101,"comedy, drama, romance",ID,6.3,196.0,1.401,8.0
tm1099969,Angeliena,MOVIE,2021,95,"comedy, drama, family",ZA,7.3,1164.0,3.827,6.0
tm846586,Layla Majnun,MOVIE,2021,119,"romance, drama",ID,6.0,277.0,2.727,7.5
ts273317,Pitta Kathalu,SHOW,2021,37,"drama, romance",IN,5.1,738.0,1.4,5.5
tm996479,Tuesdays And Fridays,MOVIE,2021,106,"romance, comedy","GB, IN",4.4,792.0,1.589,5.3
tm1091956,A Faraway Land,MOVIE,2021,101,drama,"PH, FO",5.0,136.0,1.748,6.7
tm985747,I Missed You,MOVIE,2021,96,"drama, romance",TW,5.7,250.0,2.451,6.3
tm959213,My Amanda,MOVIE,2021,89,"drama, romance",PH,5.7,308.0,2.908,5.7
tm1053409,Happiness Ever After,MOVIE,2021,99,"drama, romance",ZA,4.2,163.0,11.536,7.3
tm1066324,Super Monsters: Once Upon a Rhyme,MOVIE,2021,25,"animation, family",,5.6,38.0,53.762,6.3
tm1097142,My Bride,MOVIE,2021,93,"romance, comedy, drama",EG,5.0,327.0,2.545,5.3
tm1059008,Lokillo,MOVIE,2021,90,comedy,CO,3.8,68.0,26.005,6.3
ts271048,Mighty Little Bheem: Kite Festival,SHOW,2021,7,"family, animation, comedy",,7.8,18.0,2.289,10.0
